formula_id,months,geo,cum,pos,dd,ge7,min,max
F02262,60,0.029039278804729878,4.570794465525051,0.5666666666666667,-0.2977089911748021,15,-0.11694601757720872,0.5058998397530718
F01398,60,0.02763481767227638,4.132496005666963,0.5333333333333333,-0.21264794439575407,15,-0.08996681351375077,0.5019761083836602
F00632,60,0.027549874204732327,4.1071030974282845,0.4666666666666667,-0.1426722179277956,11,-0.059857423950047894,0.44175669893954056
F02705,60,0.027473027877385914,4.084237198720011,0.5333333333333333,-0.2650996118276574,18,-0.10189235215877226,0.4051104259615675
F01329,60,0.027341423357355645,4.04531141185753,0.5833333333333334,-0.31063001334391427,13,-0.10063541733389973,0.4945229865041548
F03616,60,0.027281820265186416,4.027778658493807,0.6,-0.29713736542886193,17,-0.08625263303787001,0.36476098418775144
F03003,60,0.027129233627499413,3.983166563180852,0.5333333333333333,-0.1934543551195318,9,-0.06279151550123348,0.4510366775201277
F04545,60,0.027120748294854287,3.980697145232404,0.5666666666666667,-0.24793832894662615,16,-0.09312572488533304,0.39651833523333335
F04242,60,0.02696801211422926,3.936452780006011,0.55,-0.270978955465355,14,-0.11324665340197629,0.5605281443127271
F01890,60,0.026750507742273714,3.874112819310528,0.55,-0.31283499524431346,14,-0.12215545715336097,0.5681831650942404
F01676,60,0.02674397257139069,3.872251772457992,0.5,-0.15903110961737454,10,-0.06668551167697041,0.44464269914270804
F00084,60,0.026652911101040806,3.846392418654877,0.5333333333333333,-0.21932736460289004,12,-0.09824629616424949,0.5292090325631024
F02800,60,0.026616101492473825,3.8359776864215123,0.5333333333333333,-0.19749612735502942,15,-0.0909976888188023,0.46833930331418583
F03512,60,0.026196460810915406,3.71879108816079,0.45,-0.141480054943236,10,-0.0691536704886533,0.4467395958730978
F01452,60,0.025671415953505864,3.5760962430844883,0.5,-0.1639651331283487,10,-0.057486771231537045,0.5216884986344589
F03309,60,0.02554148313823585,3.541443713369091,0.5833333333333334,-0.2725381069844375,14,-0.1103576366492283,0.49383523342607416
F03100,60,0.024598068981497283,3.297461381285017,0.43333333333333335,-0.31763367185406033,12,-0.06146660081146855,0.5000467095343354
F01686,60,0.024400962284348744,3.2481384805155997,0.6,-0.22694347222816091,11,-0.08336289156739544,0.4675916385540708
F04204,60,0.024295022855261313,3.221859212687499,0.5,-0.14550054523962275,9,-0.0367243011259013,0.45885404539759667
F00466,60,0.024248735267849927,3.2104273856916157,0.6,-0.27738955269867116,12,-0.08124615535041599,0.4710087738992156
F02283,60,0.02421425721639883,3.201931991966439,0.5333333333333333,-0.2780594040337059,16,-0.11221536916170977,0.4358232151561011
F01197,60,0.024172014061000502,3.19154625086441,0.5833333333333334,-0.25706124582479073,11,-0.1347533122923115,0.49869440849300517
F02681,60,0.024156286034221555,3.1876858703425492,0.5333333333333333,-0.1926071537687064,12,-0.09479090483708846,0.42761838442011624
F00486,60,0.023990045814510693,3.147096045150386,0.5333333333333333,-0.23960916528256804,13,-0.09109509369899599,0.4242412422089845
F04842,60,0.023848583236564518,3.1128608834004377,0.5333333333333333,-0.13235043107909994,11,-0.07326393626379354,0.47269691443213496
F03873,60,0.02384409739646966,3.1117798298845285,0.5666666666666667,-0.23110400852748436,10,-0.0920762301975912,0.3195830541476629
F02104,60,0.023765682385707056,3.0929274757081267,0.5833333333333334,-0.28223252334338156,13,-0.10952493401598637,0.48990644756153234
F02914,60,0.023573718391188152,3.047133928570693,0.5,-0.27029108204152996,11,-0.06883635092656035,0.4964763592551801
F00670,60,0.023566199209784436,3.04535049822759,0.4666666666666667,-0.1678532026689028,10,-0.07348419331793332,0.4757069883118289
F01642,60,0.02326483668635245,2.9745047589243967,0.5166666666666667,-0.2997260221595043,11,-0.07696961195293345,0.4139657269645502
F02885,60,0.02320552515884579,2.960705907978496,0.6,-0.29579319633288526,14,-0.12382977957402876,0.577141820909728
F02391,60,0.023164287329021652,2.9511396844778317,0.55,-0.2783573968408043,15,-0.1334113197090424,0.6139084072704715
F01936,60,0.022992025145548774,2.9114239252109666,0.5666666666666667,-0.2841109740793485,13,-0.08559919567284063,0.487270805721515
F03891,60,0.022950468004470346,2.9019016835548808,0.5166666666666667,-0.34525497106178105,13,-0.12608886250002913,0.6100437481622761
F02570,60,0.022936733221828865,2.8987595636716312,0.5666666666666667,-0.3264785757206685,14,-0.13677104627057216,0.602082405787657
F02204,60,0.022641935203873267,2.8319149845404055,0.6166666666666667,-0.25291613068000174,9,-0.08515030422941557,0.46104716560018727
F03110,60,0.02263133344474114,2.829532178798329,0.6166666666666667,-0.2580996103139125,13,-0.07065361892728388,0.45024328486158754
F02135,60,0.02257301330992835,2.8164504258087493,0.5333333333333333,-0.35343018260725445,14,-0.12770194625057968,0.5313992840001478
F00683,60,0.02253987398888539,2.809036554922778,0.55,-0.20173314462309566,9,-0.11413600074996626,0.4978206014929347
F04442,60,0.022522113525695296,2.805069045942428,0.6,-0.21880687501430385,9,-0.09164176316136294,0.4402871079669256
F00037,60,0.022492901108015186,2.7985521225509036,0.6166666666666667,-0.32747818227654113,14,-0.18160866090447825,0.5395252016166721
F00121,60,0.022492901108015186,2.7985521225509036,0.6166666666666667,-0.32747818227654113,14,-0.18160866090447825,0.5395252016166721
F00541,60,0.022492901108015186,2.7985521225509036,0.6166666666666667,-0.32747818227654113,14,-0.18160866090447825,0.5395252016166721
F00949,60,0.022492901108015186,2.7985521225509036,0.6166666666666667,-0.32747818227654113,14,-0.18160866090447825,0.5395252016166721
F02041,60,0.022492901108015186,2.7985521225509036,0.6166666666666667,-0.32747818227654113,14,-0.18160866090447825,0.5395252016166721
F02173,60,0.022492901108015186,2.7985521225509036,0.6166666666666667,-0.32747818227654113,14,-0.18160866090447825,0.5395252016166721
F02473,60,0.022492901108015186,2.7985521225509036,0.6166666666666667,-0.32747818227654113,14,-0.18160866090447825,0.5395252016166721
F03061,60,0.022492901108015186,2.7985521225509036,0.6166666666666667,-0.32747818227654113,14,-0.18160866090447825,0.5395252016166721
F03589,60,0.022492901108015186,2.7985521225509036,0.6166666666666667,-0.32747818227654113,14,-0.18160866090447825,0.5395252016166721
F03673,60,0.022492901108015186,2.7985521225509036,0.6166666666666667,-0.32747818227654113,14,-0.18160866090447825,0.5395252016166721
F03919,60,0.022492901108015186,2.7985521225509036,0.6166666666666667,-0.32747818227654113,14,-0.18160866090447825,0.5395252016166721
F03985,60,0.022492901108015186,2.7985521225509036,0.6166666666666667,-0.32747818227654113,14,-0.18160866090447825,0.5395252016166721
F04135,60,0.022492901108015186,2.7985521225509036,0.6166666666666667,-0.32747818227654113,14,-0.18160866090447825,0.5395252016166721
F04861,60,0.022492901108015186,2.7985521225509036,0.6166666666666667,-0.32747818227654113,14,-0.18160866090447825,0.5395252016166721
F03429,60,0.022283179091454587,2.7520869292287196,0.5666666666666667,-0.34498515400982466,14,-0.153370582762494,0.5772305107711131
F04874,60,0.02220028322061992,2.733875361836384,0.6166666666666667,-0.21295137405341258,8,-0.08970647629541494,0.4483969448415808
F04892,60,0.022171368548223522,2.7275435063670037,0.6,-0.2451648605489063,12,-0.07890524359066657,0.45024328486158754
F03350,60,0.022121065421298186,2.716553071043139,0.55,-0.230329774636727,12,-0.13884447096783456,0.47110050863096214
F04400,60,0.022116616973243138,2.7155826906425418,0.6333333333333333,-0.2924906798131084,14,-0.11794860708502077,0.2805812126095938
F04941,60,0.02210667309134876,2.7134144421441255,0.5833333333333334,-0.2963154053692906,10,-0.1402611161128599,0.36759137621633653
F02684,60,0.022083486678171314,2.7083635113559503,0.6,-0.21982909267468942,8,-0.08910330297100094,0.4374571677717085
F03105,60,0.022033759331942765,2.6975536711534294,0.5833333333333334,-0.31869361394864715,13,-0.1548398090674776,0.44762081155726263
F03190,60,0.022008947952531183,2.69217171175031,0.5666666666666667,-0.3399606344169107,14,-0.14984976348974766,0.46092285869553334
F01900,60,0.02200556443419153,2.6914383731198455,0.6,-0.21278408004794935,10,-0.08250655527441345,0.46658587163690446
F03176,60,0.022003070769563277,2.690897991712929,0.6333333333333333,-0.3519375103780864,11,-0.11338508440804462,0.5247928235920013
F00246,60,0.021977214526649202,2.685299482223558,0.5166666666666667,-0.20170255023129247,7,-0.04906916827485436,0.4805958629223885
F04061,60,0.021915672491690685,2.672007694794889,0.5666666666666667,-0.3093884997896301,16,-0.12171427160084997,0.5318475965217637
F00892,60,0.021896995776105446,2.6679832483774955,0.5333333333333333,-0.35689680142468305,15,-0.1951341612985657,0.5332600068097018
F01420,60,0.02189185214085353,2.6668756631604547,0.5,-0.37270427996471434,9,-0.11227688452700832,0.44414372178514655
F01109,60,0.021884757602288828,2.665348527182376,0.55,-0.16338648943638456,10,-0.06800139914388939,0.4586039618690918
F00290,60,0.021848168146369862,2.6574823830579333,0.6,-0.21675134332916812,7,-0.07405493900084162,0.5080441889248698
F04598,60,0.02182609665970796,2.6527453980549525,0.55,-0.2775399569147271,10,-0.1277923585909523,0.4664257897368873
F02214,60,0.02179800692722625,2.6467255002285697,0.55,-0.36717609498769377,17,-0.13711615603095825,0.4979655476088932
F02540,60,0.021747238145559657,2.6358700059833513,0.5333333333333333,-0.3511233335093348,11,-0.1504792501885975,0.47126899279716344
F04866,60,0.021733497432225257,2.6329374040239446,0.5666666666666667,-0.3499458273956909,14,-0.15488724194725725,0.46088645188000776
F02828,60,0.021684234927733727,2.6224426939174936,0.55,-0.34443743926681825,13,-0.13747798867348962,0.5828982619936024
F01424,60,0.021676986322487584,2.62090099474881,0.5,-0.14119383796089946,9,-0.07756253405405306,0.4514271856433135
F03071,60,0.021631453966801342,2.611231505012686,0.6166666666666667,-0.28775196391396984,10,-0.08205356200011449,0.3382643724491811
F03995,60,0.0214961506883968,2.582647379158176,0.55,-0.29610148143050397,10,-0.07772445353095686,0.42383096526564645
F01560,60,0.021468344600722073,2.5768006932166485,0.5666666666666667,-0.28540299089789145,15,-0.11925172930399776,0.51925689719979
F04610,60,0.021453909499605038,2.5737691771792455,0.6166666666666667,-0.20264533722914568,7,-0.09313928389412757,0.46446703493933206
F00831,60,0.021358425895227472,2.553780195061225,0.5666666666666667,-0.3185167849701154,15,-0.14411683897849675,0.5109917003324576
F01307,60,0.021353720056392866,2.5527979006825254,0.6166666666666667,-0.2657290815031401,11,-0.09102708508441473,0.4368622364268634
F04938,60,0.021288934443428466,2.5393016937780084,0.5666666666666667,-0.33612701039001713,13,-0.13147822636728151,0.5070642177984958
F00840,60,0.021279245522409417,2.537287625983599,0.5833333333333334,-0.312728688618519,12,-0.08478379680825587,0.3841794676690041
F04164,60,0.021246258862293817,2.530439027321218,0.55,-0.3113884306964694,13,-0.12219241117893208,0.5371272786012536
F02640,60,0.0212358899407399,2.5282889553266377,0.6,-0.3332221059787175,10,-0.12073024915728439,0.44581175593983685
F01343,60,0.021226104864694232,2.526261128890205,0.5,-0.3653822199743102,17,-0.11427213551817504,0.4545885247477063
F00604,60,0.021197967831444085,2.5204364877889183,0.55,-0.3148435595272554,12,-0.11412480877787445,0.5134968896508392
F03741,60,0.021186857612812814,2.518139170143523,0.5833333333333334,-0.2543582722165626,10,-0.11064477247714548,0.49913602483422675
F02724,60,0.021165350845304378,2.513696292082658,0.5833333333333334,-0.31208889436437703,11,-0.13237285480268624,0.5445855020030779
F00168,60,0.021162498357424696,2.513107438365519,0.5166666666666667,-0.22542544441023804,7,-0.07160047424124776,0.4153707967395
F01547,60,0.02111578982345357,2.503478948657963,0.5333333333333333,-0.26199126787199956,9,-0.08608030362656707,0.4705069777570516
F04337,60,0.021092271359996008,2.498640683499085,0.5,-0.33685512063271517,11,-0.14125804489736637,0.5810453000790594
F01816,60,0.021068387025757817,2.493733875124773,0.5666666666666667,-0.2598852295405567,9,-0.11077538640401799,0.5341587288700156
F00521,60,0.02103560320555646,2.487009769745406,0.5666666666666667,-0.31146051459439006,12,-0.11620809991231336,0.5105171088129579
F00760,60,0.020936116192743708,2.4666823553858395,0.5,-0.29365015902073066,14,-0.12433846066934649,0.4974777554705365
F00416,60,0.02093449925052751,2.466352942228142,0.6166666666666667,-0.31868009458513746,11,-0.13559772256278127,0.47960232412360626
F00491,60,0.020928837334856527,2.4651997054126884,0.5833333333333334,-0.3185092170002204,15,-0.14351387051158768,0.5191595832303416
F01791,60,0.020916069228790548,2.4626004418941614,0.55,-0.3689828455239754,13,-0.13184942460967722,0.4833143643673735
F02414,60,0.020898717390434664,2.459071119358214,0.6,-0.2221222437259608,10,-0.07890524359066656,0.4702287070455435
F03197,60,0.02087339157543272,2.453926257414333,0.5833333333333334,-0.3335784344809324,15,-0.1344872065138171,0.6209595909621353
F04431,60,0.02084089762719311,2.447336230618145,0.5666666666666667,-0.2794713600644644,12,-0.09691485211439521,0.5428014999534594
F04498,60,0.020835020103882478,2.4461455441119924,0.5833333333333334,-0.2615227378555589,12,-0.10505809304876233,0.5218869922174894
F04378,60,0.020804455783591264,2.439960247769116,0.5666666666666667,-0.27010814735195343,12,-0.09242543835003636,0.48267320177986694
F02759,60,0.020792862440748332,2.4376169617531374,0.5666666666666667,-0.279430578295909,15,-0.12469546488393526,0.48216599063779025
F02847,60,0.020769822061700943,2.432964620261805,0.5166666666666667,-0.36162448642062817,14,-0.13542226626743586,0.5834639976158994
F03154,60,0.020730146237264716,2.424967735586419,0.5333333333333333,-0.2925622315888,13,-0.14607487798262894,0.42011279815178937
F02694,60,0.020682946321543164,2.4154781835209915,0.5666666666666667,-0.38324610748907517,9,-0.12504489761489174,0.5105014585159231
F04096,60,0.020623977653676823,2.403658843102281,0.5166666666666667,-0.33458007230446707,13,-0.17035831598708928,0.5182564819557159
F03323,60,0.02061549812136907,2.4019625653426893,0.6333333333333333,-0.21961533460315574,8,-0.11321801163542138,0.23708997459321268
F03752,60,0.020575680547854077,2.394008417191306,0.6,-0.21743729286673574,9,-0.08857670097488898,0.4374571677717085
F00434,60,0.02052587593291617,2.3840849495047025,0.55,-0.3142359011719249,14,-0.12786516225838812,0.49879499754092027
F04853,60,0.0204866146812147,2.3762823407942952,0.5333333333333333,-0.3458284986415431,15,-0.12092027376933684,0.5352220181058603
F03622,60,0.020481316019551495,2.3752306638238045,0.5666666666666667,-0.27906927450977814,9,-0.09171870300585343,0.4160131779936126
F03575,60,0.02046387258224245,2.37177077023481,0.6,-0.27096983790788,11,-0.09892606296056584,0.43975399188031206
F02552,60,0.020463106059988818,2.3716188111035246,0.6,-0.19212710267715372,9,-0.11430531885453207,0.3422587022061295
F00065,60,0.020419008243425345,2.3628879723245833,0.5666666666666667,-0.268444788449952,11,-0.11288746319481843,0.5105287325004608
F01464,60,0.020402344827440775,2.359594606703855,0.55,-0.3045834413620053,13,-0.10901104806346228,0.5445467444007215
F01497,60,0.020398844904346982,2.3589032833366557,0.5833333333333334,-0.45920479911126577,14,-0.22104148350552852,0.4573198455982905
F04882,60,0.02037369244291575,2.3539391491222728,0.6166666666666667,-0.34387724064825076,12,-0.1308462146812809,0.3332467427679414
F02412,60,0.020336387979164792,2.3465899558986902,0.5166666666666667,-0.41641476495180896,11,-0.14376304773847198,0.6310254385949121
F02174,60,0.020315477704308152,2.342477440015402,0.5333333333333333,-0.4049879079227926,15,-0.16752173765861636,0.61977518151587
F00452,60,0.02028651494652283,2.336789414363196,0.55,-0.36895834968236463,17,-0.15144184972063982,0.5367112219022167
F01274,60,0.02028192805503187,2.335889463551356,0.55,-0.3497930118906274,13,-0.14916321928029888,0.5611161152045323
F02548,60,0.020219190011846713,2.323604154202936,0.5833333333333334,-0.30081242680950937,9,-0.0929816642302269,0.47535279076627684
F03480,60,0.020202084847701668,2.3202623614331763,0.6,-0.1653467173303863,9,-0.06786203007551338,0.4829874440116758
F00834,60,0.020182482065201707,2.3164366781136554,0.5333333333333333,-0.2840264301477804,16,-0.0951369013719212,0.4852200989008898
F01454,60,0.020147792608923375,2.3096772956509755,0.5333333333333333,-0.34001013945862224,15,-0.12284034318541265,0.5301449285614189
F02280,60,0.02014702444924846,2.309527770012779,0.65,-0.34086737339076134,12,-0.140524771443796,0.5084000461632507
F00836,60,0.020138733431711502,2.3079143099265425,0.5666666666666667,-0.2999940885842438,13,-0.12281332249438634,0.47934990833712077
F01158,60,0.020138605389241518,2.3078893984942073,0.43333333333333335,-0.24800960137417993,10,-0.05933711794570416,0.47361861497495017
F02496,60,0.020119628029635777,2.3041992782099086,0.5333333333333333,-0.2887398256146195,14,-0.12189493201895779,0.5352053457589793
F01421,60,0.020108119542203248,2.301963441416949,0.55,-0.14691760329342995,7,-0.09523784411039347,0.3634131224544731
F02409,60,0.020085715676440866,2.297615147185918,0.5333333333333333,-0.2936775701540366,10,-0.12353852232831822,0.3916251638093092
F01568,60,0.020083516352173723,2.2971885910458503,0.5666666666666667,-0.3069012435707883,15,-0.1258980396274879,0.5851876600199726
F02186,60,0.020019398203469613,2.284776777959744,0.5833333333333334,-0.3293818568194369,11,-0.12726290264653536,0.3789946720346177
F04540,60,0.020005087300647713,2.2820127910813284,0.48333333333333334,-0.4035574789020626,10,-0.0691953700137865,0.38138800543740853
F04001,60,0.01997919420497572,2.277017647597743,0.5833333333333334,-0.27213093459890914,11,-0.10366043935077364,0.478148129801017
F04912,60,0.019942466215859062,2.2699451205948282,0.4666666666666667,-0.4131883090641887,11,-0.10423220083622241,0.40420623304421244
F00058,60,0.01991852853273712,2.2653436410025334,0.5666666666666667,-0.2711580636963953,9,-0.09781833298597636,0.45314895829916274
F00839,60,0.019909941574067766,2.2636945441100518,0.5666666666666667,-0.44850042272456236,9,-0.22104148350552852,0.500159566249471
F00274,60,0.019906252399256634,2.2629863018707552,0.5666666666666667,-0.17220696892202014,10,-0.12446625940517911,0.36208610038000677
F03050,60,0.019901286882334997,2.262033267991806,0.5333333333333333,-0.26897510028269034,12,-0.12827714844353977,0.5103803049938705
F03392,60,0.019869674791153615,2.255972360191673,0.5666666666666667,-0.2799613438215093,9,-0.13436991243423455,0.4770523568429091
F00284,60,0.019869539977479537,2.255946536428357,0.5666666666666667,-0.3371106544909147,10,-0.13327003623270078,0.47960232412360637
F03107,60,0.01986847195472236,2.255741962170455,0.5,-0.4959263991743095,17,-0.17627090999089678,0.5491972815760082
F03704,60,0.019859681139139315,2.254058606819723,0.5666666666666667,-0.35098396672573773,14,-0.1329462760579791,0.593890979096956
F01024,60,0.019844945399054133,2.251238776021836,0.55,-0.3268674484478299,8,-0.10757442729301005,0.4812605632639386
F03992,60,0.01980348135059315,2.2433171035605945,0.5833333333333334,-0.313092537720437,13,-0.1265765884458109,0.5687429249279663
F03401,60,0.01977876112230498,2.23860335810871,0.5666666666666667,-0.21314929195594068,8,-0.10379892512629987,0.4271547760613442
F02942,60,0.019771034732459624,2.237131443546404,0.6333333333333333,-0.28121759738216334,9,-0.09614708209972855,0.4108541727241415
F02622,60,0.019770537229643982,2.2370366894040234,0.5833333333333334,-0.26910730976095887,14,-0.0989618550788604,0.3406368091020099
F04349,60,0.01972129550366314,2.2276716161872474,0.5333333333333333,-0.32381123017736646,14,-0.1547669355704482,0.4888602041501592
F03537,60,0.019703089435710693,2.2242158325568013,0.5666666666666667,-0.2108834628832693,10,-0.08314313240588513,0.4424487149790916
F04199,60,0.019700968087746316,2.2238134057704775,0.6,-0.38208629053361765,13,-0.13561828268655923,0.5792472263792234
F03293,60,0.01967225958999487,2.218372162644574,0.48333333333333334,-0.3607910252560801,11,-0.10493658749389671,0.45341366221773527
F03242,60,0.019656526528371538,2.215394040619105,0.5666666666666667,-0.33291425064648017,13,-0.10628019190776172,0.35904470108717174
F01934,60,0.01963829603245249,2.2119465666928715,0.6333333333333333,-0.20295402883876934,8,-0.09212769484116601,0.4616476560594554
F01694,60,0.019634912240353426,2.2113070754830177,0.55,-0.2984623693423798,14,-0.11319707157887397,0.3175197225931555
F02793,60,0.019603516884003563,2.2053797417572967,0.5333333333333333,-0.35333330140349506,16,-0.1565420336439645,0.4520770210421051
F01430,60,0.019574858898464116,2.199978606899747,0.5666666666666667,-0.21910265849078725,8,-0.09842435410414878,0.41980402978803044
F04628,60,0.01955043259823589,2.195382077968936,0.6,-0.2227341375620996,8,-0.09805538261803357,0.44276097999818365
F01247,60,0.019517150139345664,2.189129450257464,0.5666666666666667,-0.3221469099421207,14,-0.1534655052178132,0.2685756727707554
F02301,60,0.019477471041266636,2.181690834614522,0.5333333333333333,-0.2752220271447803,13,-0.12474455909444707,0.3739459203677903
F04198,60,0.019469669491869724,2.180230291374379,0.6,-0.26617558619632886,13,-0.11786013577446877,0.4576318016496365
F04583,60,0.0193968583662083,2.166630929281151,0.5333333333333333,-0.3222395395560068,16,-0.12123957068869415,0.5536406625123439
F00391,60,0.019330457819727243,2.1542787724917836,0.5666666666666667,-0.30820917666953984,14,-0.13176213094757944,0.49879499754092005
F00571,60,0.019330457819727243,2.1542787724917836,0.5666666666666667,-0.30820917666953984,14,-0.13176213094757944,0.49879499754092005
F00595,60,0.019330457819727243,2.1542787724917836,0.5666666666666667,-0.30820917666953984,14,-0.13176213094757944,0.49879499754092005
F00799,60,0.019330457819727243,2.1542787724917836,0.5666666666666667,-0.30820917666953984,14,-0.13176213094757944,0.49879499754092005
F00925,60,0.019330457819727243,2.1542787724917836,0.5666666666666667,-0.30820917666953984,14,-0.13176213094757944,0.49879499754092005
F01039,60,0.019330457819727243,2.1542787724917836,0.5666666666666667,-0.30820917666953984,14,-0.13176213094757944,0.49879499754092005
F01117,60,0.019330457819727243,2.1542787724917836,0.5666666666666667,-0.30820917666953984,14,-0.13176213094757944,0.49879499754092005
F01123,60,0.019330457819727243,2.1542787724917836,0.5666666666666667,-0.30820917666953984,14,-0.13176213094757944,0.49879499754092005
F01291,60,0.019330457819727243,2.1542787724917836,0.5666666666666667,-0.30820917666953984,14,-0.13176213094757944,0.49879499754092005
F01417,60,0.019330457819727243,2.1542787724917836,0.5666666666666667,-0.30820917666953984,14,-0.13176213094757944,0.49879499754092005
F01537,60,0.019330457819727243,2.1542787724917836,0.5666666666666667,-0.30820917666953984,14,-0.13176213094757944,0.49879499754092005
F01855,60,0.019330457819727243,2.1542787724917836,0.5666666666666667,-0.30820917666953984,14,-0.13176213094757944,0.49879499754092005
F02239,60,0.019330457819727243,2.1542787724917836,0.5666666666666667,-0.30820917666953984,14,-0.13176213094757944,0.49879499754092005
F02341,60,0.019330457819727243,2.1542787724917836,0.5666666666666667,-0.30820917666953984,14,-0.13176213094757944,0.49879499754092005
F03493,60,0.019330457819727243,2.1542787724917836,0.5666666666666667,-0.30820917666953984,14,-0.13176213094757944,0.49879499754092005
F04099,60,0.019330457819727243,2.1542787724917836,0.5666666666666667,-0.30820917666953984,14,-0.13176213094757944,0.49879499754092005
F04291,60,0.019330457819727243,2.1542787724917836,0.5666666666666667,-0.30820917666953984,14,-0.13176213094757944,0.49879499754092005
F04453,60,0.019330457819727243,2.1542787724917836,0.5666666666666667,-0.30820917666953984,14,-0.13176213094757944,0.49879499754092005
F04555,60,0.019330457819727243,2.1542787724917836,0.5666666666666667,-0.30820917666953984,14,-0.13176213094757944,0.49879499754092005
F04585,60,0.019330457819727243,2.1542787724917836,0.5666666666666667,-0.30820917666953984,14,-0.13176213094757944,0.49879499754092005
F04729,60,0.019330457819727243,2.1542787724917836,0.5666666666666667,-0.30820917666953984,14,-0.13176213094757944,0.49879499754092005
F04849,60,0.019330457819727243,2.1542787724917836,0.5666666666666667,-0.30820917666953984,14,-0.13176213094757944,0.49879499754092005
F04514,60,0.01931964872288594,2.152272500176887,0.55,-0.0805655747190529,8,-0.045551628182254784,0.35556413776387075
F04258,60,0.01930456284196694,2.149474513233303,0.5666666666666667,-0.19309032585739594,7,-0.049774845606257265,0.41783090149884294
F04776,60,0.01930083402935098,2.1487833047291334,0.55,-0.3299376049240771,13,-0.14148263772134034,0.523952168613995
F02366,60,0.01928601520343064,2.146037818975989,0.5166666666666667,-0.29310005822119467,14,-0.12281332249438633,0.44252781382977396
F02103,60,0.019270018355919537,2.1430767230663164,0.55,-0.3387147532177024,11,-0.1425945742535545,0.434411516202943
F04743,60,0.01924390743562682,2.1382493484765166,0.55,-0.4828845154835879,13,-0.22104148350552852,0.365898350368427
F00513,60,0.019198625535734596,2.1298949315376787,0.6166666666666667,-0.2820480980706529,9,-0.10790349791731542,0.4587789629682407
F04208,60,0.019193801836831212,2.129006259046519,0.5333333333333333,-0.3102276118169002,11,-0.10728060105435265,0.5178420954736107
F00735,60,0.01919312404507866,2.12888140901156,0.55,-0.30687428993755483,13,-0.1484861480158936,0.47135130323793617
F03776,60,0.0191842337112632,2.1272442525535036,0.5333333333333333,-0.31022761181690006,11,-0.10728060105435265,0.5178420954736107
F00845,60,0.019148688124365827,2.120706939380901,0.55,-0.4133755632714122,14,-0.14841692012075253,0.5128233115012341
F00148,60,0.019132027039737088,2.1176473684406822,0.5833333333333334,-0.2766649564533471,12,-0.11889481788680292,0.508990264720511
F02343,60,0.01911951965092684,2.1153525030365063,0.5666666666666667,-0.3376746216700893,13,-0.13688565692113758,0.5461291253778481
F02621,60,0.019100988501539146,2.111955446771127,0.6,-0.1293550479193114,8,-0.08372738188793614,0.3462332818290663
F04557,60,0.0190957405047165,2.1109940669822835,0.55,-0.3181106361099597,12,-0.12706117423498187,0.550224201112758
F03005,60,0.019092707721553734,2.110438625027452,0.5166666666666667,-0.5137160925136297,15,-0.22104148350552852,0.4279931390636965
F01328,60,0.019081484714200778,2.1083840246882426,0.6,-0.37258049109278935,14,-0.15018764488567965,0.5689495490434648
F01370,60,0.01904803096095526,2.102267547699561,0.5333333333333333,-0.340099057264617,16,-0.1396539561469765,0.35058867514268344
F04004,60,0.019031678764849267,2.0992821213288413,0.5333333333333333,-0.35425991554369374,13,-0.14983335908643777,0.5611161152045324
F01473,60,0.018983629745038557,2.0905261315244563,0.6,-0.30091245262908073,11,-0.16269900708518534,0.5735336108129547
F02153,60,0.018979101583810946,2.089702218413701,0.55,-0.37900037126489494,13,-0.17497140390418262,0.25788651148438113
F02852,60,0.01894686805121281,2.083843464094501,0.6,-0.29767957261523303,9,-0.1463962114696572,0.40641770691294377
F02127,60,0.018931545215452227,2.08106222365412,0.5833333333333334,-0.41868080160008925,15,-0.22104148350552852,0.2866866917541543
F04860,60,0.01889894822235387,2.0751537616196707,0.5666666666666667,-0.2757905522167431,11,-0.09050053375879402,0.3815038843042853
F02460,60,0.01889283636541061,2.0740471803776153,0.6,-0.4580281406679211,10,-0.22104148350552852,0.3344636105155157
F00211,60,0.018878594263545045,2.0714700980811838,0.55,-0.33417316850895407,14,-0.11688607417352369,0.530144928561419
F00271,60,0.018878594263545045,2.0714700980811838,0.55,-0.33417316850895407,14,-0.11688607417352369,0.530144928561419
F00559,60,0.018878594263545045,2.0714700980811838,0.55,-0.33417316850895407,14,-0.11688607417352369,0.530144928561419
F00901,60,0.018878594263545045,2.0714700980811838,0.55,-0.33417316850895407,14,-0.11688607417352369,0.530144928561419
F01201,60,0.018878594263545045,2.0714700980811838,0.55,-0.33417316850895407,14,-0.11688607417352369,0.530144928561419
F01405,60,0.018878594263545045,2.0714700980811838,0.55,-0.33417316850895407,14,-0.11688607417352369,0.530144928561419
F01567,60,0.018878594263545045,2.0714700980811838,0.55,-0.33417316850895407,14,-0.11688607417352369,0.530144928561419
F02269,60,0.018878594263545045,2.0714700980811838,0.55,-0.33417316850895407,14,-0.11688607417352369,0.530144928561419
F02527,60,0.018878594263545045,2.0714700980811838,0.55,-0.33417316850895407,14,-0.11688607417352369,0.530144928561419
F02767,60,0.018878594263545045,2.0714700980811838,0.55,-0.33417316850895407,14,-0.11688607417352369,0.530144928561419
F03277,60,0.018878594263545045,2.0714700980811838,0.55,-0.33417316850895407,14,-0.11688607417352369,0.530144928561419
F03943,60,0.018878594263545045,2.0714700980811838,0.55,-0.33417316850895407,14,-0.11688607417352369,0.530144928561419
F04213,60,0.018878594263545045,2.0714700980811838,0.55,-0.33417316850895407,14,-0.11688607417352369,0.530144928561419
F04273,60,0.018878594263545045,2.0714700980811838,0.55,-0.33417316850895407,14,-0.11688607417352369,0.530144928561419
F04429,60,0.018878594263545045,2.0714700980811838,0.55,-0.33417316850895407,14,-0.11688607417352369,0.530144928561419
F04489,60,0.018878594263545045,2.0714700980811838,0.55,-0.33417316850895407,14,-0.11688607417352369,0.530144928561419
F04789,60,0.018878594263545045,2.0714700980811838,0.55,-0.33417316850895407,14,-0.11688607417352369,0.530144928561419
F04813,60,0.018878594263545045,2.0714700980811838,0.55,-0.33417316850895407,14,-0.11688607417352369,0.530144928561419
F00758,60,0.01886599712662662,2.0691924398248918,0.5666666666666667,-0.31328386559179755,15,-0.1345393975247535,0.4650476222888687
F02187,60,0.0188266044331726,2.0620806531022127,0.55,-0.4291821419807561,11,-0.12040190939122068,0.41673010339124217
F03159,60,0.01881858908418004,2.0606355818998936,0.5,-0.33326754050007457,9,-0.08699067438040911,0.38374352311541193
F01784,60,0.01881855175319473,2.0606288531405403,0.5166666666666667,-0.35521088098865283,15,-0.13193024461381317,0.5193539801059087
F02716,60,0.01881718614570148,2.060382717903288,0.5333333333333333,-0.41080903151428283,15,-0.16828991898959586,0.4591268894671747
F03524,60,0.01880812416354385,2.058749891624637,0.5,-0.3683696348905757,16,-0.13325576692657892,0.575600357439278
F01280,60,0.01878577558510412,2.0547266907923096,0.6166666666666667,-0.20713188013391437,7,-0.07386014690272388,0.46651098236431066
F00048,60,0.018777335360421366,2.053208631936604,0.5166666666666667,-0.4015303355401352,13,-0.12466076072517396,0.4770781971407575
F04256,60,0.01875975587599768,2.0500491670230936,0.5166666666666667,-0.3657820009303232,12,-0.14983335908643775,0.5611161152045324
F01546,60,0.018752913190715124,2.048820237927738,0.5,-0.2893408193646877,15,-0.11826591141648968,0.568079606538569
F02603,60,0.018747568726266248,2.0478607242094773,0.5833333333333334,-0.26969873536921274,11,-0.1077249914609077,0.3554794212681472
F01618,60,0.018724219889234464,2.0436722925442496,0.5333333333333333,-0.05225862735403419,5,-0.033936360230971505,0.3852989244449756
F03384,60,0.018713158156840458,2.0416899598227274,0.5666666666666667,-0.3761724315877114,17,-0.1743473988758221,0.5996707484555461
F01112,60,0.01870800414599419,2.040766761960975,0.6166666666666667,-0.2472734519540356,9,-0.09942867863755238,0.4802311121465894
F00598,60,0.018687278643286915,2.0370571448455963,0.55,-0.3661818816975385,13,-0.14988679028695603,0.5052884189046056
F01688,60,0.018662446832343183,2.032618407390048,0.6333333333333333,-0.3638713679370117,8,-0.09949459977948137,0.40563743729281965
F00250,60,0.01864124285294826,2.028833202101918,0.5666666666666667,-0.28437175274947424,10,-0.08923539615146774,0.24427015236336141
F00536,60,0.018629343379364244,2.026711016094845,0.5666666666666667,-0.3247182132063863,15,-0.1392329752088237,0.518550628661783
F02919,60,0.018611110200749754,2.0234620954424942,0.6166666666666667,-0.18554584881713287,8,-0.0659915703194524,0.36472478269381786
F02394,60,0.018592761851326446,2.020196114751057,0.5166666666666667,-0.2745924606426883,14,-0.13644753750823294,0.4944996943880176
F03700,60,0.01858540454480424,2.0188874990600647,0.6,-0.30594488457777835,12,-0.11901977916603103,0.5471998558653703
F03477,60,0.01856902858971577,2.0159767724993065,0.5666666666666667,-0.35829744602688907,10,-0.12262500627453363,0.5145842921757453
F03666,60,0.01856457536849938,2.0151857168547265,0.5833333333333334,-0.35566727585352464,13,-0.14138768238634591,0.5791328927810628
F00337,60,0.01854477885973881,2.0116715985808433,0.5833333333333334,-0.33627245476428913,13,-0.130745525573363,0.509374214809855
F00625,60,0.01854477885973881,2.0116715985808433,0.5833333333333334,-0.33627245476428913,13,-0.130745525573363,0.509374214809855
F01009,60,0.01854477885973881,2.0116715985808433,0.5833333333333334,-0.33627245476428913,13,-0.130745525573363,0.509374214809855
F01399,60,0.01854477885973881,2.0116715985808433,0.5833333333333334,-0.33627245476428913,13,-0.130745525573363,0.509374214809855
F01879,60,0.01854477885973881,2.0116715985808433,0.5833333333333334,-0.33627245476428913,13,-0.130745525573363,0.509374214809855
F01903,60,0.01854477885973881,2.0116715985808433,0.5833333333333334,-0.33627245476428913,13,-0.130745525573363,0.509374214809855
F02335,60,0.01854477885973881,2.0116715985808433,0.5833333333333334,-0.33627245476428913,13,-0.130745525573363,0.509374214809855
F02923,60,0.01854477885973881,2.0116715985808433,0.5833333333333334,-0.33627245476428913,13,-0.130745525573363,0.509374214809855
F02953,60,0.01854477885973881,2.0116715985808433,0.5833333333333334,-0.33627245476428913,13,-0.130745525573363,0.509374214809855
F03079,60,0.01854477885973881,2.0116715985808433,0.5833333333333334,-0.33627245476428913,13,-0.130745525573363,0.509374214809855
F03223,60,0.01854477885973881,2.0116715985808433,0.5833333333333334,-0.33627245476428913,13,-0.130745525573363,0.509374214809855
F03337,60,0.01854477885973881,2.0116715985808433,0.5833333333333334,-0.33627245476428913,13,-0.130745525573363,0.509374214809855
F03655,60,0.01854477885973881,2.0116715985808433,0.5833333333333334,-0.33627245476428913,13,-0.130745525573363,0.509374214809855
F03709,60,0.01854477885973881,2.0116715985808433,0.5833333333333334,-0.33627245476428913,13,-0.130745525573363,0.509374214809855
F03769,60,0.01854477885973881,2.0116715985808433,0.5833333333333334,-0.33627245476428913,13,-0.130745525573363,0.509374214809855
F04027,60,0.01854477885973881,2.0116715985808433,0.5833333333333334,-0.33627245476428913,13,-0.130745525573363,0.509374214809855
F04243,60,0.01854477885973881,2.0116715985808433,0.5833333333333334,-0.33627245476428913,13,-0.130745525573363,0.509374214809855
F04309,60,0.01854477885973881,2.0116715985808433,0.5833333333333334,-0.33627245476428913,13,-0.130745525573363,0.509374214809855
F04807,60,0.01854477885973881,2.0116715985808433,0.5833333333333334,-0.33627245476428913,13,-0.130745525573363,0.509374214809855
F04873,60,0.01854477885973881,2.0116715985808433,0.5833333333333334,-0.33627245476428913,13,-0.130745525573363,0.509374214809855
F04939,60,0.01854477885973881,2.0116715985808433,0.5833333333333334,-0.33627245476428913,13,-0.130745525573363,0.509374214809855
F01496,60,0.018538095897854278,2.010486202021188,0.6333333333333333,-0.3668917227026004,9,-0.09949459977948137,0.40563743729281954
F03594,60,0.018528384423182692,2.0087644379324057,0.5166666666666667,-0.3571148139079715,14,-0.1348634429482697,0.5622958582667938
F02577,60,0.01851548207386937,2.0064784559004467,0.5666666666666667,-0.3265065792823981,8,-0.08489748892826084,0.52458331462157
F03360,60,0.018513847664841338,2.0061890003342846,0.5333333333333333,-0.5679039322085231,13,-0.22104148350552852,0.4669039185904848
F00117,60,0.018501674597778822,2.004033999244685,0.5166666666666667,-0.2861246128361653,16,-0.1416213715974186,0.46974886967179147
F02327,60,0.018486676177099773,2.0013809138700958,0.5,-0.36170605903415864,16,-0.13369806665018857,0.3930177138400781
F00875,60,0.01846913111744839,1.998280275053034,0.5333333333333333,-0.26607621219641475,11,-0.13500430661255836,0.5026169303674024
F02573,60,0.018466319976474462,1.9977837709166582,0.5666666666666667,-0.216660959180753,6,-0.05797224870172304,0.5399982074068147
F01074,60,0.01845420359196902,1.9956446983338072,0.5666666666666667,-0.4747611589686441,17,-0.1678957981418066,0.5614986787890522
F04846,60,0.018435822187909012,1.992402440720089,0.5666666666666667,-0.3561549252280588,10,-0.1125785443318159,0.4054215300251981
F02348,60,0.01839742714531305,1.9856411467237836,0.5333333333333333,-0.4154090116316048,12,-0.1440756692457657,0.5882662460334847
F03311,60,0.018396921864453783,1.9855522679499207,0.45,-0.3289829832752136,8,-0.13937021436337008,0.3702205579927962
F00127,60,0.018396763440435823,1.9855244017414475,0.55,-0.3847415170353181,15,-0.1968810839137307,0.44000602828929813
F00295,60,0.018396763440435823,1.9855244017414475,0.55,-0.3847415170353181,15,-0.1968810839137307,0.44000602828929813
F00463,60,0.018396763440435823,1.9855244017414475,0.55,-0.3847415170353181,15,-0.1968810839137307,0.44000602828929813
F00487,60,0.018396763440435823,1.9855244017414475,0.55,-0.3847415170353181,15,-0.1968810839137307,0.44000602828929813
F00619,60,0.018396763440435823,1.9855244017414475,0.55,-0.3847415170353181,15,-0.1968810839137307,0.44000602828929813
F01561,60,0.018396763440435823,1.9855244017414475,0.55,-0.3847415170353181,15,-0.1968810839137307,0.44000602828929813
F02011,60,0.018396763440435823,1.9855244017414475,0.55,-0.3847415170353181,15,-0.1968810839137307,0.44000602828929813
F02017,60,0.018396763440435823,1.9855244017414475,0.55,-0.3847415170353181,15,-0.1968810839137307,0.44000602828929813
F02245,60,0.018396763440435823,1.9855244017414475,0.55,-0.3847415170353181,15,-0.1968810839137307,0.44000602828929813
F02419,60,0.018396763440435823,1.9855244017414475,0.55,-0.3847415170353181,15,-0.1968810839137307,0.44000602828929813
F02929,60,0.018396763440435823,1.9855244017414475,0.55,-0.3847415170353181,15,-0.1968810839137307,0.44000602828929813
F02941,60,0.018396763440435823,1.9855244017414475,0.55,-0.3847415170353181,15,-0.1968810839137307,0.44000602828929813
F03379,60,0.018396763440435823,1.9855244017414475,0.55,-0.3847415170353181,15,-0.1968810839137307,0.44000602828929813
F03391,60,0.018396763440435823,1.9855244017414475,0.55,-0.3847415170353181,15,-0.1968810839137307,0.44000602828929813
F03427,60,0.018396763440435823,1.9855244017414475,0.55,-0.3847415170353181,15,-0.1968810839137307,0.44000602828929813
F03595,60,0.018396763440435823,1.9855244017414475,0.55,-0.3847415170353181,15,-0.1968810839137307,0.44000602828929813
F03661,60,0.018396763440435823,1.9855244017414475,0.55,-0.3847415170353181,15,-0.1968810839137307,0.44000602828929813
F03703,60,0.018396763440435823,1.9855244017414475,0.55,-0.3847415170353181,15,-0.1968810839137307,0.44000602828929813
F03793,60,0.018396763440435823,1.9855244017414475,0.55,-0.3847415170353181,15,-0.1968810839137307,0.44000602828929813
F04147,60,0.018396763440435823,1.9855244017414475,0.55,-0.3847415170353181,15,-0.1968810839137307,0.44000602828929813
F04285,60,0.018396763440435823,1.9855244017414475,0.55,-0.3847415170353181,15,-0.1968810839137307,0.44000602828929813
F04399,60,0.018396763440435823,1.9855244017414475,0.55,-0.3847415170353181,15,-0.1968810839137307,0.44000602828929813
F04495,60,0.018396763440435823,1.9855244017414475,0.55,-0.3847415170353181,15,-0.1968810839137307,0.44000602828929813
F04501,60,0.018396763440435823,1.9855244017414475,0.55,-0.3847415170353181,15,-0.1968810839137307,0.44000602828929813
F04747,60,0.018396763440435823,1.9855244017414475,0.55,-0.3847415170353181,15,-0.1968810839137307,0.44000602828929813
F04831,60,0.018396763440435823,1.9855244017414475,0.55,-0.3847415170353181,15,-0.1968810839137307,0.44000602828929813
F04987,60,0.018396763440435823,1.9855244017414475,0.55,-0.3847415170353181,15,-0.1968810839137307,0.44000602828929813
F03656,60,0.018381607488948622,1.982859707281932,0.5666666666666667,-0.3214014204180514,15,-0.11554714882343986,0.548618508838483
F03632,60,0.018353067583174832,1.977848214981356,0.5666666666666667,-0.393032167559612,17,-0.1583357825844141,0.39401111454721327
F04650,60,0.018339311250367432,1.9754356164941718,0.5166666666666667,-0.42349444932087976,11,-0.10800332724205425,0.5123621501112903
F03736,60,0.018332180671988888,1.9741858054740873,0.5666666666666667,-0.2726758175825803,11,-0.10028438462797092,0.3870034730732228
F00009,60,0.018328891555217008,1.9736094800333492,0.5666666666666667,-0.41868080160008925,12,-0.22104148350552852,0.4301841151739251
F04138,60,0.01831979914164982,1.9720168609656845,0.5,-0.34402419466931766,10,-0.13498096949610588,0.36475530083949054
F04484,60,0.01829952147130481,1.9684680628345066,0.5166666666666667,-0.28991841724480694,10,-0.09778552471296591,0.47922996160291054
F00654,60,0.018298643497168008,1.9683145025994957,0.6166666666666667,-0.10771929357136278,8,-0.064781503312978,0.3408706097915988
F03827,60,0.018297100880696773,1.968044713402751,0.55,-0.3829843863419443,11,-0.13528414607690273,0.29948023847382
F04976,60,0.018282874385739615,1.9655577687639765,0.5166666666666667,-0.36319318292683955,16,-0.13325576692657898,0.575600357439278
F04235,60,0.018258878728682443,1.9613677113594488,0.55,-0.33586072010459667,14,-0.14355277612698228,0.4757428954284094
F01457,60,0.018227227428802645,1.9558497487440287,0.5666666666666667,-0.278357977432411,14,-0.12507269473505217,0.4671629476073936
F04586,60,0.018220762895312895,1.9547239914959054,0.5666666666666667,-0.3952231840756909,16,-0.16086512080115617,0.5367112219022167
F01766,60,0.018219785568905484,1.954553833031834,0.6166666666666667,-0.3140782105671407,9,-0.13815145073046295,0.40641770691294377
F00101,60,0.01817536834329545,1.9468306862497409,0.55,-0.24518428698355565,11,-0.10721310275779751,0.401525308307223
F04592,60,0.018168236529870006,1.9455924768855382,0.5666666666666667,-0.40757646848159734,15,-0.14566808423786026,0.575297951736777
F00663,60,0.018156065133774026,1.9434804880467116,0.5666666666666667,-0.44417107594126637,14,-0.14657190604964213,0.5964823276192813
F01295,60,0.01812597410329607,1.9382654614388213,0.5666666666666667,-0.3390066682355588,12,-0.14080471220281093,0.46363694520707754
F01644,60,0.01808870777290399,1.9318194877645394,0.55,-0.29803578976334144,11,-0.12654585550096722,0.42519939665237527
F03705,60,0.01808825543458276,1.9317413320843935,0.55,-0.2212505949607455,9,-0.0810077010643579,0.35237363358848356
F00519,60,0.018088200935698736,1.9317319158253787,0.5333333333333333,-0.27531205038772744,12,-0.13904510371732584,0.5266045294335961
F02600,60,0.018087247104649005,1.9315671187296202,0.5166666666666667,-0.27332398479130526,11,-0.1038812140721186,0.4560862881350554
F01970,60,0.018086178133180638,1.9313824392013008,0.5666666666666667,-0.12046857017692303,7,-0.04078153724396675,0.3587473273979673
F00596,60,0.018079121503801854,1.9301635963881596,0.6333333333333333,-0.4516383770297824,14,-0.22104148350552852,0.41719202743967165
F03634,60,0.01807197160871787,1.9289291526978452,0.6,-0.07939524347719207,5,-0.03960683123415275,0.31918594491454755
F04416,60,0.018062499776090108,1.9272946092830434,0.6333333333333333,-0.16862417204018754,9,-0.05632411611974882,0.2311413042844712
F01518,60,0.01804806460304015,1.9248052728720855,0.6166666666666667,-0.3948976638921924,13,-0.14466088091844642,0.5836648655283851
F03504,60,0.01803801099636159,1.923072764663953,0.48333333333333334,-0.5433808507392224,16,-0.22104148350552852,0.4840536754796508
F01460,60,0.01803344118631812,1.9222855964978351,0.5833333333333334,-0.3483046996922493,13,-0.14017976434007529,0.5451472189434563
F03842,60,0.01802276184802871,1.9204468501750087,0.5666666666666667,-0.353963638864104,15,-0.130845525573363,0.5691036627754418
F02411,60,0.01801877715100205,1.9197610647852374,0.5833333333333334,-0.38019978887476824,15,-0.1499420118375587,0.5367112219022168
F03986,60,0.01800982480863992,1.9182209013906024,0.5833333333333334,-0.43663164819387246,13,-0.22104148350552852,0.42740633126608596
F03117,60,0.01800303066433331,1.9170525682127963,0.5166666666666667,-0.35903529478420804,16,-0.13057744949534178,0.5073977052131675
F04904,60,0.017986630012722257,1.9142341778220735,0.5166666666666667,-0.348189311513612,14,-0.13103131280734098,0.5323853050987859
F01628,60,0.01798392504144408,1.913769595972064,0.5166666666666667,-0.3465017677378277,13,-0.1308719779758435,0.49798185470085576
F02246,60,0.01796669910426112,1.910812730138681,0.55,-0.353981320549286,13,-0.12002421000199974,0.5269575338605973
F04022,60,0.01795428456730082,1.9086835802534208,0.5833333333333334,-0.3694766364299541,14,-0.14120193851907342,0.4956326733657177
F03761,60,0.017936169896927975,1.9055795787482661,0.6,-0.35274919990618037,10,-0.10275016215007808,0.36163956391354735
F00251,60,0.01793516922693767,1.9054082060005855,0.55,-0.29020693189780455,13,-0.12370485311515741,0.5089584598745693
F04568,60,0.017934404598394293,1.905277263939559,0.55,-0.348143048148971,14,-0.1464670479483804,0.5615573932613409
F00495,60,0.01791775792176081,1.9024279710963317,0.5833333333333334,-0.04834772309211299,7,-0.04662073741762746,0.17381034399781817
F04192,60,0.017916194953037253,1.9021605900452916,0.5666666666666667,-0.12930719782236766,7,-0.06939632986981632,0.34007163822973074
F04492,60,0.01791588934968871,1.902108312531066,0.55,-0.36460908525166047,15,-0.13824439284774528,0.422060965799551
F01289,60,0.017908363649941625,1.900821233708672,0.6,-0.21023998749271267,8,-0.0969128291880279,0.21948209171432542
F02801,60,0.01786576486688946,1.8935463732367563,0.6,-0.32329205186143917,11,-0.13394310226661554,0.49674032756389114
F03630,60,0.017857474394133103,1.8921326443253004,0.6,-0.4843077854335708,14,-0.22104148350552852,0.5132912815720965
F01052,60,0.017833257374220087,1.8880069371323116,0.5333333333333333,-0.47935631146522784,15,-0.1808540554258278,0.4261082635140675
F03927,60,0.01782100110752384,1.8859211173400312,0.55,-0.4382564351272201,13,-0.11648219292188246,0.2166968754420727
F03352,60,0.017790111040020217,1.8806706932284127,0.5333333333333333,-0.3904595384185534,11,-0.152474490686111,0.5851478492755313
F01950,60,0.01777359566087204,1.8778674078606707,0.5666666666666667,-0.07771087160800105,5,-0.04132137713359128,0.18235121612703678
F04217,60,0.017764682373393792,1.876355600101784,0.5333333333333333,-0.31425283601828347,12,-0.13307113535195741,0.30618829888091725
F01671,60,0.017746196426290894,1.8732226356046757,0.6,-0.3061205788468434,10,-0.0951614177911026,0.39557910200302626
F04398,60,0.017723935946441435,1.8694544232420784,0.5333333333333333,-0.3284055919459411,8,-0.0662696951561072,0.4835297655926607
F02193,60,0.01768899201450478,1.8635489794736158,0.5333333333333333,-0.366358606739286,12,-0.13513193008718266,0.5034093389096321
F04554,60,0.01767338831802335,1.8609158521352218,0.5333333333333333,-0.28584343084547936,13,-0.12924801415202564,0.5124308337842542
F02013,60,0.01767036765567243,1.8604063898118022,0.5333333333333333,-0.3815133458827805,13,-0.14232245118224965,0.4228407378564494
F00522,60,0.017656385772191602,1.8580493792455477,0.5333333333333333,-0.42209431245369833,15,-0.14308342021906298,0.5956135051450884
F03956,60,0.017647502073742615,1.856552792865625,0.5166666666666667,-0.348189311513612,14,-0.13103131280734095,0.5323853050987859
F03748,60,0.017644964968139682,1.8561255225336368,0.5666666666666667,-0.28306817189760636,7,-0.0983125786947186,0.3915865100359239
F03807,60,0.017639010889063982,1.8551230513595653,0.5333333333333333,-0.36164179459427404,15,-0.125785416918317,0.5216563810692456
F04046,60,0.017637939026302882,1.854942621661587,0.5333333333333333,-0.3424697685363839,11,-0.11426823538649458,0.3451937430704518
F00876,60,0.017609301877994102,1.850126198580507,0.5833333333333334,-0.3333284715645942,11,-0.12773813631386846,0.35294224318951295
F01899,60,0.01757921309001989,1.8450742351247542,0.55,-0.32527797602452624,15,-0.1474308983192,0.34329568904873436
F02534,60,0.017562152308591122,1.8422136112387104,0.5166666666666667,-0.32765132926230567,13,-0.11926360391144505,0.5364819818447696
F04293,60,0.01756024319155124,1.841893680817809,0.5166666666666667,-0.10307604066341947,5,-0.03963216631245619,0.4876230561244592
F01752,60,0.01754236799387935,1.838899867209165,0.5,-0.49526645516671386,16,-0.14843844466530637,0.557541886128417
F00365,60,0.017500761831901336,1.8319434964344614,0.5166666666666667,-0.48387909438026777,15,-0.18425672793825373,0.414062207120537
F03152,60,0.01750050228299323,1.831900153627923,0.5666666666666667,-0.2862912552964024,8,-0.11816497120801128,0.43162835133722377
F00470,60,0.017497591723309246,1.8314141557005175,0.55,-0.3195834141852557,14,-0.1278957849302447,0.5056293800614051
F00548,60,0.017448895754189342,1.823295179686955,0.4666666666666667,-0.3770171885905296,12,-0.08432516875148244,0.33642220755798935
F01672,60,0.017439163969439186,1.8216753666508105,0.55,-0.2616266226334759,10,-0.07662608880943945,0.3730470077786125
F04790,60,0.017426481226331253,1.819565750949966,0.6,-0.3653686088173397,9,-0.13815145073046295,0.44391770924124996
F01984,60,0.017426323333652,1.819539497254342,0.5,-0.6299913850096672,13,-0.22104148350552852,0.4517027598116934
F04472,60,0.017410739664854666,1.8169494961264077,0.5333333333333333,-0.4369303633364525,13,-0.13949128927241844,0.6207051768434105
F02175,60,0.017402095512709236,1.8155138495189909,0.55,-0.3590013115998405,15,-0.11894378513588864,0.4375170999100217
F00428,60,0.017370927515388573,1.8103433469415071,0.5833333333333334,-0.2252053908466587,9,-0.076874057475099,0.1781045697434382
F01860,60,0.01736281482600861,1.80899905375174,0.48333333333333334,-0.18836095486878757,9,-0.07139825832937367,0.28039692292426605
F00769,60,0.017357463723794913,1.8081127086579016,0.55,-0.31984723131732296,14,-0.107392084068405,0.44951767976335255
F01987,60,0.017357463723794913,1.8081127086579016,0.55,-0.31984723131732296,14,-0.107392084068405,0.44951767976335255
F02287,60,0.017357463723794913,1.8081127086579016,0.55,-0.31984723131732296,14,-0.107392084068405,0.44951767976335255
F02659,60,0.017357463723794913,1.8081127086579016,0.55,-0.31984723131732296,14,-0.107392084068405,0.44951767976335255
F02725,60,0.017357463723794913,1.8081127086579016,0.55,-0.31984723131732296,14,-0.107392084068405,0.44951767976335255
F02779,60,0.017357463723794913,1.8081127086579016,0.55,-0.31984723131732296,14,-0.107392084068405,0.44951767976335255
F02785,60,0.017357463723794913,1.8081127086579016,0.55,-0.31984723131732296,14,-0.107392084068405,0.44951767976335255
F02965,60,0.017357463723794913,1.8081127086579016,0.55,-0.31984723131732296,14,-0.107392084068405,0.44951767976335255
F02983,60,0.017357463723794913,1.8081127086579016,0.55,-0.31984723131732296,14,-0.107392084068405,0.44951767976335255
F03187,60,0.017357463723794913,1.8081127086579016,0.55,-0.31984723131732296,14,-0.107392084068405,0.44951767976335255
F03325,60,0.017357463723794913,1.8081127086579016,0.55,-0.31984723131732296,14,-0.107392084068405,0.44951767976335255
F03835,60,0.017357463723794913,1.8081127086579016,0.55,-0.31984723131732296,14,-0.107392084068405,0.44951767976335255
F03925,60,0.017357463723794913,1.8081127086579016,0.55,-0.31984723131732296,14,-0.107392084068405,0.44951767976335255
F04141,60,0.017357463723794913,1.8081127086579016,0.55,-0.31984723131732296,14,-0.107392084068405,0.44951767976335255
F04417,60,0.017357463723794913,1.8081127086579016,0.55,-0.31984723131732296,14,-0.107392084068405,0.44951767976335255
F04423,60,0.017357463723794913,1.8081127086579016,0.55,-0.31984723131732296,14,-0.107392084068405,0.44951767976335255
F04675,60,0.017357463723794913,1.8081127086579016,0.55,-0.31984723131732296,14,-0.107392084068405,0.44951767976335255
F01229,60,0.017348806060063143,1.806679254196069,0.5166666666666667,-0.4841835616886734,17,-0.16583603646677386,0.5078321772016886
F00820,60,0.017330922247432625,1.80372049875356,0.6166666666666667,-0.1890621337210654,9,-0.08557620485740242,0.3321810438860399
F00233,60,0.01732539345569544,1.802806418497922,0.5,-0.2974587923609313,17,-0.11345404658345619,0.482653649187616
F01526,60,0.017313842131434352,1.8008975729915444,0.5333333333333333,-0.3626371230224732,13,-0.126866516797847,0.5959408433154945
F01751,60,0.01730095549488302,1.7987695769114818,0.4666666666666667,-0.5053094681604984,13,-0.15011578905974002,0.41328575135421797
F04565,60,0.01728737362392795,1.796528496161136,0.5666666666666667,-0.5603577506536004,13,-0.18627263895101762,0.5422283266317028
F01640,60,0.01726894026760835,1.7934897170413975,0.6,-0.29999290786879096,13,-0.1791748102044974,0.40118617884134217
F01448,60,0.01726704557469106,1.7931775568541797,0.5166666666666667,-0.35961928406345156,14,-0.13753600980473746,0.4962259223082174
F02164,60,0.017243192770699193,1.78925062031756,0.55,-0.3395332590959895,12,-0.13505216818265905,0.4875976583765507
F02626,60,0.01719352323413002,1.7810908359808368,0.5666666666666667,-0.46523258187008043,15,-0.22104148350552852,0.5111885228122334
F03285,60,0.017167160868542062,1.776769528011291,0.55,-0.47726881416989864,13,-0.22104148350552852,0.5229341596130715
F00321,60,0.017162018320525146,1.7759273336317105,0.48333333333333334,-0.2712411263276333,12,-0.09909302805268871,0.40208107990439
F00879,60,0.017159854998000896,1.775573121662024,0.5,-0.4485630230464682,16,-0.15070573137387203,0.5183653752527968
F02468,60,0.017158452694524803,1.7753435390142678,0.5833333333333334,-0.30391490102334295,13,-0.1309796517806219,0.5139780758559549
F03386,60,0.017145100566552128,1.7731584873734096,0.5666666666666667,-0.1010179856379334,8,-0.039198569273537216,0.23998119286650887
F00923,60,0.017134875993493462,1.771486398212073,0.6166666666666667,-0.2766289191801292,10,-0.08372602500693793,0.3061053890221937
F00886,60,0.017093387972481073,1.764711766419658,0.55,-0.19178209365414267,7,-0.07688012456408909,0.4966761454051134
F01796,60,0.01705715840329286,1.758809114638325,0.65,-0.24359009095876005,9,-0.0873907410183926,0.42013823413080126
F00704,60,0.01703855954243888,1.7557837368082136,0.5666666666666667,-0.4089078381553175,12,-0.15326550521781318,0.47988432265415215
F03960,60,0.017034736710822382,1.7551623014243085,0.55,-0.3567597929036458,15,-0.12316854475427509,0.30940401920736943
F03972,60,0.017030192276808048,1.7544237424024502,0.6,-0.2563863298123713,9,-0.09875147184349042,0.37204102952684437
F03738,60,0.017028917613376052,1.7542166197364786,0.5333333333333333,-0.18526247720855527,7,-0.07652068047399235,0.35686193439595154
F01271,60,0.017017166652010248,1.7523079032671904,0.55,-0.4046013985654995,14,-0.1683338414542436,0.566021574332945
F03077,60,0.016985161329443686,1.7471158508350535,0.5833333333333334,-0.5698233319820114,11,-0.22104148350552852,0.5632427162272768
F04139,60,0.016981905417814087,1.7465882017353644,0.55,-0.4014483873269866,14,-0.16127086751618852,0.4270266028779481
F00500,60,0.01697855756929881,1.7460457573746266,0.5333333333333333,-0.34924175888217257,11,-0.14961113661577174,0.5178420954736107
F00458,60,0.01697705964191927,1.7458030856858828,0.55,-0.3535616641779439,11,-0.1024487973034352,0.3735872744741482
F03099,60,0.016959921824511788,1.7430281743461422,0.48333333333333334,-0.2959392424566609,9,-0.07798402706558705,0.3280944465000937
F03273,60,0.016949690916976658,1.7413729267826406,0.5666666666666667,-0.3056487756016296,12,-0.0950731402225218,0.21687722766878786
F02798,60,0.016939895913620037,1.7397891240175443,0.5166666666666667,-0.35194994534033053,12,-0.12591506007269507,0.576382453830043
F02643,60,0.01691941340278392,1.7364801125293536,0.5166666666666667,-0.267303974844891,13,-0.11247309345609537,0.4205217916628975
F03444,60,0.01690935465475254,1.7348565305659989,0.5666666666666667,-0.5109016054375275,12,-0.22104148350552852,0.4294131744335442
F00166,60,0.016905352983929766,1.7342108845102726,0.5666666666666667,-0.1827100863702319,8,-0.06476575839671789,0.4491593408818326
F04731,60,0.0169018043435713,1.7336384576493824,0.5333333333333333,-0.27499586471040793,15,-0.10846155239379746,0.45171795269998466
F02018,60,0.016901616306874992,1.7336081289664174,0.5833333333333334,-0.43206022383198006,13,-0.13310623912554684,0.6481827768818083
F04703,60,0.016872985629209015,1.728994108321034,0.5166666666666667,-0.48024157595854455,8,-0.22104148350552852,0.3973464047506385
F01964,60,0.0168670678603718,1.7280413767026541,0.5833333333333334,-0.45992257861159513,11,-0.22104148350552852,0.2971847710711412
F01578,60,0.016844960880716683,1.7244851541609303,0.5333333333333333,-0.35522802167107737,13,-0.14182513826105939,0.48074827782998386
F02571,60,0.01680902638073877,1.7187143029129661,0.5166666666666667,-0.3927849960798313,13,-0.13836349429952874,0.5599321695830539
F03437,60,0.01680384685524264,1.7178834959173188,0.5,-0.5766919322413104,14,-0.22104148350552852,0.4582448478623898
F03929,60,0.01678858795700588,1.715437386753532,0.55,-0.41083603025756465,13,-0.15979187502265968,0.5664317906177156
F00408,60,0.01678053105864491,1.7141466824714335,0.5833333333333334,-0.4409615800371799,16,-0.1491710789377239,0.4034734738327837
F03436,60,0.016761667500004372,1.711127124968797,0.48333333333333334,-0.4071417340629544,15,-0.11477542899001063,0.36598688769889914
F04281,60,0.01675861193309772,1.7106383203910442,0.55,-0.28765599861292457,10,-0.12094277338658416,0.41754624351916114
F04329,60,0.01675778659777196,1.7105063048685443,0.5833333333333334,-0.39813606566072013,12,-0.14417976278605363,0.5037895815174173
F03651,60,0.016738726937861395,1.707459398061447,0.5666666666666667,-0.4557183623519575,11,-0.12186734206337237,0.35823894653155003
F00849,60,0.016723441188102383,1.7050182282891893,0.5666666666666667,-0.31693001829405165,12,-0.1225437317706073,0.5100210333171011
F04529,60,0.01671763484814006,1.7040915096319904,0.48333333333333334,-0.14862389515694618,3,-0.058153490304806474,0.42052549345969437
F03680,60,0.01670583244276902,1.702208753411961,0.5,-0.3030098282610917,14,-0.12225781636636403,0.44966604786708175
F02481,60,0.016695778951103912,1.7006060060376598,0.5333333333333333,-0.4637052958448453,16,-0.172767807352876,0.5225097743630479
F04210,60,0.0166897679033181,1.6996481595863084,0.5166666666666667,-0.4699563849228676,13,-0.1841344616054228,0.45757644084219595
F02594,60,0.016686302296074807,1.6990960749818016,0.55,-0.2374473696092365,7,-0.0917568209077464,0.4209544693955356
F03893,60,0.016683141318603722,1.6985926158877782,0.5,-0.4104813073376584,12,-0.10805136920782904,0.38189473552704756
F01864,60,0.01667898791326696,1.6979312299838987,0.5833333333333334,-0.3018895805174969,10,-0.09907702852146659,0.4802311121465894
F04877,60,0.016661617344762927,1.6951668774200637,0.5166666666666667,-0.2617339801855202,9,-0.10026874157407911,0.44010120173693446
F04456,60,0.01664843813753753,1.6930713965555877,0.55,-0.3799958191013303,9,-0.11370048058624875,0.49044971189059017
F00999,60,0.016625619381171495,1.6894470245981767,0.5833333333333334,-0.30561034207192284,9,-0.11319102592788041,0.3841403478783078
F00610,60,0.016622838671802663,1.6890056841291092,0.55,-0.368890174031656,14,-0.14133037945150742,0.5286167790768408
F01193,60,0.016595960305706488,1.6847433519976214,0.5166666666666667,-0.39180714235344183,16,-0.17131739657404516,0.4408326090776021
F03056,60,0.016591525817997832,1.6840407761480294,0.5666666666666667,-0.2481979927764686,7,-0.0917568209077464,0.4209544693955356
F02842,60,0.016590226937417664,1.6838350228861017,0.5166666666666667,-0.4239721130430367,12,-0.1500732894528645,0.5441243943338352
F04239,60,0.016576392964134188,1.6816445709131664,0.6,-0.38111291270048764,13,-0.154639863159971,0.3963943170446186
F02795,60,0.016574233430620082,1.6813027920680934,0.55,-0.39999396863613756,14,-0.13206436909235367,0.548862813700242
F02264,60,0.016572538409352463,1.6810345593175704,0.5333333333333333,-0.09721411496251497,6,-0.0379422036312576,0.3686945733514599
F02510,60,0.01654232698918998,1.6762581038562203,0.6333333333333333,-0.25766665019506174,7,-0.07885329907388061,0.39198554520867535
F01906,60,0.01654045938385974,1.6759631083866369,0.6333333333333333,-0.08946512332574919,6,-0.06591305723181784,0.20568478107559282
F04678,60,0.01653558825592566,1.675193845378462,0.5833333333333334,-0.252563897418997,11,-0.10883472730092984,0.28192358366934706
F03786,60,0.016529283085089715,1.6741984369496956,0.5166666666666667,-0.11604238941514522,6,-0.042659050359939145,0.3496134571650203
F04160,60,0.016526815089396428,1.6738089093094053,0.55,-0.3724339085843339,11,-0.1260555036673063,0.3799987741461018
F00650,60,0.01651741715405651,1.6723261290730203,0.55,-0.2946238184596819,11,-0.10226540829739952,0.454369063503265
F00083,60,0.01650822618606247,1.6708767856493885,0.5666666666666667,-0.3664305352110846,12,-0.12003042359715826,0.39683257424997975
F02015,60,0.016481529128372883,1.6666712514695208,0.5333333333333333,-0.37505843287844787,14,-0.13046705056269325,0.47758542043890995
F03597,60,0.016477032652967384,1.6659635716877816,0.48333333333333334,-0.3274381599831455,14,-0.12117611636573733,0.46395176480500794
F00915,60,0.016475851332520806,1.6657776796780914,0.5,-0.3464193516145231,16,-0.14501976009777123,0.45489761722546107
F04509,60,0.01645831962403952,1.6630203963162322,0.5,-0.3976017910195945,15,-0.12043607948908663,0.4975198695266295
F04970,60,0.01642846488256602,1.6583314718443223,0.5666666666666667,-0.5095978390171408,14,-0.22104148350552852,0.46436280689489917
F01469,60,0.016422989269436254,1.65747236475206,0.5666666666666667,-0.28549707802051294,8,-0.1017734294347952,0.373479070672183
F01374,60,0.016411047580943923,1.655599696908424,0.6,-0.23931266146812213,10,-0.08819191735800026,0.38938922304252344
F04764,60,0.016394961766340678,1.653079207953423,0.5833333333333334,-0.24611615703223522,9,-0.11171906615156546,0.4202169320996545
F02068,60,0.016385112046032116,1.6515370150125759,0.5166666666666667,-0.22770323105319412,6,-0.05589038776977008,0.4910290231135223
F00005,60,0.016384194695009405,1.6513934281732383,0.5833333333333334,-0.3121297829950419,9,-0.1287663932444368,0.38263798646231495
F04214,60,0.016380462483906153,1.6508093288821097,0.6,-0.34066564076916006,13,-0.1351521681826591,0.4809784198130046
F04692,60,0.016375256543847604,1.6499947990866142,0.5166666666666667,-0.4407518156640555,13,-0.15459598509534847,0.4407008307744115
F04218,60,0.01636180143342751,1.6478907306601793,0.48333333333333334,-0.4008157971494869,12,-0.11797887970673636,0.4956935869243939
F00530,60,0.016359481802000263,1.6475281599478646,0.6166666666666667,-0.1612557104323029,4,-0.046199228603990505,0.36493678560331766
F04508,60,0.016355954459373136,1.6469769111200314,0.5833333333333334,-0.5157071320268009,13,-0.22104148350552852,0.46438133839236817
F00971,60,0.016312289674171452,1.640162370461233,0.5666666666666667,-0.4523658508505124,13,-0.22104148350552852,0.4562179739486375
F00642,60,0.016312145773677556,1.6401399411890902,0.5333333333333333,-0.42613169070932566,17,-0.16783003192442128,0.5705156254316011
F02189,60,0.016273520014288587,1.6341262478346228,0.5166666666666667,-0.3680972036775767,13,-0.13147470591492924,0.5651002345235673
F03008,60,0.016270617561684256,1.633674905808907,0.6,-0.3571355260535105,6,-0.1134008949576511,0.28900486114940893
F04581,60,0.016261629884511672,1.6322777713245489,0.5,-0.33407884531492094,14,-0.1395519098267324,0.5681145351879829
F00092,60,0.016256159391123844,1.631427739917306,0.55,-0.5257074393835226,11,-0.15184126413158314,0.5580231061152714
F00643,60,0.0162483673300523,1.6302174382632608,0.55,-0.32926012697582474,12,-0.1379983288037306,0.5281440290145567
F00811,60,0.0162483673300523,1.6302174382632608,0.55,-0.32926012697582474,12,-0.1379983288037306,0.5281440290145567
F00931,60,0.0162483673300523,1.6302174382632608,0.55,-0.32926012697582474,12,-0.1379983288037306,0.5281440290145567
F01705,60,0.0162483673300523,1.6302174382632608,0.55,-0.32926012697582474,12,-0.1379983288037306,0.5281440290145567
F02155,60,0.0162483673300523,1.6302174382632608,0.55,-0.32926012697582474,12,-0.1379983288037306,0.5281440290145567
F02347,60,0.0162483673300523,1.6302174382632608,0.55,-0.32926012697582474,12,-0.1379983288037306,0.5281440290145567
F02389,60,0.0162483673300523,1.6302174382632608,0.55,-0.32926012697582474,12,-0.1379983288037306,0.5281440290145567
F02653,60,0.0162483673300523,1.6302174382632608,0.55,-0.32926012697582474,12,-0.1379983288037306,0.5281440290145567
F02713,60,0.0162483673300523,1.6302174382632608,0.55,-0.32926012697582474,12,-0.1379983288037306,0.5281440290145567
F03073,60,0.0162483673300523,1.6302174382632608,0.55,-0.32926012697582474,12,-0.1379983288037306,0.5281440290145567
F03505,60,0.0162483673300523,1.6302174382632608,0.55,-0.32926012697582474,12,-0.1379983288037306,0.5281440290145567
F03967,60,0.0162483673300523,1.6302174382632608,0.55,-0.32926012697582474,12,-0.1379983288037306,0.5281440290145567
F04687,60,0.0162483673300523,1.6302174382632608,0.55,-0.32926012697582474,12,-0.1379983288037306,0.5281440290145567
F04711,60,0.0162483673300523,1.6302174382632608,0.55,-0.32926012697582474,12,-0.1379983288037306,0.5281440290145567
F04777,60,0.0162483673300523,1.6302174382632608,0.55,-0.32926012697582474,12,-0.1379983288037306,0.5281440290145567
F00311,60,0.016218856960662217,1.625638701197603,0.5666666666666667,-0.26491016343205187,9,-0.07759853378455109,0.3632478810975294
F01556,60,0.01621175747214141,1.6245383368121225,0.5666666666666667,-0.24953084634206868,6,-0.08003620482852308,0.5871840838098156
F00533,60,0.016210912229851746,1.6244073611756482,0.6,-0.17160625152893505,5,-0.07194201528621047,0.44529014524389454
F03371,60,0.01619675951248108,1.622215262694847,0.5666666666666667,-0.35237292618474014,13,-0.13996787559294974,0.48555052079717576
F01385,60,0.016189488458206305,1.6210897574962053,0.5166666666666667,-0.14895589496769024,6,-0.04861643891793539,0.3413972785594075
F02576,60,0.016183951854234872,1.6202330509133689,0.5833333333333334,-0.3115577213432942,11,-0.1167653549883994,0.46191369628803336
F02254,60,0.01618063169418661,1.6197194379230608,0.5166666666666667,-0.3987014032905921,14,-0.1174326018452101,0.4337419520865015
F03237,60,0.016178713525790908,1.6194227515034707,0.55,-0.2593283639616196,3,-0.09073169017109817,0.648789307296067
F02062,60,0.016146971832819938,1.6145180034195294,0.5166666666666667,-0.46018964653811867,13,-0.22104148350552852,0.4202830009061365
F01397,60,0.016142700386946505,1.6138586664715073,0.5666666666666667,-0.18021710757162335,9,-0.08202250092952659,0.22934484951373513
F02336,60,0.016136919372642545,1.6129665741365784,0.55,-0.35864327224732695,8,-0.13942285290372627,0.4241409332396681
F04486,60,0.016132859544277223,1.6123402641150064,0.5333333333333333,-0.2998040153404159,9,-0.10795424549255245,0.4359896095207233
F00804,60,0.016111687017097778,1.609076368398549,0.55,-0.23385993959931317,6,-0.06883854150098842,0.4685387955729372
F00420,60,0.016095648547277214,1.6066065938021823,0.55,-0.4691865899442639,12,-0.10967597571905552,0.2999321334445519
F00462,60,0.016090391689173755,1.6057975870952808,0.5166666666666667,-0.4154909747746631,14,-0.13791026035309983,0.4682047218363955
F02195,60,0.016083277805947635,1.6047031857438894,0.5833333333333334,-0.43524603118795213,13,-0.15028499683415017,0.599385890481586
F01569,60,0.016069808301975318,1.6026322722161934,0.6666666666666666,-0.1241401396545837,5,-0.04944504765909585,0.40501396163705894
F03783,60,0.016067267264549708,1.6022417735668602,0.5333333333333333,-0.28363536718802496,10,-0.10519888658293643,0.28980804322817166
F00527,60,0.0160607373898863,1.6012385471812416,0.5666666666666667,-0.4136680267143531,11,-0.15849283553634472,0.32446299074287593
F00982,60,0.01605040556424882,1.5996519796570352,0.5166666666666667,-0.39871351071132477,10,-0.14149468998191939,0.48448162121016736
F02270,60,0.016040825912656667,1.5981817670732061,0.5333333333333333,-0.328690587433216,13,-0.13181425497840754,0.3872796738061225
F03690,60,0.016026790390114874,1.5960291774632456,0.55,-0.3083253578990922,13,-0.12848417304396226,0.4835786217305645
F03545,60,0.016017211309567698,1.5945610671071808,0.6,-0.4188786475134715,6,-0.22104148350552852,0.3495526799406413
F02235,60,0.016016142715014385,1.594397342648195,0.5333333333333333,-0.36435506411183227,13,-0.12385043436769436,0.49241357475485625
F01314,60,0.01599307242503148,1.5908651099487865,0.48333333333333334,-0.3415803460499238,10,-0.13701334399912593,0.34942370252335575
F00890,60,0.015988807058019965,1.5902125687645987,0.5333333333333333,-0.48878684172190257,13,-0.1414368236505794,0.5453531845867235
F01250,60,0.015986956588071068,1.5899295231466128,0.5,-0.3556645816613947,13,-0.12784482830836574,0.4958791816703903
F01880,60,0.01597041696544091,1.587400993150482,0.48333333333333334,-0.27417284517410967,7,-0.06395891872541654,0.3082367289513482
F04386,60,0.01594913100836436,1.5841504292033286,0.6,-0.2749887255115021,10,-0.12824874431086214,0.3806246496425137
F00963,60,0.015926164100169223,1.5806476721410991,0.55,-0.3377186620346757,12,-0.10280336927292925,0.2720293601324112
F01601,60,0.015922618263030916,1.5801073013200395,0.5833333333333334,-0.5580527979786092,10,-0.22104148350552852,0.28419440208210855
F03716,60,0.01591315346769454,1.578665450722868,0.55,-0.5726905637932189,13,-0.16438380809034825,0.5936154107919711
F01239,60,0.01591018341105443,1.5782131607650194,0.48333333333333334,-0.27016394462373894,8,-0.0955076093439965,0.39165046510238977
F02090,60,0.015909671117598254,1.5781351549272342,0.48333333333333334,-0.16626958341123332,5,-0.06890616290739511,0.3713774276743958
F00759,60,0.015899412934998764,1.5765736516447753,0.6333333333333333,-0.4839397459270858,10,-0.14496224566718754,0.35642229209819914
F04450,60,0.015897246594332608,1.5762440096490375,0.5833333333333334,-0.16096394616994492,6,-0.04160234758183093,0.22806206388747668
F04773,60,0.015875548384878663,1.5729445809664728,0.5833333333333334,-0.2120744730350227,5,-0.06903886561636943,0.3759525215981253
F00441,60,0.01587287168933402,1.5725378507905696,0.5333333333333333,-0.3481163912400206,15,-0.13608191166357023,0.5383754326445742
F03260,60,0.01587109029052813,1.5722671980980927,0.5833333333333334,-0.09690606890381281,8,-0.03681687432416418,0.1965278805288033
F01337,60,0.015853590627758162,1.5696099155933063,0.5333333333333333,-0.4206939999342859,13,-0.22104148350552852,0.49829624633017033
F03114,60,0.015847841955755764,1.5687375824745713,0.6166666666666667,-0.1136082400074726,6,-0.039497630657793534,0.16479854895791943
F04380,60,0.015838137816605796,1.5672656870281076,0.6,-0.2311217744887205,7,-0.08643208806885062,0.36262483997214745
F03160,60,0.015821585465032283,1.5647569882770211,0.6,-0.5367552688158385,12,-0.22104148350552852,0.3899768018320774
F01802,60,0.01581531202540309,1.5638068066272326,0.5,-0.3216027137258962,13,-0.12753888017540013,0.5111369047852395
F02586,60,0.015802107910616817,1.561808028632679,0.5,-0.41067254347398385,13,-0.15463015284770099,0.42033934161634756
F04109,60,0.01579602026900814,1.5608870256805885,0.5833333333333334,-0.3467678946591167,12,-0.1745196616588906,0.4000311519557864
F00485,60,0.015778279381551612,1.5582048528079606,0.5833333333333334,-0.45587180512303205,11,-0.22104148350552852,0.5335724671194575
F00921,60,0.01577489548130989,1.5576935684351683,0.5,-0.4834917713413017,14,-0.13198243446628138,0.5651915524307562
F01425,60,0.015772864979126118,1.5573868215668423,0.5333333333333333,-0.4768460051667729,14,-0.22104148350552852,0.5102987346027946
F02201,60,0.01577016045682354,1.556978307023428,0.5166666666666667,-0.37296539822936026,9,-0.14522188958608165,0.40029857437766797
F00731,60,0.015761797072534847,1.5557154347909123,0.5333333333333333,-0.20448879191024372,8,-0.08528986785755238,0.462437467796427
F00261,60,0.01575218575500204,1.5542648818779763,0.5833333333333334,-0.3590087527767938,12,-0.12932908011924835,0.3215128916597174
F04229,60,0.015745789782973037,1.5533000418714358,0.5833333333333334,-0.29709546781776863,10,-0.10935849225466956,0.3706562539765447
F04744,60,0.01574512138062552,1.5531992332657758,0.5666666666666667,-0.5996288808338679,14,-0.22104148350552852,0.5489365139029574
F00269,60,0.015709999789789167,1.547907688579103,0.5333333333333333,-0.40221655947402446,13,-0.17215418384308653,0.44309727133629473
F00773,60,0.015705454818759623,1.5472237155070734,0.65,-0.44082078472424957,7,-0.22104148350552852,0.28419440208210855
F00154,60,0.015704940233929383,1.5471462869718304,0.6,-0.2585807041253808,7,-0.07702536990671667,0.28250047648330767
F03012,60,0.015704527390650962,1.5470841689546866,0.6166666666666667,-0.2725634282113165,10,-0.09588600858166273,0.3446702883341052
F00497,60,0.015683626183306033,1.5439412374401176,0.55,-0.5133271134326427,14,-0.11565300515073461,0.3550780076729405
F04418,60,0.015683599479267854,1.543937224372499,0.5,-0.39386547170923936,12,-0.16095878046245962,0.39886942874195475
F02296,60,0.01567669929176287,1.5429004767266843,0.35,-0.2599991284300408,8,-0.05255017905679731,0.4207815164479921
F04907,60,0.015659809292436825,1.5403645206732208,0.5166666666666667,-0.5783955695875683,13,-0.22104148350552852,0.40619378059014016
F04071,60,0.015653928108927764,1.5394820717686284,0.5666666666666667,-0.399194282768327,14,-0.13136535014025552,0.5028369573181077
F01013,60,0.015650849628916236,1.5390202779078468,0.55,-0.4256082822235092,15,-0.22104148350552852,0.41733746122395626
F01827,60,0.01564914184893855,1.5387641343964202,0.5333333333333333,-0.30565100475764795,12,-0.13449213946200342,0.4901260078118436
F03410,60,0.01564847682518216,1.5386643968524027,0.55,-0.5332479741910596,12,-0.22104148350552852,0.3890742297071029
F00176,60,0.015643515754876974,1.5379204773849002,0.5833333333333334,-0.3505181159429741,13,-0.1379983288037306,0.545909044837286
F00477,60,0.015643252564921516,1.5378810176693087,0.5,-0.3820878417711431,11,-0.148372724921842,0.33115498604592575
F02332,60,0.015636850274956288,1.5369213167704912,0.5333333333333333,-0.2276348372670407,6,-0.06870083919102404,0.36141712538312754
F04325,60,0.015636627620254792,1.5368879473350296,0.55,-0.4317361675109864,11,-0.22104148350552852,0.2841944020821086
F01593,60,0.01563380583787858,1.5364650819824623,0.5333333333333333,-0.13186492882921874,3,-0.04700404300075643,0.3762239287483906
F00442,60,0.01563331298530654,1.5363912314211579,0.5333333333333333,-0.153592098553606,3,-0.049333322440131055,0.41329663392055327
F03767,60,0.015630308035139186,1.535941006091222,0.5833333333333334,-0.4924040293646984,13,-0.22104148350552852,0.30427381856828994
F01959,60,0.015617704504087181,1.534053501565976,0.5833333333333334,-0.22998780351622472,7,-0.08552237642019242,0.3287941791102158
F00956,60,0.01560963980672309,1.5328464575365817,0.55,-0.4753466422026287,14,-0.14928854057045365,0.6471573111775206
F04570,60,0.01560120517217645,1.5315846498380088,0.5666666666666667,-0.12978269829123357,5,-0.03627311130895692,0.4968537007942744
F04428,60,0.01558958373398738,1.529847113972766,0.6166666666666667,-0.1616221972945454,6,-0.0977195713703208,0.3469792470609256
F01744,60,0.01558694363533334,1.5294525529870255,0.5833333333333334,-0.20930638603849105,6,-0.08552258146418998,0.3846806219492219
F04178,60,0.015579643933806057,1.528361932381784,0.5166666666666667,-0.38918235073711205,15,-0.14940358694516037,0.49349112103947834
F00330,60,0.015570369182160333,1.526976894035296,0.55,-0.5803938486585897,12,-0.22104148350552852,0.41504275476105995
F00187,60,0.015546809875810443,1.5234620357109412,0.5166666666666667,-0.3673973321220847,14,-0.1437596584515398,0.46559346916160804
F00265,60,0.015546809875810443,1.5234620357109412,0.5166666666666667,-0.3673973321220847,14,-0.1437596584515398,0.46559346916160804
F00445,60,0.015546809875810443,1.5234620357109412,0.5166666666666667,-0.3673973321220847,14,-0.1437596584515398,0.46559346916160804
F00517,60,0.015546809875810443,1.5234620357109412,0.5166666666666667,-0.3673973321220847,14,-0.1437596584515398,0.46559346916160804
F00937,60,0.015546809875810443,1.5234620357109412,0.5166666666666667,-0.3673973321220847,14,-0.1437596584515398,0.46559346916160804
F01585,60,0.015546809875810443,1.5234620357109412,0.5166666666666667,-0.3673973321220847,14,-0.1437596584515398,0.46559346916160804
F01687,60,0.015546809875810443,1.5234620357109412,0.5166666666666667,-0.3673973321220847,14,-0.1437596584515398,0.46559346916160804
F01717,60,0.015546809875810443,1.5234620357109412,0.5166666666666667,-0.3673973321220847,14,-0.1437596584515398,0.46559346916160804
F02437,60,0.015546809875810443,1.5234620357109412,0.5166666666666667,-0.3673973321220847,14,-0.1437596584515398,0.46559346916160804
F02545,60,0.015546809875810443,1.5234620357109412,0.5166666666666667,-0.3673973321220847,14,-0.1437596584515398,0.46559346916160804
F02569,60,0.015546809875810443,1.5234620357109412,0.5166666666666667,-0.3673973321220847,14,-0.1437596584515398,0.46559346916160804
F02593,60,0.015546809875810443,1.5234620357109412,0.5166666666666667,-0.3673973321220847,14,-0.1437596584515398,0.46559346916160804
F02695,60,0.015546809875810443,1.5234620357109412,0.5166666666666667,-0.3673973321220847,14,-0.1437596584515398,0.46559346916160804
F02947,60,0.015546809875810443,1.5234620357109412,0.5166666666666667,-0.3673973321220847,14,-0.1437596584515398,0.46559346916160804
F03229,60,0.015546809875810443,1.5234620357109412,0.5166666666666667,-0.3673973321220847,14,-0.1437596584515398,0.46559346916160804
F03415,60,0.015546809875810443,1.5234620357109412,0.5166666666666667,-0.3673973321220847,14,-0.1437596584515398,0.46559346916160804
F03433,60,0.015546809875810443,1.5234620357109412,0.5166666666666667,-0.3673973321220847,14,-0.1437596584515398,0.46559346916160804
F03787,60,0.015546809875810443,1.5234620357109412,0.5166666666666667,-0.3673973321220847,14,-0.1437596584515398,0.46559346916160804
F04123,60,0.015546809875810443,1.5234620357109412,0.5166666666666667,-0.3673973321220847,14,-0.1437596584515398,0.46559346916160804
F04327,60,0.015546809875810443,1.5234620357109412,0.5166666666666667,-0.3673973321220847,14,-0.1437596584515398,0.46559346916160804
F04615,60,0.015546809875810443,1.5234620357109412,0.5166666666666667,-0.3673973321220847,14,-0.1437596584515398,0.46559346916160804
F03431,60,0.015542077256076293,1.5227565471335454,0.5166666666666667,-0.41542066345979745,16,-0.16285475413828238,0.4962135146785419
F03578,60,0.015528154894488269,1.5206822739593862,0.5333333333333333,-0.4080699114622117,15,-0.14406453310690753,0.49349112103947834
F01673,60,0.01550531140429309,1.5172824871099495,0.5833333333333334,-0.2796732657762798,11,-0.1632793810128693,0.4263383187379132
F04385,60,0.015484676839649526,1.5142153300671235,0.5666666666666667,-0.34021670132604565,10,-0.12084257855822413,0.42334231083130774
F00192,60,0.015482940433230181,1.5139573953374112,0.48333333333333334,-0.4016575876088344,8,-0.14466006813341695,0.42034658244643763
F02138,60,0.015472445774638912,1.5123990186288574,0.5666666666666667,-0.3833908186921615,12,-0.10855611892325154,0.3491828443742544
F01818,60,0.015470204582789682,1.512066341855511,0.5166666666666667,-0.3818783416340049,15,-0.11083028866103597,0.5591606326058051
F01200,60,0.015455615130344807,1.5099017794720306,0.6,-0.30416108413187637,6,-0.09313646981972974,0.30669958940154635
F04151,60,0.015441051709726688,1.5077429084633422,0.55,-0.34495533644184273,14,-0.1715904054894814,0.42492633213794073
F01181,60,0.015431588323494332,1.5063410417726044,0.6,-0.23696794033098834,9,-0.1055457210450894,0.3813260872208
F04086,60,0.015418605325448493,1.50441904815231,0.48333333333333334,-0.520647080899862,9,-0.22104148350552852,0.3772002708032651
F03743,60,0.015417532085963172,1.504260231428363,0.5833333333333334,-0.44764868739532904,11,-0.22104148350552852,0.43131269794094107
F03044,60,0.015388128049779643,1.49991290699709,0.4666666666666667,-0.2937475700815497,6,-0.056322577620867564,0.4293436768725794
F00245,60,0.015383771772732042,1.4992694721533266,0.5166666666666667,-0.430930076743544,14,-0.15494230429568845,0.47262296823385597
F04588,60,0.015373387678313772,1.4977363677568363,0.5166666666666667,-0.35671588706824553,11,-0.14389865575822525,0.5431304513986397
F00142,60,0.015366088790621978,1.4966593157851746,0.5166666666666667,-0.3114894358109045,11,-0.12441973071459576,0.26038485835633274
F02886,60,0.015364684662097065,1.4964521695592294,0.6,-0.4126297978666027,11,-0.12191815823944496,0.36711303619053776
F00576,60,0.015358640925531289,1.4955607509107995,0.5333333333333333,-0.39150333000251225,13,-0.14500309089183422,0.325111714025467
F00594,60,0.015350961262070095,1.4944284933776015,0.5,-0.3768868425385412,12,-0.1478798943999688,0.5626190862035371
F03614,60,0.015350651128447008,1.4943827791838866,0.5,-0.6574460285375532,14,-0.22104148350552852,0.43271861976827214
F02237,60,0.01533107219455323,1.4914984799586368,0.5166666666666667,-0.4357828578719536,15,-0.1343954781951959,0.5151199938105183
F02012,60,0.015328537556951247,1.4911253259675656,0.6166666666666667,-0.19084237603058707,8,-0.0987972959358692,0.22769658203267146
F00053,60,0.015294483662935454,1.4861171753751332,0.5666666666666667,-0.36569461332685793,13,-0.1334795722725868,0.4640466938317412
F01002,60,0.015284783769854341,1.4846924689911853,0.5833333333333334,-0.22598066882522783,9,-0.11901228790712878,0.49104167963579637
F04347,60,0.01527319112937463,1.482990811670887,0.5333333333333333,-0.361013681006894,15,-0.13477201602050706,0.49417274219969864
F02511,60,0.015265213870694622,1.481820513682662,0.55,-0.17755354087834108,5,-0.0536573738614011,0.2960854296799002
F00525,60,0.015248043732004826,1.4793034206752456,0.48333333333333334,-0.40060187985510987,17,-0.13377489141289403,0.2264739016100442
F04878,60,0.015248020414356158,1.479300004082385,0.5,-0.37072851843227694,14,-0.14916825887752302,0.43206060594418133
F02730,60,0.015230062626700522,1.4766701332629122,0.5833333333333334,-0.08505603072739809,3,-0.031857709185731546,0.4121682625570551
F04577,60,0.015225009766221983,1.475930649757459,0.5166666666666667,-0.2358811830897357,9,-0.07796941133519307,0.35221176677896
F00794,60,0.015218902724149119,1.475037177104336,0.6333333333333333,-0.4849348296984948,11,-0.22104148350552852,0.4331753163760389
F01876,60,0.015213738014214084,1.474281817002181,0.6,-0.5616315773657634,12,-0.22104148350552852,0.4083434810010511
F02379,60,0.015204638929576643,1.4729515898455503,0.5166666666666667,-0.2707866547446648,7,-0.07194733737408723,0.3362679602854857
F04274,60,0.015181927836122067,1.4696344427087076,0.6,-0.4248376611255321,6,-0.12094580747078003,0.2777919142586071
F03773,60,0.015175767044017022,1.468735361642064,0.4666666666666667,-0.25793275079301803,7,-0.09347800614266465,0.4785994624779343
F01241,60,0.015173492147251876,1.4684034537877118,0.5166666666666667,-0.42346577736413393,10,-0.12582917808601346,0.5491588080206966
F02849,60,0.015170049603928966,1.467901269528043,0.5666666666666667,-0.5073171149598313,15,-0.22104148350552852,0.5215226416378944
F00042,60,0.015157300583479439,1.4660423689316753,0.5333333333333333,-0.4086860057056779,10,-0.14733486542474616,0.38646318525571377
F03974,60,0.015153639687019998,1.465508837896874,0.5166666666666667,-0.16595709607448916,9,-0.05905224833614514,0.38313976481995893
F01524,60,0.015142341140395725,1.4638629280832371,0.5166666666666667,-0.18947353466513206,6,-0.07862884145296582,0.28852749121266924
F02771,60,0.015125362907791836,1.4613916644880858,0.5333333333333333,-0.2838385846742085,12,-0.14090215704672437,0.5023155867540862
F02990,60,0.015114755460063656,1.459848936603279,0.5666666666666667,-0.29422098638576066,11,-0.15960777314931357,0.39240744154781293
F02567,60,0.015111467285722604,1.4593709035971694,0.5833333333333334,-0.3115328074512541,9,-0.13855282995895918,0.4390918801012606
F01463,60,0.015110292593887634,1.4592001496814788,0.6,-0.12669825032883253,4,-0.03684505144261813,0.39793231109952043
F00827,60,0.015109537222159944,1.4590903545487466,0.5833333333333334,-0.3655444856740069,10,-0.10133109359116906,0.4045227667427683
F03792,60,0.01510572997931582,1.4585370358367165,0.55,-0.48939530113655916,14,-0.15132476428405606,0.43111157531069755
F03586,60,0.015092795647638034,1.4566581625819328,0.4666666666666667,-0.3649377030915252,11,-0.0853263272562393,0.22105938499574193
F04223,60,0.015087785608940986,1.4559307713131284,0.5666666666666667,-0.39265830543549163,9,-0.16027855187351545,0.5460168897254573
F04767,60,0.015070038608094756,1.4533558452247757,0.5166666666666667,-0.46740761465575353,16,-0.17718586375333326,0.3789444326100378
F04917,60,0.015061915758239635,1.4521781804281986,0.5333333333333333,-0.401223328580829,14,-0.1555715995040696,0.47550667968639015
F02874,60,0.015047632110191698,1.4501086605114741,0.5333333333333333,-0.39499385782171825,14,-0.15360030896181665,0.4919234995891727
F01822,60,0.015046483383244545,1.4499422991432604,0.5,-0.36672669114324186,12,-0.12217307688528173,0.4369563000384631
F02829,60,0.01503049584214427,1.4476280981648597,0.6333333333333333,-0.22492781806531248,8,-0.06416652786653951,0.1357354091139181
F01065,60,0.015026489564562404,1.4470485252777028,0.5,-0.3437624805589765,13,-0.123615252395659,0.36864247229736724
F00817,60,0.015014713397726497,1.445345693390267,0.5,-0.5180617145197199,12,-0.1551575624504251,0.5778273081237466
F01021,60,0.015014713397726497,1.445345693390267,0.5,-0.5180617145197199,12,-0.1551575624504251,0.5778273081237466
F01273,60,0.015014713397726497,1.445345693390267,0.5,-0.5180617145197199,12,-0.1551575624504251,0.5778273081237466
F01309,60,0.015014713397726497,1.445345693390267,0.5,-0.5180617145197199,12,-0.1551575624504251,0.5778273081237466
F01483,60,0.015014713397726497,1.445345693390267,0.5,-0.5180617145197199,12,-0.1551575624504251,0.5778273081237466
F01525,60,0.015014713397726497,1.445345693390267,0.5,-0.5180617145197199,12,-0.1551575624504251,0.5778273081237466
F01591,60,0.015014713397726497,1.445345693390267,0.5,-0.5180617145197199,12,-0.1551575624504251,0.5778273081237466
F01789,60,0.015014713397726497,1.445345693390267,0.5,-0.5180617145197199,12,-0.1551575624504251,0.5778273081237466
F02005,60,0.015014713397726497,1.445345693390267,0.5,-0.5180617145197199,12,-0.1551575624504251,0.5778273081237466
F02197,60,0.015014713397726497,1.445345693390267,0.5,-0.5180617145197199,12,-0.1551575624504251,0.5778273081237466
F02221,60,0.015014713397726497,1.445345693390267,0.5,-0.5180617145197199,12,-0.1551575624504251,0.5778273081237466
F02299,60,0.015014713397726497,1.445345693390267,0.5,-0.5180617145197199,12,-0.1551575624504251,0.5778273081237466
F02683,60,0.015014713397726497,1.445345693390267,0.5,-0.5180617145197199,12,-0.1551575624504251,0.5778273081237466
F02755,60,0.015014713397726497,1.445345693390267,0.5,-0.5180617145197199,12,-0.1551575624504251,0.5778273081237466
F02839,60,0.015014713397726497,1.445345693390267,0.5,-0.5180617145197199,12,-0.1551575624504251,0.5778273081237466
F02977,60,0.015014713397726497,1.445345693390267,0.5,-0.5180617145197199,12,-0.1551575624504251,0.5778273081237466
F03013,60,0.015014713397726497,1.445345693390267,0.5,-0.5180617145197199,12,-0.1551575624504251,0.5778273081237466
F03451,60,0.015014713397726497,1.445345693390267,0.5,-0.5180617145197199,12,-0.1551575624504251,0.5778273081237466
F03517,60,0.015014713397726497,1.445345693390267,0.5,-0.5180617145197199,12,-0.1551575624504251,0.5778273081237466
F03955,60,0.015014713397726497,1.445345693390267,0.5,-0.5180617145197199,12,-0.1551575624504251,0.5778273081237466
F04267,60,0.015014713397726497,1.445345693390267,0.5,-0.5180617145197199,12,-0.1551575624504251,0.5778273081237466
F04525,60,0.015014713397726497,1.445345693390267,0.5,-0.5180617145197199,12,-0.1551575624504251,0.5778273081237466
F04621,60,0.015014713397726497,1.445345693390267,0.5,-0.5180617145197199,12,-0.1551575624504251,0.5778273081237466
F04651,60,0.015014713397726497,1.445345693390267,0.5,-0.5180617145197199,12,-0.1551575624504251,0.5778273081237466
F00063,60,0.015009321609847186,1.4445664306354407,0.5166666666666667,-0.4449442149306415,15,-0.13866168325540076,0.49655031682889716
F00279,60,0.015004787869306846,1.4439113684934868,0.5333333333333333,-0.5594751635843973,17,-0.16368337103011796,0.5315192607665669
F02328,60,0.014986179878248022,1.4412245814577167,0.4666666666666667,-0.3746840202053221,12,-0.12836904094978,0.48661749479913213
F04510,60,0.014982527176950353,1.4406975131426574,0.5666666666666667,-0.3167626882446496,9,-0.14145843801041866,0.4676323471719238
F04412,60,0.014981628931950845,1.4405679175855082,0.5833333333333334,-0.5618412219317447,11,-0.21834854687691496,0.5737327495260446
F00917,60,0.014971989550717494,1.4391776081988081,0.5333333333333333,-0.3237191730201814,6,-0.12732760986485409,0.38831815128453173
F02026,60,0.014969334737399257,1.4387948353759392,0.5333333333333333,-0.3480809672317763,14,-0.1371797606903468,0.47467660468539247
F03059,60,0.014963731524637562,1.4379871541587397,0.5333333333333333,-0.4542940209437629,11,-0.22104148350552852,0.4028776593392537
F01869,60,0.014956571372821081,1.4369554290681998,0.5166666666666667,-0.3761649239851881,15,-0.1466025632582443,0.4927058494943632
F01862,60,0.014946872491271421,1.435558576374448,0.5166666666666667,-0.3036240576156871,14,-0.10137857202067012,0.42399497725833774
F02207,60,0.014943505655420432,1.4350738619278154,0.55,-0.5649358945930152,12,-0.22104148350552852,0.318345131273775
F04534,60,0.014938733544003076,1.43438699618296,0.6,-0.09537208297304534,5,-0.0357730257415026,0.20787148170595132
F01503,60,0.014938287530204743,1.434322809681094,0.5666666666666667,-0.28595985721946293,4,-0.07128490209952015,0.22174549505823235
F03226,60,0.014938137216575813,1.434301178200558,0.48333333333333334,-0.43661779280727975,13,-0.10942826530226779,0.37804720465887587
F00941,60,0.014935076912952578,1.433860814133304,0.5833333333333334,-0.4246268517269036,13,-0.16862522522876877,0.4499907687558339
F01487,60,0.014921520132632335,1.4319109957250244,0.55,-0.3667981631422308,9,-0.08830245582808498,0.30381671670243965
F01610,60,0.014918139473025402,1.431425008072241,0.5,-0.18679954968766932,10,-0.07166358022506654,0.37479356067835445
F01422,60,0.014907927898031215,1.42995762012485,0.6166666666666667,-0.06270568652361774,4,-0.055736687551325,0.2004173400349023
F03836,60,0.01490649190552135,1.429751340015851,0.5166666666666667,-0.3266891540881238,7,-0.08445185073894794,0.21443769795344841
F03626,60,0.01490402190792449,1.429396565512131,0.6,-0.15245151164574766,5,-0.06788650591413375,0.17119119409837105
F04629,60,0.014899842144312694,1.4287963272882673,0.6,-0.1816042828293457,7,-0.048697809296712455,0.19001434961295421
F02723,60,0.014895181604280954,1.4281272187464893,0.55,-0.37477249229218457,9,-0.10602153443950091,0.35914087048121546
F03624,60,0.014891226384092657,1.4275595143802007,0.5,-0.3397084722568544,8,-0.1444810271911494,0.4187262837064666
F03534,60,0.014886328958674236,1.4268567533886967,0.55,-0.4938580933370815,11,-0.13416573687530967,0.5060357130710884
F00147,60,0.014883575531753655,1.4264617354788687,0.48333333333333334,-0.600802442844375,13,-0.22104148350552852,0.43340885167034027
F01293,60,0.014882958098838077,1.426373164701353,0.5166666666666667,-0.45855493642394607,16,-0.1517732294866115,0.5865582113280179
F03713,60,0.014874081796267596,1.4251002100446368,0.5166666666666667,-0.3537432502508049,12,-0.14068057594611383,0.4554153559335018
F04036,60,0.014852641698693474,1.4220281839258329,0.5166666666666667,-0.3420571079211495,16,-0.15570182241557434,0.5072042728032107
F02710,60,0.01485173591933101,1.4218984843836675,0.5166666666666667,-0.25444659516661616,7,-0.1028424326380824,0.36702909199557304
F03149,60,0.014841093328085319,1.4203750715091825,0.5,-0.4418708108901944,12,-0.13796086941553481,0.7119244728964103
F01032,60,0.014840592948695592,1.4203034688793679,0.5,-0.35236103092108484,8,-0.0929883034788946,0.26506118324702277
F04100,60,0.014828966427579098,1.4186403386456283,0.5166666666666667,-0.40012000254636737,12,-0.1546577457483668,0.40891472975358584
F04736,60,0.014825999041557878,1.4182160452491357,0.55,-0.3382368979504732,11,-0.18250828770270092,0.4104579121100189
F03921,60,0.014824421719501636,1.417990540741568,0.55,-0.38166090489289495,14,-0.14613968682829495,0.5757394110353371
F00800,60,0.014816700511610329,1.416886963563829,0.55,-0.4300928808447161,13,-0.14071958544091967,0.3959299841203235
F01077,60,0.014812475499157816,1.4162833004508073,0.5166666666666667,-0.4196669359296571,13,-0.12826097804540482,0.2385338432788031
F04630,60,0.014791970384144017,1.4133556672191792,0.6333333333333333,-0.24871219217197238,7,-0.1340702376181323,0.31290102802883807
F02294,60,0.014781837044613676,1.411910160128632,0.5333333333333333,-0.45861218324294684,14,-0.12032814084690309,0.4904694462061804
F04211,60,0.014777646081456373,1.4113125738393255,0.5833333333333334,-0.42626996797641903,8,-0.12132865952196004,0.2718352418219672
F04850,60,0.01474389404465309,1.4065052010960821,0.5333333333333333,-0.4309732426937354,10,-0.1548771775920037,0.31770438741605245
F04420,60,0.01474127740182571,1.406132901112135,0.5333333333333333,-0.29378262240464137,9,-0.0999604184218714,0.43857584397438976
F04812,60,0.014740406840642237,1.406009048878654,0.5666666666666667,-0.17478244147900157,5,-0.052587658933630745,0.34643102765392214
F03172,60,0.014739729228851948,1.4059126513386246,0.55,-0.231334177009615,7,-0.11795304852492464,0.30279698374219766
F02783,60,0.014725694694820152,1.4039169421499351,0.5666666666666667,-0.4116798007952476,13,-0.15539806496078712,0.41586603734067257
F04324,60,0.014706550371892526,1.401197246093259,0.55,-0.20950553232886482,6,-0.09268828927142472,0.38328286124072897
F01049,60,0.014698708330878578,1.4000840575647424,0.6,-0.5691485338489217,11,-0.22104148350552852,0.3149830923240215
F00858,60,0.014698514261812467,1.4000565156290032,0.55,-0.6066663361857589,16,-0.22104148350552852,0.570607663901065
F02337,60,0.014694321667326477,1.399461585973131,0.5666666666666667,-0.16374957600622042,6,-0.05982316700303209,0.4602221628664465
F04742,60,0.014687338738030353,1.3984710293598064,0.5666666666666667,-0.4327117553969916,16,-0.16086512080115617,0.5401405002409985
F00152,60,0.01468566195479566,1.3982332307902232,0.5166666666666667,-0.42481233493151915,13,-0.15282830494604477,0.42297965684033395
F00728,60,0.014679421965787212,1.3973484897313715,0.5,-0.4178061281035632,12,-0.16786260636534442,0.3988694287419548
F03731,60,0.014669405221542673,1.3959289299604842,0.5333333333333333,-0.3683133002673845,13,-0.1427390085773659,0.49672791566037333
F00985,60,0.014653735489631853,1.3937098939840022,0.5666666666666667,-0.4483602462139289,11,-0.1546408360296531,0.608519257302319
F01033,60,0.014653735489631853,1.3937098939840022,0.5666666666666667,-0.4483602462139289,11,-0.1546408360296531,0.608519257302319
F01531,60,0.014653735489631853,1.3937098939840022,0.5666666666666667,-0.4483602462139289,11,-0.1546408360296531,0.608519257302319
F01663,60,0.014653735489631853,1.3937098939840022,0.5666666666666667,-0.4483602462139289,11,-0.1546408360296531,0.608519257302319
F01777,60,0.014653735489631853,1.3937098939840022,0.5666666666666667,-0.4483602462139289,11,-0.1546408360296531,0.608519257302319
F01963,60,0.014653735489631853,1.3937098939840022,0.5666666666666667,-0.4483602462139289,11,-0.1546408360296531,0.608519257302319
F02023,60,0.014653735489631853,1.3937098939840022,0.5666666666666667,-0.4483602462139289,11,-0.1546408360296531,0.608519257302319
F02149,60,0.014653735489631853,1.3937098939840022,0.5666666666666667,-0.4483602462139289,11,-0.1546408360296531,0.608519257302319
F02179,60,0.014653735489631853,1.3937098939840022,0.5666666666666667,-0.4483602462139289,11,-0.1546408360296531,0.608519257302319
F02353,60,0.014653735489631853,1.3937098939840022,0.5666666666666667,-0.4483602462139289,11,-0.1546408360296531,0.608519257302319
F02443,60,0.014653735489631853,1.3937098939840022,0.5666666666666667,-0.4483602462139289,11,-0.1546408360296531,0.608519257302319
F02503,60,0.014653735489631853,1.3937098939840022,0.5666666666666667,-0.4483602462139289,11,-0.1546408360296531,0.608519257302319
F03019,60,0.014653735489631853,1.3937098939840022,0.5666666666666667,-0.4483602462139289,11,-0.1546408360296531,0.608519257302319
F03625,60,0.014653735489631853,1.3937098939840022,0.5666666666666667,-0.4483602462139289,11,-0.1546408360296531,0.608519257302319
F04015,60,0.014653735489631853,1.3937098939840022,0.5666666666666667,-0.4483602462139289,11,-0.1546408360296531,0.608519257302319
F04129,60,0.014653735489631853,1.3937098939840022,0.5666666666666667,-0.4483602462139289,11,-0.1546408360296531,0.608519257302319
F04741,60,0.014653735489631853,1.3937098939840022,0.5666666666666667,-0.4483602462139289,11,-0.1546408360296531,0.608519257302319
F04915,60,0.014653735489631853,1.3937098939840022,0.5666666666666667,-0.4483602462139289,11,-0.1546408360296531,0.608519257302319
F03674,60,0.014647913276999536,1.39288590869951,0.4,-0.4000612569433851,10,-0.08656003487311521,0.3727132438993382
F01166,60,0.014636150602927068,1.3912220539019011,0.6,-0.215615352817338,6,-0.07013753418845066,0.2321452748367676
F02146,60,0.014609839347119307,1.3875043892379386,0.55,-0.3833072725004787,10,-0.13737036179228446,0.5483585145073124
F02210,60,0.014608724877950126,1.387347045180391,0.5833333333333334,-0.22991909767197405,8,-0.10197717482877106,0.24793310072618194
F02042,60,0.014606754299897466,1.3870688580894925,0.5333333333333333,-0.22234901601265322,8,-0.06661636690622798,0.18614781647002948
F01462,60,0.014584754998249625,1.38396537359468,0.5833333333333334,-0.4596100803910439,12,-0.22104148350552852,0.43340405990278197
F01937,60,0.01458096480575899,1.3834310845515456,0.55,-0.37771050517479043,9,-0.119626727970848,0.5437089474945418
F01364,60,0.014580129764303347,1.3833133877579478,0.55,-0.3122584905922442,9,-0.06684929310207659,0.1919604555436517
F04469,60,0.014572972682791351,1.3823048512121012,0.5,-0.43810488547195214,15,-0.136994988429576,0.4425789682761392
F04710,60,0.014557866236424244,1.3801775114204484,0.5333333333333333,-0.3505626821651755,11,-0.15067297974855734,0.5015014483653586
F00455,60,0.01455633361868824,1.3799617875175456,0.5833333333333334,-0.3193175568435358,6,-0.08051629878565388,0.2800603996225248
F02560,60,0.014537681075403229,1.3773378855662202,0.5,-0.28446900179937973,6,-0.10169366393141542,0.34486954024601074
F02206,60,0.014529402558377922,1.3761742365997094,0.5666666666666667,-0.4037446630122308,11,-0.14621817384360664,0.48421042487917504
F02339,60,0.01452715520123498,1.375858439156187,0.55,-0.3558171652259122,12,-0.1399534550249956,0.4614284038993727
F00768,60,0.014522658723107136,1.375226720302452,0.5333333333333333,-0.31126976684586205,12,-0.1061696478378246,0.2660617824738487
F04127,60,0.014521725985904968,1.3750956989465362,0.6166666666666667,-0.3084610759976991,10,-0.10299303291834241,0.31006062497867026
F02921,60,0.014511060402465614,1.3735980123344746,0.5333333333333333,-0.27115230628415854,7,-0.07661465911719052,0.40299821746480463
F03141,60,0.014510486465509044,1.373517445077749,0.5666666666666667,-0.3654262377870714,6,-0.09540014713058179,0.3975924099699849
F01384,60,0.014505959589567343,1.3728820723571777,0.6,-0.12856064733442663,3,-0.06305685609922732,0.4110370586548636
F02910,60,0.014501991832483569,1.372325312682095,0.5333333333333333,-0.5043119188756225,12,-0.11707234653239298,0.5552454104973774
F03252,60,0.014495055112125274,1.3713522536723954,0.55,-0.2935039036685302,10,-0.10971196043374358,0.42752669168927804
F01804,60,0.014494639869703344,1.371294017361131,0.6166666666666667,-0.48306512819676095,11,-0.22104148350552852,0.32152689231436027
F00690,60,0.014487819581826916,1.3703376968358598,0.6166666666666667,-0.27933997823156675,4,-0.10792749153974723,0.3648951724443188
F00432,60,0.01447361798070379,1.3683476073249508,0.6,-0.3889271573449914,11,-0.09832049444691926,0.29512928118016635
F04840,60,0.014459625908570209,1.3663884862338729,0.55,-0.3533003988596669,13,-0.12210389128090444,0.5301158571111476
F02303,60,0.014451183925168047,1.3652072400727122,0.55,-0.5741203580794206,9,-0.22104148350552852,0.4511720569148069
F00257,60,0.014437426525350204,1.3632834755036964,0.5833333333333334,-0.4563435926866827,10,-0.11825194934230862,0.4268131620795312
F00200,60,0.014436155000391785,1.3631057496390144,0.55,-0.3198127952885933,9,-0.07956373339972599,0.1930562935933212
F01907,60,0.014421109708572886,1.3610038096912844,0.5833333333333334,-0.5580832231579974,13,-0.14370836938506826,0.33454502506476225
F01918,60,0.014411332215003703,1.3596388063352443,0.6,-0.20257461194426274,5,-0.03694267277784786,0.3601857940597257
F04511,60,0.0143990670791698,1.3579276087673469,0.5166666666666667,-0.43035569901973014,14,-0.13589041114814035,0.5122663896704147
F02711,60,0.014393717984821334,1.3571817002290563,0.55,-0.4927303237910523,11,-0.22104148350552852,0.42752204550562756
F00050,60,0.01437959569937786,1.355213522134386,0.55,-0.41315709389947197,14,-0.15150903571214488,0.5059366806671701
F03564,60,0.014371439095585614,1.3540774984549793,0.5166666666666667,-0.4618064712407173,13,-0.16161291132841263,0.407165335110247
F00399,60,0.014368613016811005,1.353684017638598,0.6166666666666667,-0.21357212752967292,6,-0.057058314355463664,0.16437913778536622
F02249,60,0.014361556332837715,1.352701783216117,0.48333333333333334,-0.41923317013960637,10,-0.13550846052464016,0.4694188439662748
F00206,60,0.014352173506926044,1.3513963925400643,0.5333333333333333,-0.32805406183654595,9,-0.09738351743849784,0.26208276560039645
F00612,60,0.014349232007954302,1.3509873015798513,0.5,-0.4988863618696838,16,-0.17154149306530758,0.5121719962904707
F01674,60,0.01433861146909745,1.3495108253977754,0.5,-0.5832520186364362,15,-0.22104148350552852,0.3728929583420415
F02818,60,0.014334566741562416,1.3489487637807716,0.55,-0.2942494845727477,10,-0.09684162201909169,0.22417419909581493
F01323,60,0.014319483331531917,1.346853915350648,0.6166666666666667,-0.07675340672955788,4,-0.032507004895394834,0.1984982938878371
F03641,60,0.014311887823446688,1.3457997143215383,0.6333333333333333,-0.06086977019607476,5,-0.03245840536299651,0.20468490359279082
F04782,60,0.0143064339578422,1.3450430448539366,0.5166666666666667,-0.34166338068735325,15,-0.1589261520916885,0.24796223599775485
F02747,60,0.014301696843202216,1.344386012205097,0.5166666666666667,-0.48480099920374686,13,-0.19222049201424832,0.557733823696887
F04600,60,0.014278389053777513,1.3411558826985317,0.5666666666666667,-0.41409473904439575,8,-0.12528460074442532,0.43916279903534466
F01216,60,0.014259692298897475,1.3385679409352256,0.6166666666666667,-0.33381730402459,10,-0.08938072528670687,0.17659746766043224
F00978,60,0.014248229565423251,1.3369826992449325,0.5166666666666667,-0.5736528501681355,11,-0.22104148350552852,0.309489565635438
F03681,60,0.014244470591282482,1.3364630810546552,0.5833333333333334,-0.6221703709353852,11,-0.22104148350552852,0.42058764421518463
F01224,60,0.014231935062019719,1.334731065200791,0.5833333333333334,-0.15453146280578256,6,-0.040396401352216234,0.2374965421640948
F00044,60,0.014227821439800893,1.3341629671824018,0.48333333333333334,-0.17165407143184253,5,-0.07081706089891465,0.3727107557653201
F01522,60,0.014224574695579782,1.3337146824279928,0.5666666666666667,-0.36946006770228024,11,-0.1642550122801124,0.4685503840966001
F02505,60,0.01422196474209426,1.33335438208255,0.6,-0.5056855414843457,10,-0.22104148350552852,0.34912385832209314
F01470,60,0.014187397684659157,1.3285876058105872,0.48333333333333334,-0.34832912955604056,12,-0.15867296915630213,0.3727502988726007
F00556,60,0.01418520083142095,1.3282849849127132,0.5666666666666667,-0.41640533524912193,10,-0.13521865384243087,0.40426851065147373
F02025,60,0.014162900554894858,1.325215265451499,0.5333333333333333,-0.10456360941839393,5,-0.04561814028021318,0.36675465153566356
F03036,60,0.014158130806016984,1.3245592078722548,0.48333333333333334,-0.3687590619471468,9,-0.1262204202007501,0.3473224644199614
F04263,60,0.014157476046587418,1.3244691628569698,0.5333333333333333,-0.6451989422310213,12,-0.22104148350552852,0.33507897396005104
F03550,60,0.014151211964549697,1.3236078757444205,0.5833333333333334,-0.4684933349553402,9,-0.22104148350552852,0.2940754250952868
F01684,60,0.014150182776887605,1.3234663964302502,0.5,-0.38416778887390124,16,-0.14410360499553673,0.47876935754694805
F00909,60,0.014139618182908943,1.3220146033291602,0.5166666666666667,-0.4079842629410928,12,-0.15229379807504193,0.47676150816396884
F03434,60,0.014135416003214859,1.3214373851740135,0.5166666666666667,-0.16140415131553698,5,-0.03669384703887524,0.366754386497004
F02338,60,0.014108101046385683,1.3176887967205957,0.5333333333333333,-0.287025673581379,10,-0.08891487854584477,0.2821913738418426
F02495,60,0.014104035904627776,1.317131423038178,0.55,-0.3469077246190456,10,-0.11430829959568083,0.35102855817374046
F04388,60,0.014098862001282289,1.3164222171145163,0.5166666666666667,-0.21899358299630267,6,-0.08706815715301003,0.3755452868870862
F04157,60,0.014094624953694861,1.3158415884258297,0.5333333333333333,-0.6146159830591728,7,-0.11144551767186825,0.48985224671646727
F04479,60,0.01408671690039859,1.3147582820425452,0.55,-0.4509153489247467,8,-0.11210316075892718,0.27433952699393144
F03440,60,0.014082975197721984,1.3142458883126422,0.5666666666666667,-0.22049123355749967,7,-0.088200392064013,0.28843711166945624
F03040,60,0.014072218485578894,1.3127734710004728,0.5333333333333333,-0.27945498439845906,14,-0.12067536166290123,0.4241036026756247
F01251,60,0.014064679055757787,1.311741995976747,0.5333333333333333,-0.4240568735578324,9,-0.11005565964508209,0.38414034787830786
F03297,60,0.01405173430209918,1.309972069554155,0.5833333333333334,-0.38406298969343844,12,-0.12247673113476397,0.346258198593106
F00746,60,0.014020667274806158,1.3057297330360282,0.48333333333333334,-0.42861291694826986,13,-0.07550124599555609,0.3610507939037878
F03370,60,0.014018734289250418,1.3054660288460878,0.6166666666666667,-0.4814290377056296,9,-0.22104148350552852,0.37828822747597085
F00181,60,0.014016060156858814,1.3051012638820172,0.55,-0.47012124800053057,16,-0.14047737851295253,0.5153050821353987
F00343,60,0.014016060156858814,1.3051012638820172,0.55,-0.47012124800053057,16,-0.14047737851295253,0.5153050821353987
F00709,60,0.014016060156858814,1.3051012638820172,0.55,-0.47012124800053057,16,-0.14047737851295253,0.5153050821353987
F01081,60,0.014016060156858814,1.3051012638820172,0.55,-0.47012124800053057,16,-0.14047737851295253,0.5153050821353987
F01945,60,0.014016060156858814,1.3051012638820172,0.55,-0.47012124800053057,16,-0.14047737851295253,0.5153050821353987
F02305,60,0.014016060156858814,1.3051012638820172,0.55,-0.47012124800053057,16,-0.14047737851295253,0.5153050821353987
F02497,60,0.014016060156858814,1.3051012638820172,0.55,-0.47012124800053057,16,-0.14047737851295253,0.5153050821353987
F02701,60,0.014016060156858814,1.3051012638820172,0.55,-0.47012124800053057,16,-0.14047737851295253,0.5153050821353987
F03817,60,0.014016060156858814,1.3051012638820172,0.55,-0.47012124800053057,16,-0.14047737851295253,0.5153050821353987
F04189,60,0.014016060156858814,1.3051012638820172,0.55,-0.47012124800053057,16,-0.14047737851295253,0.5153050821353987
F04465,60,0.014016060156858814,1.3051012638820172,0.55,-0.47012124800053057,16,-0.14047737851295253,0.5153050821353987
F04645,60,0.014016060156858814,1.3051012638820172,0.55,-0.47012124800053057,16,-0.14047737851295253,0.5153050821353987
F00329,60,0.014010236441454656,1.3043070764850784,0.55,-0.2988068710743499,10,-0.11242856821673697,0.2948715392963154
F02196,60,0.014005395477833464,1.30364711297901,0.48333333333333334,-0.39040623335927316,8,-0.09848389168004691,0.5118624871535083
F02038,60,0.014000253665167222,1.3029463385886162,0.5,-0.3869748594095068,12,-0.12766160470718924,0.5467075093839475
F01138,60,0.014000045975972352,1.3029180371648734,0.4666666666666667,-0.34452423528275844,10,-0.12885631759326657,0.3009508999463314
F01472,60,0.01399995125691335,1.3029051300868577,0.45,-0.25812048536537247,7,-0.07098026697531656,0.31292423565760574
F01780,60,0.01399464433036451,1.3021820849824812,0.6,-0.28936116480771423,6,-0.09435334182177131,0.4419801752627154
F02147,60,0.013993497191959125,1.3020258218286878,0.55,-0.2968166086937464,10,-0.09964325778471053,0.5196463186529032
F04062,60,0.01398622051795781,1.3010348364354325,0.5166666666666667,-0.4247962009018028,10,-0.13319214659453846,0.5232698874126287
F04883,60,0.013968296751796344,1.2985956487864514,0.5333333333333333,-0.3882691574124538,14,-0.1349531635562707,0.40838626223582997
F02226,60,0.013949103413640439,1.2959865082107922,0.48333333333333334,-0.42195263659774307,10,-0.10798710134518062,0.39013743248402905
F01883,60,0.01393127498969642,1.2935655230498173,0.55,-0.37704447087251114,12,-0.14724230563233653,0.4628678768993516
F02738,60,0.013907019992619904,1.2902758808418495,0.5166666666666667,-0.32243038045878425,10,-0.12867822649500366,0.3671817586559812
F03863,60,0.013905045917390675,1.2900083464156267,0.5,-0.30726777960988294,10,-0.10680992827975426,0.24065600707937004
F04535,60,0.013902415442428326,1.2896519018766526,0.5333333333333333,-0.2302440209981943,4,-0.06641902485740055,0.4534000314750866
F03596,60,0.01389247635571052,1.288305590707357,0.5833333333333334,-0.2143194940075117,9,-0.099446190651911,0.2340027524674754
F01154,60,0.01388917415260279,1.2878584590422277,0.48333333333333334,-0.4710849636285114,15,-0.17140256990380454,0.45333459160554523
F01839,60,0.013888328247467321,1.287743933886782,0.6333333333333333,-0.1748536830799261,6,-0.05979945227585732,0.19112908568894443
F03075,60,0.013883907099702055,1.2871454565567242,0.6,-0.11562130492144151,5,-0.04316256488048122,0.25031281708255604
F02680,60,0.013883286630417076,1.2870614778362577,0.5833333333333334,-0.5056908014559895,8,-0.22104148350552852,0.3756951231464147
F00202,60,0.013881726869782878,1.2868503821438777,0.6166666666666667,-0.48677635601444813,8,-0.22104148350552852,0.28419440208210855
F02772,60,0.01387542378365358,1.2859975269422472,0.5833333333333334,-0.35349386396255955,13,-0.15851995630568533,0.49285886173535265
F00030,60,0.013860500994580553,1.283979607362697,0.5166666666666667,-0.28962040464479577,13,-0.1494317053419114,0.3953891301456193
F04809,60,0.01385999607462523,1.283911360699311,0.5166666666666667,-0.16089293032286045,7,-0.05631731669169587,0.3843021277758432
F02322,60,0.013859466009940369,1.2838397175480516,0.5666666666666667,-0.6095719706842921,10,-0.22104148350552852,0.4141798179749387
F00693,60,0.013857395381732005,1.2835598741457974,0.5,-0.35472112544236667,7,-0.10673220659438484,0.37976122640352045
F02331,60,0.013851962217943537,1.28282574760944,0.4666666666666667,-0.38041980108537166,14,-0.1243257456805633,0.4976446424750388
F00857,60,0.013850766556371087,1.2826642215385098,0.5666666666666667,-0.2932891610309255,11,-0.1448286208252354,0.47651983022664035
F02984,60,0.013839618060471858,1.281158673372885,0.5,-0.3949122131245204,10,-0.11831743305418715,0.3880136940403145
F01614,60,0.013828344731672751,1.2796372600691246,0.5333333333333333,-0.2522930194416514,6,-0.0867595562379828,0.36656888030104023
F00621,60,0.013818418281603307,1.2782984434456819,0.5666666666666667,-0.42884202121232995,8,-0.10405489171281772,0.3400046568051469
F02121,60,0.013800026359319002,1.2758199007214328,0.4666666666666667,-0.5244338026107525,15,-0.1563722354551678,0.43614116274596504
F00568,60,0.013795534920640729,1.275215025827288,0.5833333333333334,-0.2616952122797226,9,-0.09925784214899551,0.19448602830315076
F00054,60,0.013792855045478758,1.274854194678599,0.6,-0.28183777168295143,6,-0.0741116172736665,0.37952095590012086
F03275,60,0.013778823456784647,1.2729658332333256,0.5166666666666667,-0.4960963105217949,13,-0.18736784242249838,0.509434948550908
F04715,60,0.01376966033011532,1.2717334980770683,0.48333333333333334,-0.49152935643240914,16,-0.1414894162706113,0.5617005558922801
F03234,60,0.013767740057649823,1.2714753267959753,0.5166666666666667,-0.25458174395227495,8,-0.06180955394481284,0.40438449451967
F01059,60,0.013759635626438236,1.2703860432839806,0.6,-0.19880460325847815,9,-0.08801526530457997,0.18483619667474627
F01720,60,0.013758890002395052,1.2702858528069645,0.5,-0.4892515737351546,15,-0.16656716615503095,0.4208220258239473
F02102,60,0.013755161178777422,1.2697848711384245,0.5833333333333334,-0.29948748797430125,10,-0.07229249578846815,0.23721535494518076
F04512,60,0.013753915122101558,1.2696174829080724,0.5166666666666667,-0.30697022254178774,14,-0.13456375478446647,0.3318123571631799
F03922,60,0.013739868464324897,1.2677313735612659,0.5166666666666667,-0.3485147666726549,14,-0.12918655825220327,0.5033896566850691
F01773,60,0.013733530627063445,1.2668808676822332,0.5166666666666667,-0.401278165679985,15,-0.15841690021149174,0.5056678231861044
F00220,60,0.01371288880556369,1.264113012876149,0.5666666666666667,-0.23694007007173967,7,-0.06627679965238663,0.1785617519674718
F01600,60,0.013711859569593133,1.263975089991792,0.48333333333333334,-0.41898072854903734,10,-0.14077153757235314,0.37027354350746955
F03686,60,0.013702474315614955,1.2627177990480707,0.5666666666666667,-0.39471918084033464,15,-0.13556392019169344,0.5088946452174092
F03378,60,0.013688193743526169,1.2608060262874758,0.5333333333333333,-0.3216992990322124,14,-0.13446811492707722,0.45966600520927625
F02093,60,0.013685355966229737,1.2604263157857596,0.48333333333333334,-0.22996467407066923,6,-0.04271456152149553,0.4062917955471742
F02649,60,0.013682930514329858,1.2601018264379116,0.48333333333333334,-0.41151215486352366,9,-0.10431487543952168,0.3009272858856796
F03272,60,0.013681928246016821,1.2599677512371055,0.5,-0.19284727245948308,9,-0.053082507739338,0.23416226018626132
F00743,60,0.013671686594355281,1.2585981556340768,0.5833333333333334,-0.06387601251614561,3,-0.030279480347936247,0.24951589196676022
F03688,60,0.013664980116918598,1.2577017540583197,0.5,-0.3540986345709737,9,-0.1745992398465544,0.334557243818646
F03441,60,0.013662037812596766,1.2573085900261463,0.6666666666666666,-0.0614860648366643,3,-0.03626167439086562,0.18369353173822509
F00747,60,0.013655273457931976,1.2564049616082076,0.4666666666666667,-0.31162282427440813,13,-0.13000356711627087,0.401077171990868
F01811,60,0.013654171654323833,1.2562578088940608,0.5833333333333334,-0.3946568883047604,11,-0.11564649070636275,0.3215128916597173
F00706,60,0.0136508337953334,1.2558120746921442,0.55,-0.435675203383484,15,-0.1542916216616182,0.46346600913692754
F02123,60,0.013646616048236956,1.255248964986519,0.48333333333333334,-0.38840346909147316,16,-0.15153582836332913,0.49628120476459825
F01841,60,0.013631376209998545,1.2532154521473835,0.55,-0.2607349446125593,11,-0.12131625803518785,0.31188135623775554
F04918,60,0.013621223414501407,1.2518617246669304,0.55,-0.45639105810539415,10,-0.22104148350552852,0.2841944020821086
F02780,60,0.013619782711470936,1.2516696926982411,0.6,-0.2414673348441969,9,-0.0836751799306076,0.39719696097014223
F00208,60,0.01360541761978834,1.2497558435622391,0.5833333333333334,-0.29136757243792577,7,-0.08425137427524748,0.20774658718299435
F03022,60,0.013586942465650178,1.2472967656726373,0.5666666666666667,-0.17085497778643688,5,-0.07848217556067823,0.3052600365888079
F00412,60,0.01357531386875165,1.245750333027758,0.5833333333333334,-0.4999325578438274,8,-0.22104148350552852,0.4922665135034488
F01848,60,0.013574099308076692,1.2455888746584347,0.55,-0.21276757947707192,7,-0.07206139421064924,0.24969137113318812
F01298,60,0.013567226238003015,1.244675413905893,0.5166666666666667,-0.38836417912315635,13,-0.16756971009003452,0.3998977415401693
F01665,60,0.013554350376012584,1.2429651394468473,0.5666666666666667,-0.45036227314024935,12,-0.13687606363981178,0.5237646532600998
F02958,60,0.013552585133190242,1.242730765748433,0.5333333333333333,-0.350528562993188,8,-0.14598459467020647,0.37022555875241586
F02814,60,0.013527331021517045,1.2393803784236517,0.5166666666666667,-0.43084454618348844,13,-0.16080958466720088,0.41296768016656543
F00837,60,0.013519913192986923,1.238397212808867,0.5,-0.42380185284717664,16,-0.14109020776255035,0.4937108850827144
F03353,60,0.013519745993553782,1.2383750569388803,0.5666666666666667,-0.19749578376619759,7,-0.1036615422842119,0.35121118524009665
F00512,60,0.013517806110316099,1.238118015607116,0.5666666666666667,-0.21616891692617102,7,-0.08695523015858007,0.22948545610562196
F00666,60,0.013517499812129153,1.238077432676584,0.48333333333333334,-0.31608633269914,15,-0.10606052127264856,0.3484294480290105
F00123,60,0.013513629669322437,1.2375647210376046,0.55,-0.37412073230366083,7,-0.09542587369905484,0.2687290165386359
F01912,60,0.013513081996469998,1.2374921753579367,0.5166666666666667,-0.10823955940262842,3,-0.03554785911214936,0.40402251055946303
F04040,60,0.013497769340729965,1.2354647709622109,0.48333333333333334,-0.30347573682568607,8,-0.12456295696818548,0.500921701937552
F04994,60,0.013495965291947479,1.2352260328500173,0.65,-0.05349881993826422,2,-0.018241957497883057,0.40479324729053684
F04964,60,0.01348759582691172,1.23411879078294,0.45,-0.2667017595799074,10,-0.06898474119573828,0.3771556567539228
F02362,60,0.013476392227356696,1.2326374498210746,0.6,-0.21797523668022667,3,-0.06058652555339808,0.35576159659826484
F01689,60,0.013467766284744971,1.2314975850165175,0.55,-0.5467340266346721,12,-0.12780581116761083,0.5533233652722696
F02486,60,0.013436821436665148,1.2274131221358906,0.55,-0.19043113196048178,6,-0.04145937023745791,0.1998737225258133
F00124,60,0.013420347272422944,1.225241668863514,0.5,-0.29176322516440545,11,-0.10918154013124559,0.5092228929831033
F00590,60,0.013403090996994736,1.2229693580193164,0.5,-0.4176229358767126,9,-0.09434206482032421,0.2543403529733665
F02252,60,0.013400725560081464,1.22265805454491,0.55,-0.4130757226144006,13,-0.15038686293404493,0.5301360348880202
F02457,60,0.013397137210982235,1.222185891474202,0.5333333333333333,-0.35217341282917525,10,-0.11690386746758805,0.45807141549749075
F00338,60,0.013396684700707883,1.2221263561549391,0.5333333333333333,-0.2578022780536252,6,-0.059590073999331236,0.24932501842066143
F02120,60,0.01339212490206963,1.221526525660308,0.55,-0.4219555240569197,14,-0.15038686293404493,0.5301360348880202
F03567,60,0.013382912797614341,1.2203151812929316,0.5666666666666667,-0.31654371949454163,10,-0.09999622939149393,0.26477521953418465
F00675,60,0.013375417345376124,1.2193300471191169,0.48333333333333334,-0.42856211987377,16,-0.15585020172452466,0.4670419552240548
F03556,60,0.01336700547679588,1.2182249793460684,0.5666666666666667,-0.5134266561770118,9,-0.22104148350552852,0.3266542795289124
F02453,60,0.013360674961003138,1.217393695873214,0.5166666666666667,-0.5248471529428422,10,-0.22104148350552852,0.44057153069151683
F03936,60,0.013360400652509947,1.2173576823344168,0.5666666666666667,-0.38663554198709005,15,-0.14212205496999228,0.49116874283780654
F01446,60,0.013355877105591218,1.2167638757810746,0.43333333333333335,-0.32855252333541307,9,-0.12301270604161302,0.42805867849977414
F03010,60,0.013352703920268603,1.216347424679939,0.5833333333333334,-0.37235041778789146,11,-0.0875217766220058,0.18683329510625254
F02590,60,0.013348697260330701,1.2158216976724896,0.6166666666666667,-0.21538340321991167,7,-0.10577173184642617,0.3333058623514174
F00838,60,0.013345712121290406,1.2154300874937003,0.5166666666666667,-0.3756348226048909,7,-0.10975877876582046,0.29827561984504397
F04110,60,0.013337531202461372,1.2143572095375248,0.6166666666666667,-0.2587108770880765,5,-0.09237953375913499,0.3394531137571527
F03954,60,0.013332204137232538,1.2136588718687933,0.5333333333333333,-0.569795611266365,12,-0.22104148350552852,0.3121190518223786
F01264,60,0.013329989406165735,1.2133686012367542,0.55,-0.5493827332577433,11,-0.1213068477792814,0.34946006413642644
F00945,60,0.013311344913218894,1.2109264701557043,0.5,-0.2707397003973112,6,-0.07201676964123506,0.3642591654274419
F01175,60,0.01331040283376548,1.2108031431277353,0.4666666666666667,-0.4123840335725043,11,-0.09511897855660165,0.4764228709493633
F00732,60,0.013309137740195525,1.2106375411664851,0.5166666666666667,-0.43567855643200093,11,-0.12910386445581937,0.6218308233792769
F04365,60,0.013308316113335224,1.2105299959562728,0.5666666666666667,-0.36289388829478586,9,-0.10455031164574524,0.3265786484826165
F03669,60,0.013305352832996786,1.2101421660190512,0.5,-0.4421195677350731,14,-0.14279360552668965,0.46191580674628197
F02585,60,0.013283894285908511,1.2073356976397163,0.5333333333333333,-0.46875116853777476,12,-0.1592720932510036,0.4766769762534389
F00263,60,0.013265796547342838,1.2049714987799427,0.5166666666666667,-0.478484990976364,14,-0.14634354244911524,0.5857650054612118
F02060,60,0.013262017848509739,1.2044781826109445,0.5166666666666667,-0.6578060994709056,13,-0.22104148350552852,0.42922944883337516
F03628,60,0.01325891530946624,1.2040732214996823,0.5833333333333334,-0.44481151081576253,11,-0.22104148350552852,0.3868332526224057
F04353,60,0.013254662427501798,1.2035182299230978,0.5333333333333333,-0.3160396867688704,12,-0.10597424790401094,0.2877265640881012
F04754,60,0.013244146103176459,1.2021464630978111,0.55,-0.40846201863893583,11,-0.1276747506627482,0.3534914107409886
F00423,60,0.013222139819629148,1.199278643508269,0.6,-0.23296382805335947,5,-0.05874412328189035,0.19571677292820513
F01030,60,0.013221929665360238,1.1992512742898533,0.5666666666666667,-0.09906057959166892,7,-0.06074952993300889,0.17159096061570636
F00446,60,0.013211320574680782,1.1978700457512854,0.5833333333333334,-0.3773353447815243,9,-0.11328546639760592,0.22044356402538184
F04664,60,0.013205993525064089,1.1971768233123838,0.55,-0.39901734798042454,9,-0.10389546251724384,0.3786887323440268
F03399,60,0.01320137193762372,1.196575578632674,0.5666666666666667,-0.29868156951167046,7,-0.08941683002576889,0.18119049187786646
F03400,60,0.013194075913967018,1.195626732892653,0.5833333333333334,-0.3317888415266307,8,-0.07895831148927811,0.292259779555147
F03653,60,0.013186601044797986,1.194655046325987,0.5333333333333333,-0.4841667129918963,12,-0.14436263303260663,0.4493146122746872
F03428,60,0.013184633668336197,1.1943993699072655,0.55,-0.33777698792520816,9,-0.11456859518554122,0.3832064159418031
F01139,60,0.013170601633678409,1.1925766432250295,0.55,-0.4270951308114973,13,-0.174320685640618,0.4347592399941758
F00780,60,0.013168711363445927,1.1923312155988892,0.5,-0.39517326824047616,13,-0.1454030801342346,0.31860450883670743
F00216,60,0.013167415515073418,1.1921629817232233,0.48333333333333334,-0.3805962909752191,9,-0.17380072875921834,0.5239889098461963
F02865,60,0.013154591050066515,1.1904987263236682,0.5666666666666667,-0.42172355819964114,10,-0.10680057480023507,0.24214519493395098
F01658,60,0.013149576310385129,1.1898482918962103,0.6,-0.42222605348924513,11,-0.14364710204350437,0.24215245805414154
F01925,60,0.013128478735335819,1.1871139205736019,0.5833333333333334,-0.37595965436609746,7,-0.12832603586643124,0.29550307241658486
F04792,60,0.013103324977347662,1.1838582312151327,0.5333333333333333,-0.24277378490927215,3,-0.047615009262697607,0.2617347051484283
F00964,60,0.013093122834822548,1.1825391111455663,0.5833333333333334,-0.3888888557041139,7,-0.12398542072476912,0.36392532139924766
F04316,60,0.01309072022682456,1.1822285719288184,0.5,-0.5380977898028412,13,-0.1524260204402543,0.390196765104835
F00013,60,0.013086716083694763,1.1817111294152731,0.55,-0.42024070029261473,14,-0.14092290350012873,0.21759913253377836
F00025,60,0.013086716083694763,1.1817111294152731,0.55,-0.42024070029261473,14,-0.14092290350012873,0.21759913253377836
F00133,60,0.013086716083694763,1.1817111294152731,0.55,-0.42024070029261473,14,-0.14092290350012873,0.21759913253377836
F00313,60,0.013086716083694763,1.1817111294152731,0.55,-0.42024070029261473,14,-0.14092290350012873,0.21759913253377836
F00361,60,0.013086716083694763,1.1817111294152731,0.55,-0.42024070029261473,14,-0.14092290350012873,0.21759913253377836
F00385,60,0.013086716083694763,1.1817111294152731,0.55,-0.42024070029261473,14,-0.14092290350012873,0.21759913253377836
F00493,60,0.013086716083694763,1.1817111294152731,0.55,-0.42024070029261473,14,-0.14092290350012873,0.21759913253377836
F00667,60,0.013086716083694763,1.1817111294152731,0.55,-0.42024070029261473,14,-0.14092290350012873,0.21759913253377836
F01369,60,0.013086716083694763,1.1817111294152731,0.55,-0.42024070029261473,14,-0.14092290350012873,0.21759913253377836
F01699,60,0.013086716083694763,1.1817111294152731,0.55,-0.42024070029261473,14,-0.14092290350012873,0.21759913253377836
F02815,60,0.013086716083694763,1.1817111294152731,0.55,-0.42024070029261473,14,-0.14092290350012873,0.21759913253377836
F02833,60,0.013086716083694763,1.1817111294152731,0.55,-0.42024070029261473,14,-0.14092290350012873,0.21759913253377836
F03127,60,0.013086716083694763,1.1817111294152731,0.55,-0.42024070029261473,14,-0.14092290350012873,0.21759913253377836
F04231,60,0.013086716083694763,1.1817111294152731,0.55,-0.42024070029261473,14,-0.14092290350012873,0.21759913253377836
F04837,60,0.013086716083694763,1.1817111294152731,0.55,-0.42024070029261473,14,-0.14092290350012873,0.21759913253377836
F04950,60,0.013069553954920534,1.1794946892363467,0.65,-0.0667500792296426,3,-0.03809866810432638,0.12088314430048135
F04968,60,0.013067485069866474,1.1792276482026791,0.43333333333333335,-0.3225366633777558,5,-0.06857418168575417,0.3839967797289187
F04103,60,0.013064615389177393,1.1788572978535123,0.5166666666666667,-0.49224404141693223,14,-0.16859980710256878,0.5187653062264701
F00346,60,0.013059669983611596,1.178219207375025,0.5833333333333334,-0.319028181042456,11,-0.12355329553597302,0.40589557320141123
F03411,60,0.013059130098414834,1.1781495587737219,0.5333333333333333,-0.34829765096677456,9,-0.11558043424619942,0.3790485019721703
F02620,60,0.013056769934766106,1.1778451084631358,0.55,-0.07251906760192539,4,-0.03467107505685828,0.18806996752039112
F04179,60,0.01304909804913313,1.1768557593779585,0.48333333333333334,-0.63461097727689,14,-0.22104148350552852,0.38010460257295675
F01127,60,0.0130342932032494,1.1749478089758116,0.5166666666666667,-0.41927048174571035,17,-0.1462122680105756,0.4312461620295267
F02632,60,0.013033153262589222,1.1748009691803083,0.6166666666666667,-0.0989307035242647,5,-0.04306085781855493,0.16983040881184294
F03677,60,0.013030552381544814,1.1744659769714212,0.6,-0.1657175168020164,5,-0.05246081971727895,0.2313552338311037
F02474,60,0.013024115779656684,1.1736371639392509,0.5666666666666667,-0.05803508135006641,4,-0.02935431087118961,0.19390141628619478
F02361,60,0.012990030991150555,1.169253390330704,0.45,-0.29917831081833424,6,-0.07894254852507222,0.4671436124739513
F02580,60,0.012988840600054936,1.1691004468470094,0.5166666666666667,-0.4964015232302492,12,-0.18136720793432695,0.3736991109397483
F00580,60,0.012988034698285847,1.1689969092289103,0.5,-0.422781639947842,17,-0.14162207524498804,0.5089217156465761
F00932,60,0.012980320419772085,1.1680060690248353,0.5666666666666667,-0.5233672542218634,9,-0.22104148350552852,0.3614053582632944
F03006,60,0.012977308843332515,1.1676193758220559,0.5,-0.44252043334707014,15,-0.1491742816310543,0.4213780973309873
F00366,60,0.012972727528553411,1.1670312547375947,0.5666666666666667,-0.4046008057425179,14,-0.14741831524790447,0.5198844219906884
F02650,60,0.0129700552852008,1.1666882809884203,0.5166666666666667,-0.3213090110917667,9,-0.14073334440679222,0.3632581915617021
F02346,60,0.012963904197325292,1.165899011681411,0.5833333333333334,-0.5113760901140535,12,-0.12618666801404,0.3943482728908811
F04745,60,0.012958839488321265,1.1652493519838014,0.5833333333333334,-0.17789644576476615,8,-0.0648718724459872,0.16615081857942335
F02259,60,0.012948454076829331,1.1639177950769768,0.5833333333333334,-0.29739001396911413,5,-0.08508536854325628,0.28900486114940893
F02740,60,0.012925093723730128,1.1609256087283542,0.55,-0.49690143328903125,11,-0.11944688373194545,0.3761797554207615
F03881,60,0.012897916490223968,1.1574496446377989,0.5833333333333334,-0.11272527319563563,4,-0.05333617663941192,0.27548663685877495
F04487,60,0.012897773408522804,1.1574313590668268,0.5666666666666667,-0.3165355696348199,12,-0.13520999654142388,0.3532250952746354
F03627,60,0.01289039116557261,1.1564881291147833,0.4666666666666667,-0.4912565715715521,14,-0.11756697466291792,0.4143077160823728
F02982,60,0.0128869135968735,1.1560439403152483,0.5833333333333334,-0.40240613120189306,9,-0.09701322719290043,0.3269093000415596
F00490,60,0.012882822058619047,1.1555214445652529,0.5333333333333333,-0.347118251554432,11,-0.1394229857291144,0.3996520976719965
F04805,60,0.012873761326769399,1.1543648182525073,0.55,-0.373621943508313,15,-0.1472742166977551,0.3869591470678214
F02001,60,0.012865703450924294,1.15333672187192,0.5,-0.4267600559587519,12,-0.1577201085645188,0.46319498288027466
F01646,60,0.012862655401182959,1.152947950007603,0.4666666666666667,-0.24477522695292153,10,-0.08814273867372824,0.24910808414321728
F02130,60,0.01284815422332669,1.1510993025922387,0.48333333333333334,-0.4244898381814233,14,-0.1457462790504088,0.45555303881491516
F02908,60,0.012837437323523352,1.149734087797989,0.6,-0.15596811773486052,3,-0.04039965894868474,0.18312460597289554
F04473,60,0.012836758704765602,1.1496476679449383,0.43333333333333335,-0.5269927002546324,14,-0.09426378152410583,0.4089446948546502
F02318,60,0.01283246009854172,1.1491003340176191,0.5833333333333334,-0.5017919949785974,9,-0.11453100729784615,0.32260822447710047
F00754,60,0.012829879755959856,1.1487718493822534,0.5333333333333333,-0.46873883828808993,9,-0.11523399961881518,0.36627900255906604
F02951,60,0.012829103446064628,1.1486730326807293,0.5666666666666667,-0.2760174149448852,6,-0.10191903670607232,0.3590664808976789
F00407,60,0.0128249734035917,1.1481473935509339,0.6,-0.4478984612691813,11,-0.22104148350552852,0.2841944020821086
F01512,60,0.012821471047090006,1.1477017404075092,0.5833333333333334,-0.4127451158124804,10,-0.13647448958152647,0.41402240484477043
F00061,60,0.012812506989119501,1.146561533703549,0.5666666666666667,-0.5269333828784293,9,-0.22104148350552852,0.3405958956111363
F00451,60,0.012812506989119501,1.146561533703549,0.5666666666666667,-0.5269333828784293,9,-0.22104148350552852,0.3405958956111363
F00961,60,0.012812506989119501,1.146561533703549,0.5666666666666667,-0.5269333828784293,9,-0.22104148350552852,0.3405958956111363
F01051,60,0.012812506989119501,1.146561533703549,0.5666666666666667,-0.5269333828784293,9,-0.22104148350552852,0.3405958956111363
F01129,60,0.012812506989119501,1.146561533703549,0.5666666666666667,-0.5269333828784293,9,-0.22104148350552852,0.3405958956111363
F01813,60,0.012812506989119501,1.146561533703549,0.5666666666666667,-0.5269333828784293,9,-0.22104148350552852,0.3405958956111363
F01831,60,0.012812506989119501,1.146561533703549,0.5666666666666667,-0.5269333828784293,9,-0.22104148350552852,0.3405958956111363
F01897,60,0.012812506989119501,1.146561533703549,0.5666666666666667,-0.5269333828784293,9,-0.22104148350552852,0.3405958956111363
F01921,60,0.012812506989119501,1.146561533703549,0.5666666666666667,-0.5269333828784293,9,-0.22104148350552852,0.3405958956111363
F02185,60,0.012812506989119501,1.146561533703549,0.5666666666666667,-0.5269333828784293,9,-0.22104148350552852,0.3405958956111363
F02821,60,0.012812506989119501,1.146561533703549,0.5666666666666667,-0.5269333828784293,9,-0.22104148350552852,0.3405958956111363
F03193,60,0.012812506989119501,1.146561533703549,0.5666666666666667,-0.5269333828784293,9,-0.22104148350552852,0.3405958956111363
F03397,60,0.012812506989119501,1.146561533703549,0.5666666666666667,-0.5269333828784293,9,-0.22104148350552852,0.3405958956111363
F04081,60,0.012812506989119501,1.146561533703549,0.5666666666666667,-0.5269333828784293,9,-0.22104148350552852,0.3405958956111363
F04005,60,0.012804833613032342,1.1455859715141274,0.5333333333333333,-0.4569368993403823,10,-0.15510912824317655,0.2574868857800477
F04749,60,0.012799773121926131,1.1449428396021597,0.6166666666666667,-0.34297479776652207,8,-0.11148292758957312,0.31540764116868514
F00893,60,0.012791248155979153,1.1438598402512112,0.5333333333333333,-0.3571649719082587,6,-0.09046316618982468,0.30755496379772274
F03447,60,0.01278885298439047,1.1435556578858646,0.5333333333333333,-0.15929075636509216,4,-0.053094269152071494,0.40330079951794184
F00395,60,0.012787743143841067,1.1434147245761501,0.5,-0.6076385495887631,18,-0.15154239542159084,0.4944071617264013
F01035,60,0.01278128695118279,1.142595064396187,0.5166666666666667,-0.3444713784412654,7,-0.08474262796922535,0.24856854732150352
F03144,60,0.012773369092696683,1.1415902559886137,0.5666666666666667,-0.39841459589238304,12,-0.15664326495980463,0.4218589510174967
F02542,60,0.012767393777234692,1.140832270988,0.5,-0.459591715257359,7,-0.1232560559521919,0.36381630670144743
F00520,60,0.012764832209552305,1.140507409960299,0.55,-0.30226887089180776,8,-0.08839814066834474,0.24052184673690463
F03911,60,0.012762029595266908,1.1401520346500296,0.55,-0.3270467712584285,9,-0.11786490127237859,0.3507362728180107
F00189,60,0.012751116118858846,1.1387687437213323,0.6,-0.20747651452525373,8,-0.09061340403190485,0.1638521667015164
F00980,60,0.012748216946104295,1.1384014193296497,0.6,-0.1759620079836025,4,-0.046930431164545566,0.3617211428952022
F04572,60,0.012743585105057305,1.1378146950630774,0.5666666666666667,-0.24866127903324098,7,-0.07307788639500103,0.17168455162992008
F04169,60,0.01273724639237557,1.1370120146070466,0.5833333333333334,-0.21044040304142853,6,-0.08379292760312747,0.22463635205988478
F01562,60,0.012727495152285107,1.1357777794078516,0.5333333333333333,-0.5495206768197242,17,-0.13946190214524484,0.4930975910835079
F02998,60,0.012727393658794783,1.1357649368474445,0.5,-0.22212397186116162,7,-0.06370194791043336,0.36731128800606266
F01186,60,0.01272006640040142,1.1348379769187278,0.5666666666666667,-0.2940432213473002,7,-0.08833616460118755,0.25302305271548275
F04193,60,0.012704434699159453,1.1328617570469337,0.5833333333333334,-0.23811314059677569,6,-0.05069975242249912,0.1514387438348303
F01257,60,0.012695984676409132,1.1317942217898196,0.5833333333333334,-0.4095076041205462,11,-0.16331543670281176,0.29042710647900377
F04564,60,0.012692085069339694,1.1313017413808533,0.5166666666666667,-0.45817064082008474,10,-0.13725048746355026,0.5077868831544416
F02547,60,0.012688961703884654,1.1309073730215782,0.5666666666666667,-0.11667576420615877,6,-0.06355389069660629,0.13145190597971074
F03551,60,0.012686469033927493,1.1305926902324113,0.5666666666666667,-0.4634843971572882,7,-0.22104148350552852,0.28419440208210855
F04954,60,0.01268407865950221,1.1302909644871093,0.5666666666666667,-0.19919583526243734,3,-0.05887273094144746,0.40705605186348165
F03813,60,0.01268279707091672,1.1301292128776153,0.5166666666666667,-0.31180532561840557,6,-0.0659794369494398,0.17139514014180451
F04379,60,0.012662465409916251,1.1275647322113236,0.48333333333333334,-0.5081601875243393,11,-0.15335088912955716,0.5363179894689675
F03485,60,0.01266107230195811,1.127389127376754,0.6,-0.3807062875979641,9,-0.10628908585024814,0.22030612777593753
F00242,60,0.012639054932265902,1.124615673296614,0.6,-0.3960359543712223,7,-0.12776737010543782,0.3736114607750388
F02872,60,0.012620540593799395,1.1222862364674162,0.55,-0.2308192504563975,10,-0.08388745144707783,0.15314515692428673
F03701,60,0.012620440664964554,1.1222736704390828,0.5666666666666667,-0.46606564978374865,13,-0.22104148350552852,0.5217639655161128
F03335,60,0.01262005998850971,1.1222258011313895,0.5833333333333334,-0.25531478854577094,8,-0.07211833950037885,0.23759279360522603
F03101,60,0.012613047257970786,1.1213441541125428,0.5166666666666667,-0.4063841833469628,9,-0.11338298189180504,0.26621712294498273
F01727,60,0.01260529908238795,1.1203704650545552,0.6,-0.572524862640631,10,-0.22104148350552852,0.2912158033798232
F04132,60,0.012567038726291238,1.1155688447486964,0.55,-0.46543605861401605,11,-0.1167012874161249,0.35928582148508753
F04438,60,0.012550692159886027,1.1135206353366183,0.5833333333333334,-0.17627336624188483,5,-0.04607787435246517,0.14681671730522644
F00074,60,0.012545731834475079,1.1128994969420196,0.5333333333333333,-0.4923320704891889,7,-0.22104148350552852,0.30145933160189503
F00600,60,0.012510674536710292,1.108514691052076,0.43333333333333335,-0.4302437806868141,15,-0.14883963909608772,0.3565041317462633
F00310,60,0.012505369530643249,1.1078519451799886,0.55,-0.3688152838440846,11,-0.15430789873157058,0.33721983007323597
F00059,60,0.012490850724213314,1.1060391813279562,0.5,-0.46986447988322244,11,-0.1699499853478056,0.42228001111132973
F03356,60,0.012434156443881118,1.0989752148125782,0.5166666666666667,-0.4549474021065876,10,-0.15610215653127904,0.3450397577236663
F04186,60,0.012431181065533111,1.0986051342125234,0.48333333333333334,-0.4612095680379642,10,-0.13765816392741675,0.6042494369499607
F00118,60,0.012427783581863415,1.0981826301834903,0.4666666666666667,-0.3601946458152093,10,-0.09156856593181172,0.3462526022039475
F01533,60,0.012422752187425976,1.0975570900472653,0.5166666666666667,-0.5345954634333117,16,-0.15011191542679148,0.5429623941088256
F04725,60,0.012422156842232185,1.097483084468044,0.5,-0.247781601352276,4,-0.07352261727301246,0.3677533207609949
F00629,60,0.012402374713993148,1.0950254868418328,0.5666666666666667,-0.4290895964349448,11,-0.14948999124822898,0.3391175594188792
F02891,60,0.012394815253374146,1.0940870986048616,0.6,-0.45029349348224346,8,-0.22104148350552852,0.33132393153323003
F01974,60,0.012383729588194193,1.0927117349091118,0.5166666666666667,-0.4287893831823557,14,-0.14976006807107717,0.47000164244507936
F04180,60,0.012376796889531203,1.0918520682247075,0.5833333333333334,-0.23383657943873004,7,-0.12181944792573117,0.34736836262920234
F00414,60,0.012359104762669491,1.0896597873039706,0.5,-0.3365984088549291,11,-0.12804999035941814,0.37289485763653574
F04296,60,0.012354895275900458,1.0891385108356415,0.5666666666666667,-0.32022106583866794,7,-0.06876477037367584,0.16327768041195923
F04312,60,0.012350836847990659,1.0886360616182098,0.5333333333333333,-0.300139439679703,8,-0.05767104190162066,0.44744144430853616
F02469,60,0.0123202884788935,1.084857865845854,0.5,-0.5618369370617912,13,-0.12445834437806519,0.5198701807632409
F03948,60,0.01231831518059408,1.0846140412403278,0.48333333333333334,-0.39923373016147357,13,-0.15652159784395817,0.5306352897166265
F02926,60,0.01231160941881419,1.0837856737016254,0.5333333333333333,-0.4749742537600192,10,-0.22104148350552852,0.28960425600512024
F03317,60,0.012311547307292182,1.0837780025341135,0.6666666666666666,-0.17689211208663258,5,-0.04461026290541932,0.25418258606779454
F02213,60,0.012305310946746244,1.0830079137474886,0.5833333333333334,-0.3517657895468336,9,-0.1347446543355921,0.34473813625387495
F01232,60,0.01230439786493829,1.082895186529485,0.5166666666666667,-0.41047606954373406,16,-0.12416556542778566,0.45017487526035516
F04245,60,0.012293945660813679,1.0816052060177261,0.6,-0.3324693828630517,8,-0.13371077640109838,0.42434706043007187
F03906,60,0.012287473394336796,1.0808068116677285,0.5166666666666667,-0.32675416126906087,12,-0.1316284785525494,0.36858888401699513
F02787,60,0.012268530310543218,1.0784717943680597,0.5166666666666667,-0.28448574675372074,10,-0.12155977227059406,0.4785979680649212
F03608,60,0.012262334247231974,1.0777085966219464,0.5,-0.6432674750418417,13,-0.1772081194822721,0.543062591539056
F02052,60,0.012256063391640391,1.0769364669453232,0.5166666666666667,-0.43131744935836547,14,-0.1624942706705573,0.4129052511015919
F00340,60,0.012249129400093615,1.0760830139138058,0.5666666666666667,-0.1610210384764077,7,-0.07481799102494568,0.18744847082557778
F04943,60,0.012248129752886977,1.075960003279417,0.5833333333333334,-0.3059672473753703,6,-0.10751564861113257,0.1460834665568902
F04131,60,0.012237701009018057,1.0746771314646963,0.55,-0.35249855869765967,10,-0.1240046201341014,0.2558133887581121
F02786,60,0.012237335491484504,1.0746321821732843,0.5333333333333333,-0.22640617391318119,8,-0.0651962489994562,0.23289235760731639
F04277,60,0.012234047576205683,1.0742278958836975,0.5333333333333333,-0.444964206284037,15,-0.14556696182918433,0.44968151353373603
F00199,60,0.012227489845707993,1.0734217802446597,0.5833333333333334,-0.32111468160587353,10,-0.12410925072852079,0.22901419580292728
F00349,60,0.012227489845707993,1.0734217802446597,0.5833333333333334,-0.32111468160587353,10,-0.12410925072852079,0.22901419580292728
F00739,60,0.012227489845707993,1.0734217802446597,0.5833333333333334,-0.32111468160587353,10,-0.12410925072852079,0.22901419580292728
F01243,60,0.012227489845707993,1.0734217802446597,0.5833333333333334,-0.32111468160587353,10,-0.12410925072852079,0.22901419580292728
F01459,60,0.012227489845707993,1.0734217802446597,0.5833333333333334,-0.32111468160587353,10,-0.12410925072852079,0.22901419580292728
F01885,60,0.012227489845707993,1.0734217802446597,0.5833333333333334,-0.32111468160587353,10,-0.12410925072852079,0.22901419580292728
F02263,60,0.012227489845707993,1.0734217802446597,0.5833333333333334,-0.32111468160587353,10,-0.12410925072852079,0.22901419580292728
F02275,60,0.012227489845707993,1.0734217802446597,0.5833333333333334,-0.32111468160587353,10,-0.12410925072852079,0.22901419580292728
F02485,60,0.012227489845707993,1.0734217802446597,0.5833333333333334,-0.32111468160587353,10,-0.12410925072852079,0.22901419580292728
F02587,60,0.012227489845707993,1.0734217802446597,0.5833333333333334,-0.32111468160587353,10,-0.12410925072852079,0.22901419580292728
F02677,60,0.012227489845707993,1.0734217802446597,0.5833333333333334,-0.32111468160587353,10,-0.12410925072852079,0.22901419580292728
F03097,60,0.012227489845707993,1.0734217802446597,0.5833333333333334,-0.32111468160587353,10,-0.12410925072852079,0.22901419580292728
F03235,60,0.012227489845707993,1.0734217802446597,0.5833333333333334,-0.32111468160587353,10,-0.12410925072852079,0.22901419580292728
F03313,60,0.012227489845707993,1.0734217802446597,0.5833333333333334,-0.32111468160587353,10,-0.12410925072852079,0.22901419580292728
F03457,60,0.012227489845707993,1.0734217802446597,0.5833333333333334,-0.32111468160587353,10,-0.12410925072852079,0.22901419580292728
F03559,60,0.012227489845707993,1.0734217802446597,0.5833333333333334,-0.32111468160587353,10,-0.12410925072852079,0.22901419580292728
F03841,60,0.012227489845707993,1.0734217802446597,0.5833333333333334,-0.32111468160587353,10,-0.12410925072852079,0.22901419580292728
F04405,60,0.012227489845707993,1.0734217802446597,0.5833333333333334,-0.32111468160587353,10,-0.12410925072852079,0.22901419580292728
F04819,60,0.012227489845707993,1.0734217802446597,0.5833333333333334,-0.32111468160587353,10,-0.12410925072852079,0.22901419580292728
F04867,60,0.012227489845707993,1.0734217802446597,0.5833333333333334,-0.32111468160587353,10,-0.12410925072852079,0.22901419580292728
F04130,60,0.012212186694438272,1.0715418229977813,0.6,-0.23073704550837726,3,-0.0946760019952161,0.17929507657726967
F02864,60,0.012206693572854619,1.0708674144271648,0.5666666666666667,-0.05916258655096196,3,-0.02625267245792637,0.1948079136248248
F02909,60,0.012203531303410658,1.070479270150531,0.5666666666666667,-0.4259942474285574,11,-0.11223321211526148,0.41785230525406003
F00384,60,0.012201615759960559,1.0702441867029489,0.5333333333333333,-0.36074148625624847,12,-0.15694997945061465,0.46623887516199614
F00898,60,0.012200094671900424,1.070057531155138,0.5833333333333334,-0.4732723110540208,8,-0.11455761832563492,0.28675658885317823
F04085,60,0.012193375305418854,1.069233183181439,0.55,-0.16533942272916835,9,-0.0524254185380371,0.16304638732210766
F01284,60,0.012188600247190423,1.0686475638186121,0.6166666666666667,-0.25800748906323523,7,-0.07898813888106,0.2202999490578594
F00506,60,0.012184227278210055,1.0681114001747951,0.5166666666666667,-0.4597519645889663,14,-0.14520837626626093,0.4093878190206723
F03333,60,0.012182350988627265,1.0678813928154378,0.6,-0.10906302282224889,3,-0.03967084386298378,0.2525223327467572
F02889,60,0.012160397085812995,1.0651920138796283,0.5833333333333334,-0.15675343299146116,4,-0.061263046504518116,0.13731623120658557
F02822,60,0.012159313032853556,1.0650593052622535,0.55,-0.34489310567413545,9,-0.13205123846815034,0.3364133520117028
F01552,60,0.012159078817026115,1.0650306339098679,0.4,-0.3007289830828478,8,-0.04430737037988362,0.38790935005248084
F03128,60,0.012158176963715397,1.064920237878161,0.5,-0.3600322107569339,8,-0.07956373339972599,0.18912906652952147
F00119,60,0.012154244524412694,1.064438935069541,0.5,-0.43705490261768865,14,-0.15079451358045515,0.5393208697966109
F02422,60,0.012146281204110548,1.063464618742079,0.55,-0.2917937589412267,7,-0.08093674847790976,0.2974244912710517
F03111,60,0.012125399102598734,1.0609118298793292,0.5166666666666667,-0.29430556298681976,8,-0.11938341823006897,0.3618777466039857
F01731,60,0.012121932754904497,1.0604883774929297,0.48333333333333334,-0.49277758904612123,13,-0.14140197677974525,0.4263009853340092
F04286,60,0.01211558765322228,1.0597134753640236,0.55,-0.34230230920579174,8,-0.13644653838541004,0.40937172490018287
F04845,60,0.012112072823123713,1.0592843464349944,0.48333333333333334,-0.26296197426988155,5,-0.08447776048283179,0.14087645593623993
F00422,60,0.012111892844455546,1.0592623750355958,0.43333333333333335,-0.3476827109942966,10,-0.08118381672294911,0.36662207274959296
F03855,60,0.012109144442041815,1.0589268847585456,0.5166666666666667,-0.40606100746338614,8,-0.1424868757574133,0.2961392802060096
F04170,60,0.012103610027772518,1.0582514763930027,0.48333333333333334,-0.4464865817089949,15,-0.1715337741539987,0.3847343791601714
F00244,60,0.012100076084042401,1.0578203152559853,0.5166666666666667,-0.5108507581563643,9,-0.1054950950885781,0.21998383182243045
F03604,60,0.012098777504661868,1.0576619035365598,0.6,-0.3224937768646956,7,-0.08104741767348565,0.26590218180294667
F03849,60,0.012079998044401985,1.0553723659748853,0.5,-0.3752814330590303,7,-0.08734007582621295,0.22493715293710628
F01407,60,0.012067579942519837,1.053859762996157,0.5166666666666667,-0.5669026829933108,9,-0.22104148350552852,0.33601862733604126
F01760,60,0.012058156755295564,1.0527126899848294,0.5666666666666667,-0.42489195453098516,7,-0.11891715484781953,0.2574645890595051
F02122,60,0.012033610754327274,1.0497276922852334,0.5166666666666667,-0.3147720558993178,8,-0.08449338429169344,0.18483956996942913
F02199,60,0.012031603233794775,1.0494837500128917,0.5833333333333334,-0.17511267900576244,3,-0.048388421277502015,0.2623333634022285
F01631,60,0.01202226875824053,1.0483498535148557,0.5,-0.35237793768091574,6,-0.09506594647701826,0.22901869151686177
F02172,60,0.012001637951654908,1.0458459339532284,0.5833333333333334,-0.2837386780539448,6,-0.07786623846480376,0.16279283464665356
F03462,60,0.011980714133894765,1.0433095264814245,0.5666666666666667,-0.39677363152180667,8,-0.10770089302271983,0.37682201860608966
F00542,60,0.011968803044076042,1.0418670329066746,0.5333333333333333,-0.2879711355966613,8,-0.08734260120267862,0.20249554606792408
F01824,60,0.011955602688380954,1.040269572479266,0.5666666666666667,-0.38306458181950764,10,-0.11255885006229263,0.24689786256373933
F00219,60,0.011943518269646285,1.038808236338316,0.65,-0.28605694029514106,4,-0.08837607644734495,0.2460234073194913
F02450,60,0.011939334496520522,1.03830254383535,0.55,-0.37364938985427143,11,-0.13452637333914005,0.399281176479629
F04367,60,0.011931443603989086,1.0373491076099155,0.55,-0.25996090752339807,8,-0.08793145077156027,0.32174393704764104
F00249,60,0.011924757137854231,1.0365415423836448,0.55,-0.28819173623917926,7,-0.07511932290717276,0.14959349774677014
F00682,60,0.011920635824077324,1.0360439430321273,0.5,-0.3202246871401635,4,-0.08344051078167315,0.34919546151615877
F03083,60,0.011914330562659328,1.0352828894840478,0.48333333333333334,-0.4841100571167738,8,-0.1309236366364769,0.4134053781477701
F04137,60,0.011912831122760243,1.0351019462432771,0.5833333333333334,-0.41632743813322304,7,-0.1283832173058798,0.5642969659455472
F01145,60,0.011910305103911082,1.0347971575002188,0.5333333333333333,-0.4665804518577087,9,-0.14190871530067212,0.6097857173007433
F00771,60,0.011905090621170265,1.0341681214005147,0.5333333333333333,-0.511986166083695,13,-0.13524404778702176,0.5160062996018412
F03494,60,0.011904444480079279,1.0340901891005463,0.5,-0.28738854637487843,8,-0.08350805663261997,0.1836987839355333
F00426,60,0.011902520397768134,1.0338581392791353,0.5166666666666667,-0.5199588501744059,9,-0.22104148350552852,0.29480664055948724
F01985,60,0.01190173237096683,1.0337631085105463,0.5833333333333334,-0.4606609472839115,12,-0.13800568681741734,0.49601127738240136
F00844,60,0.011900455023986919,1.0336090782715575,0.55,-0.4935397936430558,13,-0.1433328316469024,0.2775852899100419
F02572,60,0.011891692063286514,1.0325526966144403,0.55,-0.42466930589029406,12,-0.1163062657373567,0.37954930847711976
F01168,60,0.01188699357787341,1.031986512825712,0.5,-0.33919294271762446,9,-0.13203029976546818,0.25966179191032
F03314,60,0.011886581702984443,1.0319368878670776,0.5,-0.39760805710123714,15,-0.15153582836332913,0.49628120476459825
F03909,60,0.011884026037542489,1.0316289938349565,0.5166666666666667,-0.5889653437776369,14,-0.16927374412389198,0.5776793013136755
F02634,60,0.011881755290817114,1.0313554639020799,0.5666666666666667,-0.35675140027623153,8,-0.12314224040933171,0.18949714843211454
F02162,60,0.011876898911338278,1.030770594986342,0.5,-0.4507340664133901,16,-0.14742672509836155,0.4976809419993535
F03366,60,0.0118704444831718,1.0299935243680665,0.55,-0.28955931171712357,6,-0.08002204747210802,0.154857097580998
F04899,60,0.011870411506948774,1.0299895549989486,0.5,-0.40525874544325036,10,-0.11609235196029334,0.366492786502552
F01817,60,0.011858075748118476,1.0285052271082336,0.5666666666666667,-0.5288117087470479,11,-0.12115222190081967,0.33134029934481757
F02462,60,0.011853274067061362,1.0279277426595583,0.55,-0.29115520603961687,6,-0.09099704326130842,0.25852385737979283
F04708,60,0.011837326489840946,1.0260109329878873,0.55,-0.46633727583525497,14,-0.1381618155741139,0.4820674899653604
F00248,60,0.011836657582967924,1.025930573062027,0.48333333333333334,-0.6554707304877776,10,-0.22104148350552852,0.44522180707662523
F02630,60,0.0118365099407843,1.025912836314267,0.48333333333333334,-0.5151997086729135,16,-0.17140256990380456,0.4434281500998653
F03251,60,0.011823707550162075,1.0243754229830104,0.5166666666666667,-0.4309613777899638,14,-0.13853812294946408,0.5100183971885283
F04734,60,0.011811746673948487,1.0229401020749096,0.5166666666666667,-0.41040462585404736,15,-0.1230238181064195,0.22883180283261448
F04196,60,0.011802769051541585,1.0218634330440581,0.5666666666666667,-0.41369039179522515,10,-0.10474107600970613,0.32640581936405766
F04713,60,0.011801385154384617,1.0216975150461542,0.45,-0.2607668437323115,4,-0.041358701214928906,0.36039398961167857
F01073,60,0.011792428059967202,1.0206239560939072,0.55,-0.21330682037713833,4,-0.06355428579578815,0.4169446144481625
F03892,60,0.011791541522940761,1.0205177300577195,0.5333333333333333,-0.36889963229170375,8,-0.09501420789599405,0.3489446283600304
F00047,60,0.01178466884328233,1.0196944227856104,0.6,-0.19522427697164124,4,-0.079185656394202,0.20497804984010037
F03659,60,0.011777484842716936,1.0188341737076452,0.5666666666666667,-0.5203176443927405,8,-0.12051207728390644,0.3152669035119912
F03380,60,0.01176973737238897,1.0179068556657378,0.5,-0.6462392103748719,12,-0.22104148350552852,0.33613713086768393
F00064,60,0.011767688750563105,1.017661719981656,0.6166666666666667,-0.4629659324338883,9,-0.12980930359775186,0.2839948398473119
F02612,60,0.011767620939994552,1.0176536063492874,0.5833333333333334,-0.17463877236957737,6,-0.0653218484295885,0.19099814163826842
F02691,60,0.011766765140564414,1.0175512114701082,0.5166666666666667,-0.5300923335203132,15,-0.16276095726275372,0.4961098023662199
F03142,60,0.011758964104951402,1.0166180669927973,0.55,-0.2530465330727403,9,-0.10034028070683641,0.24577714352205607
F01157,60,0.011754013312143895,1.016026083079686,0.5166666666666667,-0.3554704446496664,5,-0.07920545803887752,0.39168587221007706
F00185,60,0.011752954151623522,1.015899457678703,0.5333333333333333,-0.5810566995795423,15,-0.16384088143131367,0.5777278827683161
F01691,60,0.0117441420416943,1.0148462501342186,0.5333333333333333,-0.2071104600403657,5,-0.07973545944259218,0.2912195314078621
F04409,60,0.01173791734946108,1.0141026122168841,0.5333333333333333,-0.6669499781858723,8,-0.22104148350552852,0.48444066758300675
F01480,60,0.011736644151513716,1.013950541839443,0.43333333333333335,-0.22752724610092057,5,-0.046353190282855034,0.38299079475109804
F03082,60,0.011732930694715564,1.0135070721678976,0.55,-0.3797693504235701,6,-0.12709402161969804,0.3981078507645185
F00674,60,0.011726459409889808,1.0127344857041622,0.5333333333333333,-0.554340978473901,11,-0.1567774086071478,0.37751835333286893
F02069,60,0.01172493244335822,1.0125522284546005,0.5666666666666667,-0.4946846386000511,13,-0.22104148350552852,0.5116031615746036
F03856,60,0.011711623828350188,1.010964411994495,0.55,-0.2880050310342914,9,-0.09897923987077513,0.45278166396112113
F00908,60,0.011700629451842014,1.0096536305582924,0.6,-0.13780660998882255,4,-0.053564996039880776,0.15018501857734415
F03016,60,0.011699116060320551,1.0094732654304197,0.5166666666666667,-0.4159588713642757,9,-0.10465723996491152,0.2411245774565861
F04599,60,0.01167102531106882,1.0061283144887976,0.5333333333333333,-0.4587449579280498,14,-0.22104148350552852,0.38424117862479423
F00832,60,0.011663654849801872,1.0052515721514839,0.5,-0.6157044676531744,9,-0.22104148350552852,0.49490492791735324
F01484,60,0.011659945388465952,1.0048104611990234,0.5333333333333333,-0.4257496190638549,12,-0.15124005725893203,0.423424497343851
F03164,60,0.011630717950995649,1.0013382137546865,0.5333333333333333,-0.19855180462593514,4,-0.06240689933542261,0.1840468447073388
F04480,60,0.011626020100658475,1.0007806565744488,0.5166666666666667,-0.5531344973788469,12,-0.22104148350552852,0.38901974424244795
F02465,60,0.011624952941977624,1.0006540237698043,0.6,-0.3002955485550133,10,-0.11676315869126569,0.28985671224616516
F00492,60,0.011623807201735562,1.0005180749736655,0.48333333333333334,-0.5422889368651322,11,-0.13623903251542413,0.5806308969574296
F01696,60,0.011622906824052773,1.0004112462578574,0.6,-0.23709597819386274,7,-0.07819513808919883,0.16162597977452223
F01137,60,0.011622210036944799,1.0003285771662784,0.5,-0.34370168188230554,9,-0.11892676189882483,0.4322613754352088
F01956,60,0.01162037137405384,1.0001104483414665,0.5333333333333333,-0.24629328683102314,8,-0.08432705693462278,0.27860651652698687
F03194,60,0.011617727097937697,0.9997967870134541,0.5166666666666667,-0.41310844165130944,15,-0.11852701295856134,0.48029988565271914
F02697,60,0.011610020995144063,0.998882972834275,0.55,-0.35028319835336497,9,-0.12597609370953666,0.2704087293934284
F03153,60,0.011596593904872131,0.9972917266846453,0.5833333333333334,-0.235857905533418,7,-0.08037408850049059,0.21639972615186012
F02717,60,0.011596411003608581,0.9972700596347037,0.5666666666666667,-0.45414172791097773,10,-0.22104148350552852,0.2841944020821086
F00581,60,0.011596078538352086,0.997230675363016,0.5166666666666667,-0.5417196974000507,12,-0.12895505491657266,0.49303222365259997
F01071,60,0.01159155774539099,0.9966952120691397,0.5333333333333333,-0.2534856784704085,8,-0.08223441661363386,0.18861760445371098
F00803,60,0.011587913203554057,0.9962636387241979,0.55,-0.38893100018210314,8,-0.09285924526405281,0.2995099647129006
F00539,60,0.01155998425692937,0.9929594381843228,0.5,-0.567762015453332,15,-0.22104148350552852,0.4282047885472652
F02342,60,0.01155954490307678,0.992907502370223,0.6,-0.14532941850263825,3,-0.05312132832219469,0.37871819953038127
F01204,60,0.011550279130603221,0.991812509672308,0.5833333333333334,-0.30597647303154096,12,-0.11841649293278791,0.3257774447880758
F04942,60,0.011547410649672213,0.9914736437716443,0.6166666666666667,-0.3176904244217589,7,-0.09165956666602061,0.2548583918427382
F04404,60,0.011543085658335669,0.9909628212509525,0.6166666666666667,-0.5151384032133328,7,-0.22104148350552852,0.30142165395531023
F01764,60,0.011541629807764206,0.9907909004692876,0.55,-0.44930777270388544,10,-0.12189672456958983,0.3707480198151229
F01523,60,0.011535218011054234,0.9900339077985858,0.5333333333333333,-0.29563678608823285,6,-0.09031824410455964,0.29669572411668105
F03789,60,0.011534241486742636,0.9899186417486481,0.5666666666666667,-0.5592452794873913,13,-0.1622208806759053,0.5136202366064481
F01713,60,0.011522299134912468,0.9885095327281983,0.5666666666666667,-0.3499915883344835,8,-0.14008390877774668,0.3325726719687804
F04827,60,0.01151198755451689,0.9872936320498205,0.4166666666666667,-0.47192078082782185,9,-0.10400755047412362,0.444267360100059
F02435,60,0.011507099749419153,0.9867175368848482,0.55,-0.5509681332664631,15,-0.22104148350552852,0.28419440208210855
F01743,60,0.011501364291405266,0.9860417435531594,0.48333333333333334,-0.555445451360578,12,-0.11415249662647907,0.46371364738296844
F01558,60,0.011485060771334274,0.9841219786525719,0.5833333333333334,-0.4223824398251387,9,-0.1105087954507689,0.29512936850331795
F01602,60,0.011482717254186184,0.983846175898837,0.5166666666666667,-0.4053833563501733,12,-0.15320382142927788,0.36918827849744484
F04982,60,0.011479344324477104,0.9834492902937504,0.5166666666666667,-0.44006489109510827,11,-0.16604857736761522,0.3900890451842288
F00201,60,0.011478329549375287,0.9833298991031207,0.6166666666666667,-0.2547435100422867,4,-0.0749115084263058,0.42374789526839207
F03797,60,0.01147304355782187,0.9827081013631076,0.48333333333333334,-0.31111627813817744,10,-0.10480811982478788,0.37520395612892454
F03213,60,0.011471356533208079,0.9825096949210257,0.5833333333333334,-0.3896277696085827,10,-0.13779221110359263,0.3408951435271772
F00303,60,0.011463625154499371,0.9816006779251467,0.55,-0.42791451484706655,6,-0.11933740280835119,0.39326415691563077
F00969,60,0.011460936436146835,0.9812846478758566,0.5333333333333333,-0.3810936372933389,6,-0.0914679792921296,0.47789169351730976
F04998,60,0.011456996912328576,0.9808216885450454,0.55,-0.4863692395185295,8,-0.13627230322216247,0.4446488716900434
F01221,60,0.011449581305290172,0.979950520391867,0.55,-0.1562495082896409,6,-0.04117867640713686,0.14795404466306145
F02746,60,0.011449193819753388,0.9799050098572459,0.6333333333333333,-0.5509870808257937,9,-0.22104148350552852,0.28419440208210855
F00638,60,0.011447573146182407,0.979714671396035,0.5,-0.49137003243617705,14,-0.1539553767920098,0.40643913405936494
F01206,60,0.011447417798361217,0.9796964276644462,0.43333333333333335,-0.3500946265125938,5,-0.06809190681360439,0.3456043068267923
F01466,60,0.01144283147987837,0.9791578942474601,0.6,-0.4618860196831668,10,-0.08836366696626129,0.1836147264299822
F00292,60,0.01144050295709048,0.9788845302286082,0.65,-0.4291561529230099,7,-0.14619093620574308,0.38477672936946145
F02156,60,0.011440427974891924,0.9788757280822922,0.6,-0.5250998608169937,10,-0.11940083946506157,0.23507328457256904
F00356,60,0.011435264167676568,0.9782696423281689,0.5666666666666667,-0.20069884864688392,5,-0.0416192221348354,0.2308514796366852
F00902,60,0.011433530955629065,0.9780662528928865,0.5166666666666667,-0.42467462182575055,9,-0.11424182489972699,0.2529468617224906
F00557,60,0.01142860870977481,0.9774887479700103,0.5,-0.4873065561852882,15,-0.13767988842900472,0.46614633317435356
F00259,60,0.01142408487921075,0.9769581335278641,0.5,-0.59340658511575,14,-0.1576506838637818,0.5699122607779545
F00331,60,0.01142408487921075,0.9769581335278641,0.5,-0.59340658511575,14,-0.1576506838637818,0.5699122607779545
F00355,60,0.01142408487921075,0.9769581335278641,0.5,-0.59340658511575,14,-0.1576506838637818,0.5699122607779545
F00409,60,0.01142408487921075,0.9769581335278641,0.5,-0.59340658511575,14,-0.1576506838637818,0.5699122607779545
F00427,60,0.01142408487921075,0.9769581335278641,0.5,-0.59340658511575,14,-0.1576506838637818,0.5699122607779545
F00529,60,0.01142408487921075,0.9769581335278641,0.5,-0.59340658511575,14,-0.1576506838637818,0.5699122607779545
F00685,60,0.01142408487921075,0.9769581335278641,0.5,-0.59340658511575,14,-0.1576506838637818,0.5699122607779545
F01249,60,0.01142408487921075,0.9769581335278641,0.5,-0.59340658511575,14,-0.1576506838637818,0.5699122607779545
F01471,60,0.01142408487921075,0.9769581335278641,0.5,-0.59340658511575,14,-0.1576506838637818,0.5699122607779545
F01597,60,0.01142408487921075,0.9769581335278641,0.5,-0.59340658511575,14,-0.1576506838637818,0.5699122607779545
F01741,60,0.01142408487921075,0.9769581335278641,0.5,-0.59340658511575,14,-0.1576506838637818,0.5699122607779545
F01927,60,0.01142408487921075,0.9769581335278641,0.5,-0.59340658511575,14,-0.1576506838637818,0.5699122607779545
F02065,60,0.01142408487921075,0.9769581335278641,0.5,-0.59340658511575,14,-0.1576506838637818,0.5699122607779545
F02113,60,0.01142408487921075,0.9769581335278641,0.5,-0.59340658511575,14,-0.1576506838637818,0.5699122607779545
F02665,60,0.01142408487921075,0.9769581335278641,0.5,-0.59340658511575,14,-0.1576506838637818,0.5699122607779545
F03001,60,0.01142408487921075,0.9769581335278641,0.5,-0.59340658511575,14,-0.1576506838637818,0.5699122607779545
F03715,60,0.01142408487921075,0.9769581335278641,0.5,-0.59340658511575,14,-0.1576506838637818,0.5699122607779545
F03721,60,0.01142408487921075,0.9769581335278641,0.5,-0.59340658511575,14,-0.1576506838637818,0.5699122607779545
F03949,60,0.01142408487921075,0.9769581335278641,0.5,-0.59340658511575,14,-0.1576506838637818,0.5699122607779545
F03997,60,0.01142408487921075,0.9769581335278641,0.5,-0.59340658511575,14,-0.1576506838637818,0.5699122607779545
F04381,60,0.01142408487921075,0.9769581335278641,0.5,-0.59340658511575,14,-0.1576506838637818,0.5699122607779545
F04717,60,0.01142408487921075,0.9769581335278641,0.5,-0.59340658511575,14,-0.1576506838637818,0.5699122607779545
F04957,60,0.01142408487921075,0.9769581335278641,0.5,-0.59340658511575,14,-0.1576506838637818,0.5699122607779545
F00019,60,0.011423498442196521,0.9768893587213916,0.5333333333333333,-0.30081470112747766,5,-0.06108728490194405,0.5422717480936813
F00067,60,0.011423498442196521,0.9768893587213916,0.5333333333333333,-0.30081470112747766,5,-0.06108728490194405,0.5422717480936813
F00235,60,0.011423498442196521,0.9768893587213916,0.5333333333333333,-0.30081470112747766,5,-0.06108728490194405,0.5422717480936813
F00272,60,0.011423498442196521,0.9768893587213916,0.5333333333333333,-0.30081470112747766,5,-0.06108728490194405,0.5422717480936813
F00307,60,0.011423498442196521,0.9768893587213916,0.5333333333333333,-0.30081470112747766,5,-0.06108728490194405,0.5422717480936813
F00325,60,0.011423498442196521,0.9768893587213916,0.5333333333333333,-0.30081470112747766,5,-0.06108728490194405,0.5422717480936813
F00379,60,0.011423498442196521,0.9768893587213916,0.5333333333333333,-0.30081470112747766,5,-0.06108728490194405,0.5422717480936813
F00415,60,0.011423498442196521,0.9768893587213916,0.5333333333333333,-0.30081470112747766,5,-0.06108728490194405,0.5422717480936813
F00782,60,0.011423498442196521,0.9768893587213916,0.5333333333333333,-0.30081470112747766,5,-0.06108728490194405,0.5422717480936813
F00895,60,0.011423498442196521,0.9768893587213916,0.5333333333333333,-0.30081470112747766,5,-0.06108728490194405,0.5422717480936813
F01153,60,0.011423498442196521,0.9768893587213916,0.5333333333333333,-0.30081470112747766,5,-0.06108728490194405,0.5422717480936813
F01352,60,0.011423498442196521,0.9768893587213916,0.5333333333333333,-0.30081470112747766,5,-0.06108728490194405,0.5422717480936813
F01363,60,0.011423498442196521,0.9768893587213916,0.5333333333333333,-0.30081470112747766,5,-0.06108728490194405,0.5422717480936813
F01513,60,0.011423498442196521,0.9768893587213916,0.5333333333333333,-0.30081470112747766,5,-0.06108728490194405,0.5422717480936813
F01615,60,0.011423498442196521,0.9768893587213916,0.5333333333333333,-0.30081470112747766,5,-0.06108728490194405,0.5422717480936813
F01747,60,0.011423498442196521,0.9768893587213916,0.5333333333333333,-0.30081470112747766,5,-0.06108728490194405,0.5422717480936813
F01753,60,0.011423498442196521,0.9768893587213916,0.5333333333333333,-0.30081470112747766,5,-0.06108728490194405,0.5422717480936813
F01765,60,0.011423498442196521,0.9768893587213916,0.5333333333333333,-0.30081470112747766,5,-0.06108728490194405,0.5422717480936813
F01909,60,0.011423498442196521,0.9768893587213916,0.5333333333333333,-0.30081470112747766,5,-0.06108728490194405,0.5422717480936813
F01975,60,0.011423498442196521,0.9768893587213916,0.5333333333333333,-0.30081470112747766,5,-0.06108728490194405,0.5422717480936813
F02089,60,0.011423498442196521,0.9768893587213916,0.5333333333333333,-0.30081470112747766,5,-0.06108728490194405,0.5422717480936813
F02131,60,0.011423498442196521,0.9768893587213916,0.5333333333333333,-0.30081470112747766,5,-0.06108728490194405,0.5422717480936813
F02209,60,0.011423498442196521,0.9768893587213916,0.5333333333333333,-0.30081470112747766,5,-0.06108728490194405,0.5422717480936813
F02311,60,0.011423498442196521,0.9768893587213916,0.5333333333333333,-0.30081470112747766,5,-0.06108728490194405,0.5422717480936813
F02359,60,0.011423498442196521,0.9768893587213916,0.5333333333333333,-0.30081470112747766,5,-0.06108728490194405,0.5422717480936813
F02533,60,0.011423498442196521,0.9768893587213916,0.5333333333333333,-0.30081470112747766,5,-0.06108728490194405,0.5422717480936813
F02557,60,0.011423498442196521,0.9768893587213916,0.5333333333333333,-0.30081470112747766,5,-0.06108728490194405,0.5422717480936813
F02605,60,0.011423498442196521,0.9768893587213916,0.5333333333333333,-0.30081470112747766,5,-0.06108728490194405,0.5422717480936813
F02623,60,0.011423498442196521,0.9768893587213916,0.5333333333333333,-0.30081470112747766,5,-0.06108728490194405,0.5422717480936813
F02797,60,0.011423498442196521,0.9768893587213916,0.5333333333333333,-0.30081470112747766,5,-0.06108728490194405,0.5422717480936813
F02851,60,0.011423498442196521,0.9768893587213916,0.5333333333333333,-0.30081470112747766,5,-0.06108728490194405,0.5422717480936813
F02911,60,0.011423498442196521,0.9768893587213916,0.5333333333333333,-0.30081470112747766,5,-0.06108728490194405,0.5422717480936813
F03049,60,0.011423498442196521,0.9768893587213916,0.5333333333333333,-0.30081470112747766,5,-0.06108728490194405,0.5422717480936813
F03091,60,0.011423498442196521,0.9768893587213916,0.5333333333333333,-0.30081470112747766,5,-0.06108728490194405,0.5422717480936813
F03241,60,0.011423498442196521,0.9768893587213916,0.5333333333333333,-0.30081470112747766,5,-0.06108728490194405,0.5422717480936813
F03289,60,0.011423498442196521,0.9768893587213916,0.5333333333333333,-0.30081470112747766,5,-0.06108728490194405,0.5422717480936813
F03367,60,0.011423498442196521,0.9768893587213916,0.5333333333333333,-0.30081470112747766,5,-0.06108728490194405,0.5422717480936813
F03739,60,0.011423498442196521,0.9768893587213916,0.5333333333333333,-0.30081470112747766,5,-0.06108728490194405,0.5422717480936813
F03745,60,0.011423498442196521,0.9768893587213916,0.5333333333333333,-0.30081470112747766,5,-0.06108728490194405,0.5422717480936813
F03763,60,0.011423498442196521,0.9768893587213916,0.5333333333333333,-0.30081470112747766,5,-0.06108728490194405,0.5422717480936813
F03805,60,0.011423498442196521,0.9768893587213916,0.5333333333333333,-0.30081470112747766,5,-0.06108728490194405,0.5422717480936813
F03847,60,0.011423498442196521,0.9768893587213916,0.5333333333333333,-0.30081470112747766,5,-0.06108728490194405,0.5422717480936813
F03973,60,0.011423498442196521,0.9768893587213916,0.5333333333333333,-0.30081470112747766,5,-0.06108728490194405,0.5422717480936813
F04435,60,0.011423498442196521,0.9768893587213916,0.5333333333333333,-0.30081470112747766,5,-0.06108728490194405,0.5422717480936813
F04573,60,0.011423498442196521,0.9768893587213916,0.5333333333333333,-0.30081470112747766,5,-0.06108728490194405,0.5422717480936813
F04579,60,0.011423498442196521,0.9768893587213916,0.5333333333333333,-0.30081470112747766,5,-0.06108728490194405,0.5422717480936813
F04759,60,0.011423498442196521,0.9768893587213916,0.5333333333333333,-0.30081470112747766,5,-0.06108728490194405,0.5422717480936813
F04916,60,0.011423498442196521,0.9768893587213916,0.5333333333333333,-0.30081470112747766,5,-0.06108728490194405,0.5422717480936813
F00645,60,0.011422990171226437,0.9768297527950067,0.6,-0.2375912242583188,5,-0.0637988912039674,0.22905384918561578
F04758,60,0.011422330353541066,0.9767523773264057,0.5833333333333334,-0.20671377260435764,4,-0.09402278938452013,0.34405807644906866
F01029,60,0.011420958385287585,0.9765914989532611,0.5166666666666667,-0.4091607263547019,10,-0.13849197151720546,0.4483353178249288
F02045,60,0.011404769126420059,0.9746941022668671,0.5666666666666667,-0.30604361784920175,7,-0.07762903448826411,0.14202621031713142
F02117,60,0.01140089953255265,0.9742408474248274,0.5333333333333333,-0.2971695036792432,11,-0.1397749418915865,0.19455828402136108
F03533,60,0.011395477758488435,0.973605954062738,0.5166666666666667,-0.23367554717940664,5,-0.062256842479644456,0.234325372354602
F02316,60,0.011384779255641221,0.9723537411403216,0.5166666666666667,-0.3693693821535565,9,-0.11279685805992813,0.29603657720254234
F04182,60,0.011384576156155145,0.9723299767926845,0.55,-0.4576016366491562,10,-0.11429446643010713,0.3152854136860959
F04254,60,0.011380453427653444,0.9718476437533115,0.55,-0.4296814222543709,11,-0.13290995069230388,0.24445983080381292
F02308,60,0.01137276847051825,0.9709488621929634,0.5333333333333333,-0.4166957892037092,8,-0.14169531283345732,0.2408263642352576
F04785,60,0.01137150281559072,0.9708008782371891,0.55,-0.5101561762577476,10,-0.11792611399880273,0.299370227830994
F02973,60,0.011362486962127839,0.9697470352143154,0.5333333333333333,-0.4116207616566221,9,-0.11168270645246457,0.3406783848299004
F00628,60,0.01136222841878618,0.9697168228336843,0.5166666666666667,-0.4051159165264062,8,-0.12195855036042037,0.38774635840167176
F00070,60,0.011354717006050442,0.9688392669319368,0.55,-0.5000576503503276,12,-0.22104148350552852,0.3278660817018796
F00341,60,0.011353036923588833,0.9686430360644238,0.5666666666666667,-0.5204826202457304,8,-0.22104148350552852,0.2868192963965118
F01253,60,0.011350482838579047,0.9683447599781023,0.5666666666666667,-0.4429919572721025,10,-0.1410061232369168,0.23160893336327024
F02247,60,0.011350437789584764,0.9683394993783276,0.5,-0.4285222778869747,10,-0.14869273049473306,0.43341700343386164
F04034,60,0.01134465215759171,0.9676639966500842,0.5166666666666667,-0.41928447113104916,9,-0.10020409072269759,0.27137996944854614
F02538,60,0.011340885146403195,0.9672243009710175,0.4666666666666667,-0.42664105970547095,13,-0.12953518097832806,0.22566957685897598
F04838,60,0.0113397342101281,0.9670899798633232,0.6166666666666667,-0.1768884391974591,4,-0.04815208561980291,0.24667665425336116
F04410,60,0.011323655737717419,0.96521446926328,0.5166666666666667,-0.3479798573323285,8,-0.11951116737615305,0.4462682794918934
F01901,60,0.011317569074523491,0.964504935276467,0.55,-0.44728174595808357,12,-0.17130635690453266,0.4316266722491711
F00501,60,0.011315170494062218,0.9642253973570061,0.55,-0.27731530421823014,7,-0.055417658215156984,0.13410169752121429
F01928,60,0.01131462731091933,0.9641620985604975,0.5833333333333334,-0.3130824868958264,6,-0.08284121140060723,0.21248044529135288
F01540,60,0.011308887388999824,0.9634933304450022,0.5,-0.2155329225850292,3,-0.06996148551990486,0.24353867191154574
F01058,60,0.011307402949768978,0.9633204123370218,0.5,-0.5083605514730543,10,-0.17655281745188048,0.4067860126591263
F01690,60,0.011305485015834378,0.9630970198350397,0.6,-0.3695407090027901,9,-0.0853256332788403,0.16333722437936746
F03744,60,0.011301798618111883,0.9626677146435956,0.5166666666666667,-0.32740300546516443,9,-0.08690545833515222,0.21833055950657773
F03918,60,0.011301589357943453,0.9626433476937839,0.5333333333333333,-0.3830335149717411,8,-0.08404510981657749,0.28540609212334767
F00702,60,0.011300058905243326,0.96246514573613,0.55,-0.576633442574428,13,-0.14897605287383373,0.3712438537587915
F00496,60,0.011299083366634469,0.9623515648445098,0.45,-0.3009189047950558,6,-0.07484454339452043,0.2806658666936559
F00563,60,0.011291191473550618,0.961432958013716,0.5333333333333333,-0.45048057144620735,12,-0.15735316316771664,0.5661359511650769
F04659,60,0.011287899615258811,0.9610499146671858,0.48333333333333334,-0.6883937817179662,10,-0.22104148350552852,0.37986912196089184
F03076,60,0.0112873831495195,0.9609898249636009,0.55,-0.5268453422857557,12,-0.12763656560876246,0.45069242437205087
F03230,60,0.011285673273318619,0.9607908973798924,0.5,-0.40769771848123226,13,-0.13483720167876517,0.5045894142722817
F01874,60,0.011285668028629297,0.9607902872414651,0.6,-0.3349468897364234,7,-0.08677269291751999,0.2143619547961686
F03962,60,0.011280592368476828,0.9601999002496857,0.4666666666666667,-0.290661804777679,7,-0.0545612518661673,0.37668335890428045
F03207,60,0.011279792750734567,0.9601069068270742,0.5333333333333333,-0.4544883568286042,10,-0.12126538303471378,0.3866653428389516
F03766,60,0.011273961848604427,0.9594289195196197,0.5,-0.4253440626426477,10,-0.14330257309196331,0.3763255427917471
F03944,60,0.011273439636846301,0.9593682106748009,0.5,-0.457313650002354,13,-0.12992950869483783,0.5105928559490688
F01235,60,0.011264225677939738,0.9582973616326331,0.5333333333333333,-0.4849256918014224,9,-0.14002171881550843,0.3557892542397665
F00606,60,0.011250977720392623,0.9567586885905397,0.5333333333333333,-0.31797512620483903,6,-0.10700509664066098,0.2579821094623523
F00017,60,0.011250297007062345,0.9566796598250014,0.55,-0.34407233035426665,8,-0.08794443777907737,0.3057903473283648
F00734,60,0.011248810692608736,0.9565071141056232,0.5333333333333333,-0.40683649541254596,11,-0.10170188370738302,0.25408395097483455
F00869,60,0.011243304301509108,0.9558680094918353,0.5666666666666667,-0.14478298227793696,6,-0.05550124697273275,0.12753671671410488
F03903,60,0.011240421124927295,0.9555334527012329,0.5166666666666667,-0.4285122312276032,8,-0.09664837369557709,0.3472852812648456
F00880,60,0.011236161860030248,0.9550393209403936,0.5666666666666667,-0.4382167951883046,11,-0.12275970620993853,0.39027588583404266
F00081,60,0.011222729259715266,0.9534817634839152,0.5666666666666667,-0.31300571749050765,10,-0.11252678092003596,0.413999840796335
F00882,60,0.011213183570559865,0.9523756488374049,0.5833333333333334,-0.23298087814453072,6,-0.08418811258868805,0.1431088050769306
F03122,60,0.01120519447417485,0.9514503791060069,0.5,-0.6255156304264435,16,-0.14905793021234273,0.5469197704458695
F00531,60,0.011201977339220622,0.9510779033666734,0.6,-0.35845767186809685,9,-0.08851287089926399,0.1735039629437868
F00322,60,0.011200504573773551,0.9509074118093819,0.5666666666666667,-0.3484156630798393,6,-0.11715409387212909,0.2365688751523042
F03299,60,0.011193522269550811,0.9500993195675418,0.5,-0.42242136700869304,9,-0.11229930965703516,0.4230890994104949
F01356,60,0.011185982904754218,0.9492271258778453,0.55,-0.39938397089562305,12,-0.12277890577275449,0.44826678434659484
F01755,60,0.011176417936189901,0.9481211516149979,0.5666666666666667,-0.5235650800636948,8,-0.22104148350552852,0.28419440208210855
F00106,60,0.01117265082047799,0.9476857384953155,0.45,-0.4235155019789605,10,-0.12347997603404791,0.3326891094107649
F04978,60,0.011171731584282333,0.9475795052889209,0.55,-0.3494197023565273,9,-0.1082092107146434,0.2512571649200503
F02055,60,0.011170418530082049,0.9474277696691198,0.5333333333333333,-0.3119359701757508,10,-0.08595139499958725,0.22017919779435927
F03908,60,0.011163977414205262,0.9466836072093225,0.5166666666666667,-0.3921275108732326,10,-0.1097518888156998,0.4775026653159155
F04908,60,0.011158026217106994,0.9459962951475329,0.55,-0.43730259778688807,7,-0.22104148350552852,0.28419440208210855
F02448,60,0.011155224091656335,0.9456727564019445,0.5,-0.5058773336713934,13,-0.1562970610689396,0.3874273296094024
F01923,60,0.011151979476859752,0.9452981930758264,0.48333333333333334,-0.6732507890581595,13,-0.22104148350552852,0.3954639265943078
F00833,60,0.011144999451259439,0.9444926485030278,0.5,-0.34735481892544473,11,-0.1348897860381222,0.44842232244398567
F03815,60,0.011138926874300981,0.9437920967815978,0.6,-0.33617113418630784,4,-0.1104514418559877,0.4459266545890656
F00380,60,0.011129007459338779,0.9426482954125863,0.55,-0.4406775461164507,13,-0.13292058204782572,0.5176042803450417
F02513,60,0.011128744352640602,0.9426179657602016,0.5833333333333334,-0.396376053239317,6,-0.10067311345306756,0.32298717417506606
F03104,60,0.01112049221810364,0.9416669363705801,0.55,-0.4706579225813464,10,-0.11995788908203263,0.2989298938248554
F01926,60,0.011114695939104415,0.9409992094073145,0.5666666666666667,-0.27760722639672086,11,-0.08895400285658256,0.15001126782301732
F02271,60,0.011113721392730423,0.9408869645769584,0.6,-0.16965158395131597,5,-0.056807665979097165,0.16573043810579055
F02050,60,0.01111284096644845,0.9407855656562885,0.5166666666666667,-0.5721943029420853,8,-0.15647542674970863,0.5608716812511495
F02421,60,0.011108674747297728,0.9403058117713365,0.5666666666666667,-0.48535698189499554,12,-0.13535279376024867,0.33416822996070333
F00791,60,0.011105157179102012,0.939900842981491,0.5,-0.4489755728987107,14,-0.12621072999910085,0.4579743380596525
F03004,60,0.011102156119106872,0.9395554041877852,0.5833333333333334,-0.25551555797629166,8,-0.08378716332442651,0.17448324404471804
F02978,60,0.011099487236606524,0.9392482516974725,0.55,-0.3886340300669494,6,-0.09980861697909822,0.2683261019234288
F02524,60,0.011098062283091993,0.9390842782943649,0.5,-0.33388458223658224,7,-0.08732077617628883,0.36633559140467364
F03320,60,0.011096775985257346,0.93893627209813,0.5666666666666667,-0.22531741179711695,7,-0.06096861921285488,0.1773794642911879
F02550,60,0.011094027420788475,0.9386200493117494,0.55,-0.1917491958765185,3,-0.0556308289008942,0.21327042727942358
F03645,60,0.011086910477966594,0.9378014795355056,0.5666666666666667,-0.29464313321265423,6,-0.07130847965980111,0.16793787211118916
F03448,60,0.0110852791964693,0.9376139022332168,0.5333333333333333,-0.48992935741342913,13,-0.13192737937218013,0.47093538088712356
F04611,60,0.011081019542333231,0.93712417859334,0.5833333333333334,-0.3002037394787004,7,-0.09479877103867344,0.3425281811784521
F04515,60,0.01107928985771948,0.9369253550727417,0.55,-0.413429889449599,14,-0.15957958509380646,0.45558041607275396
F01955,60,0.011074424637491219,0.9363662160843653,0.43333333333333335,-0.2698133549299476,2,-0.06737530979764361,0.6295683162701794
F01844,60,0.011070302220227285,0.9358925684911241,0.45,-0.46691155523434724,7,-0.08699663548326227,0.3345074354121254
F04720,60,0.011069554697368204,0.9358066936088831,0.55,-0.32084623426364556,10,-0.09906890469306925,0.38947136820275535
F01845,60,0.011068242586717193,0.9356559683497665,0.4166666666666667,-0.2974283589172584,8,-0.11235543399122865,0.3025780183085083
F02434,60,0.01105812224237779,0.9344938081241523,0.5666666666666667,-0.3871447304397547,8,-0.12648003047188897,0.35492602669672835
F03933,60,0.01104623116397694,0.9331291840016007,0.5833333333333334,-0.35830062362452986,9,-0.13397538800371048,0.2275953005931192
F03904,60,0.011036377599512148,0.931999102881585,0.45,-0.5214086026459965,12,-0.17220881764859947,0.37292726557746003
F02754,60,0.011024245599378837,0.9306086058408201,0.5166666666666667,-0.20456298763675862,4,-0.06471681551833308,0.21725407721395862
F01348,60,0.011021833194479034,0.9303322277898947,0.5,-0.329017822647686,8,-0.09320682194700484,0.32205451645454897
F00518,60,0.011017870160885965,0.9298782858466381,0.5,-0.4654814765392503,13,-0.12992950869483783,0.5105928559490688
F04148,60,0.011010426548192538,0.9290259479802274,0.55,-0.20893626595330228,6,-0.06104891285281407,0.15232867238115078
F03131,60,0.011009411624103491,0.9289097618238666,0.5666666666666667,-0.4709733196240862,8,-0.12587745539440218,0.25786045327330487
F03778,60,0.011005431915778711,0.9284542404331351,0.6,-0.3373775681691573,11,-0.1328478917488715,0.409854257411114
F02655,60,0.010999800519650747,0.9278098459451101,0.5833333333333334,-0.30933963466157455,5,-0.0964996062708149,0.29872016282391173
F00624,60,0.010994978703311778,0.9272582590535672,0.48333333333333334,-0.4313713060369917,14,-0.17569378280509892,0.26069251956487155
F03387,60,0.010985589777515384,0.9261846674674028,0.6333333333333333,-0.07232261182882893,1,-0.030925781624291222,0.2617088857015577
F02429,60,0.010980093285385953,0.9255564353076087,0.55,-0.2637549192123352,7,-0.08852882234285896,0.48547381525635996
F02222,60,0.010973834628155309,0.9248413353469658,0.4666666666666667,-0.4649698687245166,15,-0.1586441655760334,0.4976809419993535
F01553,60,0.010971825718177473,0.9246118572238815,0.48333333333333334,-0.4416726441779235,11,-0.15913126748212542,0.40542516535936285
F01583,60,0.010970744114770961,0.9244883166272084,0.55,-0.4248374775215067,10,-0.12324622100455006,0.35250198059815446
F02619,60,0.010969495404815415,0.9243456988408993,0.48333333333333334,-0.4957037630016369,15,-0.1504217136623992,0.3585794922077677
F02637,60,0.010968268414509513,0.9242055718246278,0.55,-0.3589111652035941,10,-0.11045389492433555,0.2923205033214752
F02584,60,0.010966058063932345,0.923953166597665,0.55,-0.34965387635455514,10,-0.11025847194132726,0.3501292334962587
F02729,60,0.010964651585377811,0.9237925743922344,0.55,-0.3241144382090192,6,-0.08720212716126324,0.23928383357600422
F00252,60,0.010964043337342702,0.9237231285050893,0.5333333333333333,-0.32415728873873084,8,-0.09176634284746843,0.29946398536167873
F02402,60,0.010954770574119331,0.9226647286508718,0.5,-0.6308807454835017,16,-0.14905793021234273,0.5469197704458695
F01203,60,0.010953565091470129,0.9225271760613623,0.5666666666666667,-0.49014346615025883,11,-0.1571631667843981,0.42814869340155676
F03290,60,0.01094373583717415,0.9214059619851958,0.6,-0.16940097273577226,4,-0.04066861401692628,0.15580470622345877
F00928,60,0.010942150457677265,0.9212251794198989,0.5333333333333333,-0.15797402769371216,3,-0.0583894999465925,0.38613665251800905
F00764,60,0.010934023147650195,0.9202986759529281,0.48333333333333334,-0.6461714479487318,11,-0.22104148350552852,0.3504014800073503
F02229,60,0.010922682023741892,0.9190065358806574,0.5333333333333333,-0.2417992245722448,10,-0.11913922726435792,0.20249747878869456
F00226,60,0.010920689560559829,0.9187796148133467,0.6,-0.17969800601853603,3,-0.053497647572282855,0.40631294645194865
F03416,60,0.010911141150351833,0.9176925152401936,0.5,-0.49108848839555297,10,-0.15207561353120794,0.41308064883680246
F04905,60,0.010909397841509213,0.917494102534151,0.5666666666666667,-0.19498021764487083,4,-0.052079609191507004,0.35008313995659307
F00779,60,0.010907996217778928,0.9173345929687322,0.6,-0.20759121540460268,6,-0.07904710837511546,0.1649450635227967
F04607,60,0.010902790674799635,0.9167422986151021,0.5,-0.3786274063766225,11,-0.13334693412570464,0.33520092369814125
F01378,60,0.010899335692817166,0.916349285011856,0.55,-0.10002861920210826,3,-0.04249107065871431,0.18507507274733026
F03330,60,0.010888795318446946,0.9151507783098729,0.55,-0.2548002401026608,7,-0.07583990925283085,0.1698631037180793
F02589,60,0.010888633022705518,0.915132330028823,0.5333333333333333,-0.43662079916900065,11,-0.11524642151765346,0.3575562113299321
F04977,60,0.01088458936075242,0.9146727402942836,0.5166666666666667,-0.5130978547749823,9,-0.14498240085487235,0.5182374397396883
F01353,60,0.01088407948503346,0.9146147971448169,0.43333333333333335,-0.3935110661736483,8,-0.14109765397925342,0.4536602258518187
F03123,60,0.010877827731177684,0.913904477306186,0.6,-0.30130969393774865,7,-0.10336433142144709,0.2017833130724327
F00749,60,0.010877483502713689,0.9138653738401314,0.45,-0.45606202607685453,9,-0.11071146081614648,0.3449576007234199
F02471,60,0.010869659237639327,0.9129767693409345,0.5333333333333333,-0.4730656375049561,8,-0.118393565740721,0.27548110808306453
F00145,60,0.010865831165476212,0.9125421616723512,0.5333333333333333,-0.2967824137626628,6,-0.0658193128162471,0.23111095731809042
F00523,60,0.010865831165476212,0.9125421616723512,0.5333333333333333,-0.2967824137626628,6,-0.0658193128162471,0.23111095731809042
F00601,60,0.010865831165476212,0.9125421616723512,0.5333333333333333,-0.2967824137626628,6,-0.0658193128162471,0.23111095731809042
F00637,60,0.010865831165476212,0.9125421616723512,0.5333333333333333,-0.2967824137626628,6,-0.0658193128162471,0.23111095731809042
F00877,60,0.010865831165476212,0.9125421616723512,0.5333333333333333,-0.2967824137626628,6,-0.0658193128162471,0.23111095731809042
F00955,60,0.010865831165476212,0.9125421616723512,0.5333333333333333,-0.2967824137626628,6,-0.0658193128162471,0.23111095731809042
F01315,60,0.010865831165476212,0.9125421616723512,0.5333333333333333,-0.2967824137626628,6,-0.0658193128162471,0.23111095731809042
F01351,60,0.010865831165476212,0.9125421616723512,0.5333333333333333,-0.2967824137626628,6,-0.0658193128162471,0.23111095731809042
F01411,60,0.010865831165476212,0.9125421616723512,0.5333333333333333,-0.2967824137626628,6,-0.0658193128162471,0.23111095731809042
F01771,60,0.010865831165476212,0.9125421616723512,0.5333333333333333,-0.2967824137626628,6,-0.0658193128162471,0.23111095731809042
F02125,60,0.010865831165476212,0.9125421616723512,0.5333333333333333,-0.2967824137626628,6,-0.0658193128162471,0.23111095731809042
F02395,60,0.010865831165476212,0.9125421616723512,0.5333333333333333,-0.2967824137626628,6,-0.0658193128162471,0.23111095731809042
F02407,60,0.010865831165476212,0.9125421616723512,0.5333333333333333,-0.2967824137626628,6,-0.0658193128162471,0.23111095731809042
F02773,60,0.010865831165476212,0.9125421616723512,0.5333333333333333,-0.2967824137626628,6,-0.0658193128162471,0.23111095731809042
F03307,60,0.010865831165476212,0.9125421616723512,0.5333333333333333,-0.2967824137626628,6,-0.0658193128162471,0.23111095731809042
F03511,60,0.010865831165476212,0.9125421616723512,0.5333333333333333,-0.2967824137626628,6,-0.0658193128162471,0.23111095731809042
F03907,60,0.010865831165476212,0.9125421616723512,0.5333333333333333,-0.2967824137626628,6,-0.0658193128162471,0.23111095731809042
F04165,60,0.010865831165476212,0.9125421616723512,0.5333333333333333,-0.2967824137626628,6,-0.0658193128162471,0.23111095731809042
F04669,60,0.010865831165476212,0.9125421616723512,0.5333333333333333,-0.2967824137626628,6,-0.0658193128162471,0.23111095731809042
F04723,60,0.010865831165476212,0.9125421616723512,0.5333333333333333,-0.2967824137626628,6,-0.0658193128162471,0.23111095731809042
F01182,60,0.010863274112064347,0.9122519090558956,0.5666666666666667,-0.33281599922690874,7,-0.10292701589151489,0.3028721776180703
F00700,60,0.010851489765111987,0.9109148206940159,0.55,-0.06343776595131523,4,-0.040591043426505824,0.19153036949523142
F03678,60,0.010848813645503731,0.9106113080229881,0.5333333333333333,-0.4281131181112393,8,-0.10455095271253488,0.22579478424376473
F00524,60,0.01083848493875484,0.9094403200519772,0.55,-0.4328817152767357,11,-0.1326282735440748,0.522771609781234
F03712,60,0.010835691839560424,0.9091237815588582,0.48333333333333334,-0.34833063524784635,11,-0.13144374954818644,0.3737269376743502
F02591,60,0.01082834203697646,0.9082910839970104,0.4666666666666667,-0.48331999334887377,13,-0.15361223995169443,0.4881830160842021
F04298,60,0.010825464763136982,0.9079651998825287,0.4666666666666667,-0.5158875091471423,16,-0.15016659763002904,0.2332038366765825
F02028,60,0.010821845582770159,0.9075553640919651,0.5166666666666667,-0.4333240268006473,14,-0.11452647329526773,0.38401488073718887
F00950,60,0.010820607519165784,0.907415185708391,0.5333333333333333,-0.4253065398054289,6,-0.09938737085457566,0.337820743146698
F02776,60,0.010818967154995238,0.9072294728891097,0.5166666666666667,-0.3192088147393404,8,-0.11072897065161598,0.33675721229994976
F03375,60,0.010815649119059079,0.9068538778489827,0.5666666666666667,-0.15058980009951084,6,-0.04616340308957938,0.19710513003818425
F00515,60,0.010813071970928515,0.9065622000153291,0.55,-0.4179902042598753,8,-0.12691485918235465,0.3759404928440708
F03344,60,0.010805196483468584,0.9056711357896357,0.48333333333333334,-0.4238768136254232,13,-0.12846444086881584,0.18128567855465122
F02756,60,0.010801316592151743,0.9052322999136555,0.5833333333333334,-0.18265610022023526,5,-0.0608382037909624,0.13555083850709304
F00400,60,0.010800152737217966,0.9051006812468223,0.6333333333333333,-0.44706583760901186,6,-0.22104148350552852,0.28419440208210855
F03466,60,0.010797920837910889,0.9048483040033275,0.5166666666666667,-0.36499195486517755,8,-0.10788060126601197,0.14801105375679743
F03125,60,0.010796081124926887,0.904640298865856,0.48333333333333334,-0.5394162437211572,11,-0.13024284375597414,0.4027860098440287
F02913,60,0.010795385760902054,0.9045616841091579,0.5833333333333334,-0.2209280020849852,6,-0.0627772232033027,0.14048817937332506
F03779,60,0.010785112975408184,0.9034006604700604,0.5666666666666667,-0.5237827320292437,11,-0.11826104052756932,0.364493458151478
F04118,60,0.010783570433351349,0.9032263834636738,0.4666666666666667,-0.4488943810171616,10,-0.14349913414221274,0.4388911690937191
F02202,60,0.010780014592218175,0.9028247029113163,0.48333333333333334,-0.425514717070969,6,-0.13006856805074737,0.37265602241782003
F03419,60,0.010776658386993102,0.9024456504205969,0.6,-0.22128697483740134,4,-0.08812773461338032,0.20850025062190752
F03924,60,0.010773019106029723,0.9020347110391289,0.6333333333333333,-0.509336161988631,7,-0.22104148350552852,0.3931520711998657
F03675,60,0.010770026813071674,0.9016968934708858,0.65,-0.20293670282889298,5,-0.05168122132511009,0.17982642832666507
F01245,60,0.010762125715831052,0.900805175631497,0.6333333333333333,-0.15754905588402568,3,-0.04708754478633308,0.1633292433859363
F02769,60,0.01076175625886322,0.9007634887819613,0.5666666666666667,-0.3050754496646434,7,-0.09008962228873266,0.20693953017069308
F04680,60,0.010757830460739986,0.9003205856681995,0.6,-0.28379089424602566,7,-0.08850161064082039,0.31265056458017315
F03459,60,0.010753686510057274,0.8998531809822556,0.5833333333333334,-0.3139589025781001,7,-0.09753732479054657,0.21239955639399333
F01010,60,0.010752405352697624,0.8997086994983592,0.5166666666666667,-0.5820845985291769,13,-0.1899326610502246,0.48585266369099006
F00314,60,0.010736334343963514,0.8978972220824846,0.5166666666666667,-0.43597198394909775,11,-0.11712478192243964,0.18522292831121123
F00398,60,0.010733301813711061,0.8975555946273444,0.6333333333333333,-0.06536986726042593,3,-0.018432325364099042,0.24748522743001708
F00448,60,0.010719660311635446,0.8960195689583701,0.55,-0.25825368207654376,8,-0.10871397071595279,0.19329518792786488
F04272,60,0.010719517622482085,0.8960035087008529,0.5166666666666667,-0.5713781339809118,7,-0.22104148350552852,0.3653834617045739
F02508,60,0.010707374868579641,0.8946372812179926,0.5333333333333333,-0.24396695265693547,5,-0.0594847133949864,0.26566546508120054
F00806,60,0.010701741828583125,0.894003815193128,0.4666666666666667,-0.5657687081156664,14,-0.16100491545699014,0.3575258498422626
F03202,60,0.010700982846770409,0.8939184794776629,0.48333333333333334,-0.5758072493879687,13,-0.12708494376096116,0.5026473824585392
F00686,60,0.010700740127182326,0.8938911902280577,0.5333333333333333,-0.42895254403928373,7,-0.10831637354149622,0.3006725815592851
F00213,60,0.010692745771606258,0.8929925914608465,0.5666666666666667,-0.5471411976287521,11,-0.22104148350552852,0.3774327491539385
F00097,60,0.010687574830846501,0.8924115795542735,0.5833333333333334,-0.2764927436110024,7,-0.08429054996987481,0.2305511458192454
F00673,60,0.010687574830846501,0.8924115795542735,0.5833333333333334,-0.2764927436110024,7,-0.08429054996987481,0.2305511458192454
F00973,60,0.010687574830846501,0.8924115795542735,0.5833333333333334,-0.2764927436110024,7,-0.08429054996987481,0.2305511458192454
F00997,60,0.010687574830846501,0.8924115795542735,0.5833333333333334,-0.2764927436110024,7,-0.08429054996987481,0.2305511458192454
F01297,60,0.010687574830846501,0.8924115795542735,0.5833333333333334,-0.2764927436110024,7,-0.08429054996987481,0.2305511458192454
F01429,60,0.010687574830846501,0.8924115795542735,0.5833333333333334,-0.2764927436110024,7,-0.08429054996987481,0.2305511458192454
F01675,60,0.010687574830846501,0.8924115795542735,0.5833333333333334,-0.2764927436110024,7,-0.08429054996987481,0.2305511458192454
F01993,60,0.010687574830846501,0.8924115795542735,0.5833333333333334,-0.2764927436110024,7,-0.08429054996987481,0.2305511458192454
F02827,60,0.010687574830846501,0.8924115795542735,0.5833333333333334,-0.2764927436110024,7,-0.08429054996987481,0.2305511458192454
F03121,60,0.010687574830846501,0.8924115795542735,0.5833333333333334,-0.2764927436110024,7,-0.08429054996987481,0.2305511458192454
F03343,60,0.010687574830846501,0.8924115795542735,0.5833333333333334,-0.2764927436110024,7,-0.08429054996987481,0.2305511458192454
F03373,60,0.010687574830846501,0.8924115795542735,0.5833333333333334,-0.2764927436110024,7,-0.08429054996987481,0.2305511458192454
F03403,60,0.010687574830846501,0.8924115795542735,0.5833333333333334,-0.2764927436110024,7,-0.08429054996987481,0.2305511458192454
F03529,60,0.010687574830846501,0.8924115795542735,0.5833333333333334,-0.2764927436110024,7,-0.08429054996987481,0.2305511458192454
F03871,60,0.010687574830846501,0.8924115795542735,0.5833333333333334,-0.2764927436110024,7,-0.08429054996987481,0.2305511458192454
F04039,60,0.010687574830846501,0.8924115795542735,0.5833333333333334,-0.2764927436110024,7,-0.08429054996987481,0.2305511458192454
F04375,60,0.010687574830846501,0.8924115795542735,0.5833333333333334,-0.2764927436110024,7,-0.08429054996987481,0.2305511458192454
F04969,60,0.010687574830846501,0.8924115795542735,0.5833333333333334,-0.2764927436110024,7,-0.08429054996987481,0.2305511458192454
F04054,60,0.010686693289856128,0.8923125462528418,0.5666666666666667,-0.5358708166876911,7,-0.22104148350552852,0.35399871030134267
F04244,60,0.01068521425130859,0.8921464008550588,0.5166666666666667,-0.3465737630210344,8,-0.13247545434884073,0.500921701937552
F03884,60,0.010681875587529673,0.8917714102055994,0.5333333333333333,-0.43828541580226577,12,-0.13496344294826973,0.5150709058513467
F01037,60,0.010674506636418621,0.8909440060495559,0.5166666666666667,-0.36618314282105846,13,-0.13685137326076113,0.468704524786316
F01475,60,0.010671546102293416,0.890611690126484,0.5333333333333333,-0.5322511027966462,9,-0.22104148350552852,0.40813009292215197
F03638,60,0.010664837172026575,0.8898588343524756,0.5,-0.42224497729851773,12,-0.11866627140902376,0.3622185165549373
F02154,60,0.010658562903327095,0.8891550217489921,0.5833333333333334,-0.5046530982363024,13,-0.12506534000793829,0.24261634139817065
F01432,60,0.010656939651123545,0.888972976306238,0.5666666666666667,-0.39565052925246114,8,-0.0818382861146498,0.15137750905014716
F03420,60,0.010656514560717097,0.8889253058676083,0.5166666666666667,-0.32467504479266207,9,-0.10814689183737261,0.20926129326954254
F03963,60,0.010653141757091304,0.8885471152446347,0.55,-0.4312938323152026,9,-0.1120676972200986,0.2843854578023476
F01840,60,0.010651902657922818,0.8884081944361875,0.55,-0.37364659934423783,6,-0.10983636104356341,0.41304496478869723
F04287,60,0.010649706375647485,0.8881619843477047,0.5666666666666667,-0.3399636980429016,4,-0.08211580778931966,0.49597474203152114
F02321,60,0.010641851966809883,0.8872817389060357,0.5833333333333334,-0.36174518503049313,7,-0.10690509664066099,0.26398057757121224
F04558,60,0.01063788669486619,0.8868375032432216,0.5666666666666667,-0.3105278108477395,7,-0.09147974689331255,0.13140058708871294
F03612,60,0.010636567664205645,0.88668975295223,0.6166666666666667,-0.4327169490109628,8,-0.11884330080501275,0.27158572354956234
F03566,60,0.010625338635325937,0.8854324017822597,0.5333333333333333,-0.553688620729233,15,-0.1389048524141469,0.5289348192308185
F00297,60,0.010624687427636578,0.8853595092062168,0.6,-0.22794765948288287,4,-0.06794337144590597,0.21690071114863943
F02159,60,0.01061828757068191,0.884643292146055,0.55,-0.22762143438124227,4,-0.062243147886253423,0.41631437977479047
F03368,60,0.010618062592735131,0.8846181194137344,0.5333333333333333,-0.3500145575712621,6,-0.09128467272541221,0.21929706390044051
F01383,60,0.010618044225213482,0.8846160642904297,0.5833333333333334,-0.21728575960278562,5,-0.04275040022063867,0.13199252912346657
F04548,60,0.010614410480550856,0.8842095316382776,0.5333333333333333,-0.34609985585041425,11,-0.11854517046156732,0.46297279399565316
F00903,60,0.010606347490039792,0.8833077759363881,0.55,-0.4824051113089495,9,-0.136164937888166,0.6153402504043238
F01997,60,0.010605260931412033,0.8831862889054163,0.5333333333333333,-0.432908766383431,11,-0.14492958308105136,0.36323109165120304
F00722,60,0.010602646604803197,0.8828940152439029,0.4666666666666667,-0.20149012360972252,6,-0.053522725714515065,0.40670836040173425
F00904,60,0.010600014085071137,0.8825997527193821,0.4666666666666667,-0.4965171433049722,14,-0.14166146566573082,0.44082520811715276
F03695,60,0.01058066162267425,0.8804379260788575,0.48333333333333334,-0.4002196870354334,11,-0.13998246380188423,0.38296100392908883
F04670,60,0.010570083861094771,0.8792573364900498,0.5333333333333333,-0.4277723335428164,13,-0.15472645885584546,0.450885770027543
F02954,60,0.010564718575907081,0.8786587927941931,0.5,-0.16857823222443724,2,-0.049996810914893317,0.3866625841232063
F01667,60,0.01055254216009095,0.8773011043000274,0.5666666666666667,-0.3271906670833481,6,-0.10212427316691092,0.46601335548451917
F00028,60,0.010543433415140292,0.8762860965603811,0.5333333333333333,-0.5155784926653848,10,-0.22104148350552852,0.4907928443672339
F01904,60,0.01054029052412287,0.875936002451273,0.4666666666666667,-0.6692795758736605,11,-0.22104148350552852,0.38943446643242347
F03248,60,0.010534157844541165,0.8752530536278122,0.5166666666666667,-0.4164711815477534,15,-0.14182867633034638,0.4881004485564238
F00281,60,0.010533598331176092,0.8751907571482296,0.5666666666666667,-0.283907056236429,9,-0.08746087195551647,0.17765710730686754
F00158,60,0.010516366456839602,0.8732731483468694,0.5333333333333333,-0.46854682408216863,9,-0.1095417231066612,0.3990253295124365
F04533,60,0.01051608664263036,0.8732420257932665,0.55,-0.3362672210235884,7,-0.09794620089937627,0.2118843503199998
F02160,60,0.01049485299488985,0.8708817794267694,0.5333333333333333,-0.5917911918469716,15,-0.14623532415192558,0.5437562932127147
F02633,60,0.010489327272803774,0.8702680421928093,0.5666666666666667,-0.09415115010388841,4,-0.0409955921556066,0.17926211794992508
F01062,60,0.01048914956252443,0.8702483073501197,0.5,-0.5156638712484212,9,-0.16775562961982593,0.6059392691828772
F03136,60,0.010488372671470493,0.8701620354950128,0.5833333333333334,-0.18610336600483612,8,-0.05859490879512768,0.2517779938516881
F03606,60,0.010485796833499835,0.8698760229718641,0.55,-0.19925983106002287,4,-0.07450676750886605,0.22846174990008092
F01758,60,0.010478781989784717,0.8690973359924719,0.38333333333333336,-0.6540682580082043,13,-0.12179226119606865,0.4641184818330748
F01431,60,0.010471456469288772,0.8682845025152328,0.55,-0.4145728555360777,5,-0.09127430266255378,0.3397474312095351
F03038,60,0.010465861796588405,0.8676639565396751,0.5166666666666667,-0.2746095115953465,7,-0.08927458571814698,0.23168258201906566
F00112,60,0.010463825421415137,0.867438137624363,0.5833333333333334,-0.16087958876724895,3,-0.04540597951327392,0.1468149835310963
F03722,60,0.010456531258356772,0.8666294892985795,0.5666666666666667,-0.1277830887791246,2,-0.035250714927206224,0.14308342627168938
F00528,60,0.010456250221326338,0.8665983397525154,0.55,-0.4522332063076867,9,-0.13192162896804702,0.1907610828984949
F01340,60,0.010455202743466537,0.8664822440397606,0.6166666666666667,-0.36039700796894714,6,-0.10449215630185676,0.18252579095801721
F03496,60,0.01045324671279931,0.8662654691830729,0.48333333333333334,-0.33406763503042936,8,-0.09980462763112435,0.4050325562231248
F04870,60,0.010437812615756228,0.8645558712018411,0.4666666666666667,-0.33781557693145947,7,-0.11995535229101553,0.3611209831956248
F02664,60,0.01043222230632623,0.8639370259980002,0.5166666666666667,-0.5221651636666012,14,-0.13657510171437728,0.47698866293915987
F04220,60,0.01042365700014744,0.8629892415203637,0.4666666666666667,-0.4251481527369636,8,-0.0812956172935511,0.2186920663913757
F01515,60,0.010423210471566654,0.8629398443932428,0.5666666666666667,-0.3576301347867661,6,-0.09331768647237038,0.21302321486686276
F03327,60,0.01041709275565132,0.862263203086622,0.55,-0.1827751284597574,4,-0.04290994667287004,0.14877162129806415
F04445,60,0.010415737865371689,0.8621133800566998,0.55,-0.1537854771418934,3,-0.03839085428382683,0.3933641006076165
F02438,60,0.01041132859287307,0.8616258871488216,0.6166666666666667,-0.056535130642340614,1,-0.020568277002878516,0.240713468400556
F01992,60,0.010398098991027591,0.8601639641782952,0.5,-0.191981614906389,3,-0.06782237671448729,0.27043993894897056
F01313,60,0.010395419689780996,0.8598680283617417,0.5333333333333333,-0.5532679496389192,10,-0.13817024601668948,0.20445231465210856
F01119,60,0.010391890771024741,0.8594783207173116,0.48333333333333334,-0.3305024211477289,10,-0.10218879679812425,0.2816208486803801
F01587,60,0.01037969493141541,0.85813212071094,0.5166666666666667,-0.26859043753197986,5,-0.0658952523056725,0.25244146266634376
F02084,60,0.010363760760901388,0.8563747205579642,0.5,-0.40753181902076296,9,-0.14726328621128298,0.4185496999824132
F00960,60,0.01035403070613567,0.8553023841639482,0.5,-0.2047124188734204,5,-0.07053441475957037,0.15309680361687056
F02812,60,0.010341650207295569,0.8539388264089383,0.48333333333333334,-0.5672947277185564,8,-0.22104148350552852,0.3675025155750637
F03461,60,0.010340816788775993,0.8538470711485202,0.5,-0.5812892621777407,13,-0.17120467200394787,0.4616723505321435
F01541,60,0.01033895657631747,0.8536422870562199,0.55,-0.18253686017538195,3,-0.05634126486863433,0.4019635053526961
F04024,60,0.010335561320695836,0.8532685729390124,0.5333333333333333,-0.3328167744378613,11,-0.14299821848447425,0.29691765992088687
F01442,60,0.01033478104141697,0.8531826984527884,0.55,-0.6517647803356119,13,-0.21296272763489849,0.5776793013136755
F00094,60,0.010333649440016817,0.8530581657797445,0.45,-0.5596953190756653,13,-0.12246712281165924,0.37131394075692703
F04522,60,0.010327336592849649,0.852363588279283,0.5,-0.5491479009170936,13,-0.18889706091498637,0.3916694841271241
F04095,60,0.010324810453784437,0.8520857189555697,0.4666666666666667,-0.37266958768832203,11,-0.10680503028959823,0.48115657089759317
F01044,60,0.010321487714293203,0.8517202878816215,0.5833333333333334,-0.5372000386941609,6,-0.22104148350552852,0.28419440208210855
F02380,60,0.010310531128454002,0.8505157974353621,0.55,-0.4193558682903257,9,-0.14994739402134713,0.48014307350845675
F02278,60,0.010308234409021858,0.8502634098503934,0.55,-0.23252596283742,5,-0.08156130169467325,0.253997612496853
F04793,60,0.010295426799339943,0.8488565961195564,0.5833333333333334,-0.38192094125351983,8,-0.09391517432284872,0.16841197632394753
F03102,60,0.010293164842838877,0.848608247554312,0.5833333333333334,-0.22069259578107492,7,-0.08218601206266626,0.24818396231994116
F02144,60,0.010291242842215208,0.8483972497804937,0.6,-0.14966937510739076,4,-0.048710714842804564,0.14347212830247985
F01775,60,0.010287074667597864,0.8479397477523452,0.6,-0.16715937233440148,4,-0.05908296621340666,0.24487883332995122
F04252,60,0.010285346979046027,0.8477501479820024,0.5166666666666667,-0.49388290550982683,11,-0.22104148350552852,0.28680624275613487
F03196,60,0.010281758211884661,0.8473563711007741,0.6,-0.23951208816446656,4,-0.05790195170400966,0.1776808242639874
F01094,60,0.010268950987171028,0.845951773091602,0.5333333333333333,-0.5201063050111636,13,-0.18517352143096028,0.515559476325661
F03491,60,0.010268916613942733,0.8459480047134107,0.5166666666666667,-0.4104872779998434,12,-0.1306489903953321,0.3708748320998407
F02279,60,0.010264443733380936,0.8454577019926095,0.5,-0.29928485234080116,9,-0.10460450319821052,0.3436188000374684
F01834,60,0.010257520604257863,0.8446990634270541,0.5166666666666667,-0.387796300581975,11,-0.10533659378048606,0.23899086172700312
F01965,60,0.010255226911788356,0.8444477875561671,0.48333333333333334,-0.16548327864276136,2,-0.07549151271900297,0.38974330033819665
F01320,60,0.010250285813633839,0.8439066005864233,0.5666666666666667,-0.5523744665377084,11,-0.16177159454034376,0.4724790241885193
F04280,60,0.010249038150090487,0.8437699715988605,0.5166666666666667,-0.5232737747741117,12,-0.13041265364630733,0.34313999450790555
F00992,60,0.010233400644340461,0.8420583855871047,0.5166666666666667,-0.3633709984292397,9,-0.12401304930647396,0.18027778098410124
F03395,60,0.010228524480442465,0.8415249900524691,0.6333333333333333,-0.42852154315145274,4,-0.22104148350552852,0.28419440208210855
F03719,60,0.010217804156430303,0.8403528454185745,0.5833333333333334,-0.36231992362690546,7,-0.09024189737402684,0.25595713279262644
F01199,60,0.010216700682864613,0.8402322348766993,0.55,-0.3369176488771163,8,-0.07965813506134575,0.15101862219088708
F02860,60,0.010215455638312011,0.840096159845328,0.5333333333333333,-0.4862336776989691,10,-0.15653291250352036,0.48176506866101143
F01377,60,0.010214088216916386,0.8399467212454541,0.55,-0.4673976917023478,14,-0.12344359036462056,0.4856934445377625
F00644,60,0.010211008907982265,0.8396102427701821,0.5666666666666667,-0.3910690887393108,9,-0.14495654237032812,0.369311565341735
F04259,60,0.010207375678523204,0.8392133147821763,0.55,-0.32002581319996226,5,-0.09845674553486712,0.29674874525870987
F01736,60,0.010203792821999165,0.8388219724787762,0.48333333333333334,-0.2666400379730407,5,-0.10338636487924881,0.3508760344722412
F04946,60,0.010202118843756753,0.8386391580290911,0.5833333333333334,-0.3202466853101894,7,-0.06661276625800915,0.23691161139048295
F01779,60,0.010198549159453663,0.8382493740193395,0.6166666666666667,-0.2989885219922226,8,-0.11786131232716743,0.2638983760597441
F03582,60,0.010195241618867867,0.8378882867542234,0.55,-0.5797415895831177,12,-0.16887094297891228,0.5443765666627418
F02554,60,0.010191393583102152,0.83746828090338,0.5166666666666667,-0.23378753155583376,4,-0.051086089206891096,0.18749414152017807
F00812,60,0.010188741220287633,0.8371788354516079,0.5166666666666667,-0.16611742851172506,4,-0.03280154349445382,0.4098574231602114
F00946,60,0.010173869323784186,0.8355567343660919,0.4666666666666667,-0.7042508073719235,11,-0.22104148350552852,0.5073359641733879
F03804,60,0.010168740439656578,0.8349976455898911,0.5,-0.47568647404356534,11,-0.13532093446410065,0.29664801701323157
F02268,60,0.010160849067859759,0.8341377509111099,0.5833333333333334,-0.4159374249697608,7,-0.11354533868900177,0.24846475800912815
F03089,60,0.010158096349488175,0.8338378902202741,0.55,-0.1320840029816357,3,-0.039052227243604895,0.39828834943701724
F03364,60,0.01015682031551522,0.8336989049113948,0.5166666666666667,-0.46946149471558285,11,-0.13398437463020987,0.359277822637608
F01359,60,0.010156217844894786,0.8336332875582626,0.5,-0.4174938158749326,7,-0.10124177127262737,0.4463981511978781
F00268,60,0.01015064589687375,0.8330265350458814,0.5166666666666667,-0.5264757065675969,14,-0.22104148350552852,0.28419440208210855
F04566,60,0.010143223794776156,0.8322186182262135,0.5333333333333333,-0.5456221740811507,13,-0.15426972762781682,0.6152520732013113
F01505,60,0.010142840719039531,0.8321769288521768,0.5833333333333334,-0.3441379581784897,9,-0.11543367382854011,0.29271350031134397
F02024,60,0.010141740869664753,0.8320572396055874,0.48333333333333334,-0.343076380788483,10,-0.09509245448529402,0.21310221067191765
F00816,60,0.010127145202350377,0.8304696186535143,0.5666666666666667,-0.5881623366925877,11,-0.22104148350552852,0.3828048994534083
F04262,60,0.010122089705966102,0.8299200304291332,0.6333333333333333,-0.47474138369217633,11,-0.1701278885178819,0.24262324093091073
F02157,60,0.010113703373675453,0.8290087014156464,0.6333333333333333,-0.092042581491386,2,-0.04027141973490137,0.16823733364103197
F01582,60,0.010113690577979995,0.829007311269399,0.6333333333333333,-0.08994954727873161,3,-0.035276058169913374,0.1286488343215946
F03023,60,0.010091894907233306,0.826640899824312,0.5333333333333333,-0.2352487528173367,5,-0.048500585712468604,0.19378589315837447
F04589,60,0.010081668772111453,0.8255316602140945,0.5,-0.4934085706629501,12,-0.1520605652114091,0.4165653826462321
F01575,60,0.010069882752174367,0.8242540398720464,0.5666666666666667,-0.46404145051495593,12,-0.22104148350552852,0.28801042137282606
F00077,60,0.010057758784964992,0.8229407030318612,0.5333333333333333,-0.3892330795445814,13,-0.14811738445969336,0.29999754845644894
F04956,60,0.010054156903509043,0.8225507059900563,0.48333333333333334,-0.5244331958310433,15,-0.16834529091854622,0.43759216175981774
F04619,60,0.010043791656473169,0.8214288570065027,0.5166666666666667,-0.30157199295459314,8,-0.10701701452298394,0.42177651237486746
F03852,60,0.010034260063214184,0.8203978351667438,0.6,-0.5249314612366174,10,-0.22104148350552852,0.4404511911683475
F02900,60,0.010029997691799788,0.8199369649093282,0.43333333333333335,-0.5349216483974635,15,-0.12109167510134662,0.45226986043868567
F03657,60,0.010026783324785887,0.8195894863479665,0.5166666666666667,-0.10962665213131628,2,-0.03803163156252663,0.4104752869175552
F04019,60,0.010024179417634546,0.8193080473704273,0.5,-0.4782892722210942,11,-0.12464309484998806,0.355109347792422
F02950,60,0.010023627297180862,0.8192483778492201,0.5,-0.4495040381077239,10,-0.0996387079513646,0.41727189508253326
F04494,60,0.010016620048269203,0.818491247984124,0.43333333333333335,-0.5024649781825504,17,-0.14315690591339045,0.5163329685616537
F03710,60,0.010012346085031163,0.8180296004553684,0.5666666666666667,-0.27882222550147495,6,-0.08557722325379058,0.2663113502465729
F04108,60,0.010010989018691614,0.8178830425050856,0.5833333333333334,-0.5175779137811142,8,-0.22104148350552852,0.3218160217372788
F00659,60,0.01000780972625712,0.8175397366276136,0.5166666666666667,-0.4975236601185068,9,-0.14966250490612903,0.44756995262730564
F02788,60,0.010002357901304212,0.8169511868731942,0.5833333333333334,-0.3349074109735025,6,-0.09248282182118399,0.17207352060907785
F02116,60,0.010001062226195718,0.8168113403083586,0.5166666666666667,-0.3130801023129671,7,-0.10287373670897702,0.30861670071972724
F01634,60,0.009996223584845133,0.8162891830631296,0.4666666666666667,-0.305094796430848,8,-0.08845746235677768,0.17267312620925837
F00543,60,0.009991693548360955,0.8158004623623136,0.4666666666666667,-0.5993030923232843,12,-0.1367870160581577,0.45705781591369843
F00232,60,0.00998491894402815,0.8150698288750877,0.55,-0.3443201698595595,11,-0.15221638359583647,0.449042934017076
F03642,60,0.009983966159201337,0.8149670952896353,0.5166666666666667,-0.35338361573358323,4,-0.08223879516898526,0.3976586314327069
F00710,60,0.009974509145123317,0.8139477070826664,0.5166666666666667,-0.46541743613009023,9,-0.15017706185827162,0.39365221813342316
F00043,60,0.00997341302348128,0.8138295906154989,0.5166666666666667,-0.12500699833838913,4,-0.05723678479451295,0.4108526873853706
F00115,60,0.00997341302348128,0.8138295906154989,0.5166666666666667,-0.12500699833838913,4,-0.05723678479451295,0.4108526873853706
F00283,60,0.00997341302348128,0.8138295906154989,0.5166666666666667,-0.12500699833838913,4,-0.05723678479451295,0.4108526873853706
F00721,60,0.00997341302348128,0.8138295906154989,0.5166666666666667,-0.12500699833838913,4,-0.05723678479451295,0.4108526873853706
F00883,60,0.00997341302348128,0.8138295906154989,0.5166666666666667,-0.12500699833838913,4,-0.05723678479451295,0.4108526873853706
F01801,60,0.00997341302348128,0.8138295906154989,0.5166666666666667,-0.12500699833838913,4,-0.05723678479451295,0.4108526873853706
F01861,60,0.00997341302348128,0.8138295906154989,0.5166666666666667,-0.12500699833838913,4,-0.05723678479451295,0.4108526873853706
F01867,60,0.00997341302348128,0.8138295906154989,0.5166666666666667,-0.12500699833838913,4,-0.05723678479451295,0.4108526873853706
F02899,60,0.00997341302348128,0.8138295906154989,0.5166666666666667,-0.12500699833838913,4,-0.05723678479451295,0.4108526873853706
F03487,60,0.00997341302348128,0.8138295906154989,0.5166666666666667,-0.12500699833838913,4,-0.05723678479451295,0.4108526873853706
F03991,60,0.00997341302348128,0.8138295906154989,0.5166666666666667,-0.12500699833838913,4,-0.05723678479451295,0.4108526873853706
F04153,60,0.00997341302348128,0.8138295906154989,0.5166666666666667,-0.12500699833838913,4,-0.05723678479451295,0.4108526873853706
F04249,60,0.00997341302348128,0.8138295906154989,0.5166666666666667,-0.12500699833838913,4,-0.05723678479451295,0.4108526873853706
F04855,60,0.00997341302348128,0.8138295906154989,0.5166666666666667,-0.12500699833838913,4,-0.05723678479451295,0.4108526873853706
F04885,60,0.00997341302348128,0.8138295906154989,0.5166666666666667,-0.12500699833838913,4,-0.05723678479451295,0.4108526873853706
F00136,60,0.009970322932957552,0.8134966476863161,0.5666666666666667,-0.15292502978158395,3,-0.06065849233122282,0.15979302710852664
F01678,60,0.009956975900530513,0.8120592570519134,0.48333333333333334,-0.57902440169806,13,-0.14549374140483903,0.5546102411984438
F03984,60,0.009953122468797706,0.8116444753771312,0.5333333333333333,-0.429654461558896,6,-0.09504845371733882,0.24061070899667225
F02493,60,0.009947806867931255,0.8110724596854924,0.5333333333333333,-0.5115209144889499,8,-0.22104148350552852,0.3831927158383791
F02602,60,0.009947455832128154,0.8110346907184804,0.5166666666666667,-0.4733432694657024,10,-0.1339467514736358,0.36180118090304964
F04605,60,0.009946723977546333,0.8109559508377753,0.4,-0.47480229260829443,11,-0.09352024496167498,0.44550905759787296
F01718,60,0.009942005622646504,0.8104483861228886,0.5333333333333333,-0.6198775367714702,12,-0.13050601869919398,0.48941758034430616
F01156,60,0.009940859319634258,0.8103250966900095,0.5333333333333333,-0.37358286864485746,6,-0.132856369655069,0.28451682567079173
F01382,60,0.009938306442688246,0.8100505543211065,0.55,-0.548330567781056,10,-0.1688548320307038,0.5046541840808308
F01762,60,0.009933096695693495,0.8094904129428968,0.43333333333333335,-0.4952514250269693,11,-0.09985750602757941,0.35497978250235
F01542,60,0.009932734497818873,0.8094514765034413,0.6,-0.30226358592337144,5,-0.10274888968465298,0.35182255282495845
F04893,60,0.009928371899826375,0.8089825599153171,0.5,-0.24218528800034733,3,-0.05855667358998422,0.4184790234484626
F01781,60,0.009927217484392825,0.8088584968415302,0.48333333333333334,-0.3402225330114288,7,-0.08251001690901884,0.24998568325217396
F03137,60,0.009917194455404399,0.807781690484966,0.5666666666666667,-0.29127459131703537,7,-0.06587632131735283,0.15128163168411954
F00390,60,0.009910947546544818,0.807110883784538,0.48333333333333334,-0.5327925851965933,8,-0.09776084064129906,0.3659995312909196
F00719,60,0.009905447912852718,0.8065205237228781,0.5333333333333333,-0.29955191558776595,10,-0.1287589797378709,0.29272754047277405
F01725,60,0.009904266160432034,0.8063936928608495,0.5333333333333333,-0.1941815120287761,3,-0.06135198011684125,0.4092309135718223
F02002,60,0.009902547105457751,0.8062092119605762,0.5,-0.2392812874393534,3,-0.07549863080514181,0.4037397145320034
F03342,60,0.009890010419473952,0.8048643938425164,0.55,-0.41426165730431075,10,-0.13169606855774957,0.5041771773282334
F04798,60,0.009886523920101082,0.8044905699003537,0.5333333333333333,-0.4525274787618725,11,-0.16918911502130415,0.3805759355391417
F01148,60,0.009874710217597586,0.8032244656793752,0.5166666666666667,-0.5372739484806541,9,-0.22104148350552852,0.28419440208210855
F01410,60,0.00986871987749572,0.802582799674334,0.5333333333333333,-0.29745633979972785,5,-0.08385089961842342,0.1987865857754667
F04895,60,0.009855443022092528,0.801161425724684,0.6,-0.16086288620969036,3,-0.046454449465639,0.2589934390733119
F04980,60,0.009853256962948451,0.8009274995326008,0.55,-0.3605373182986662,8,-0.15894771040343986,0.37991323297844304
F03119,60,0.009851123992279736,0.8006992830366928,0.5666666666666667,-0.4298996267691173,5,-0.22104148350552852,0.28419440208210855
F00184,60,0.009848793228125905,0.8004499362076554,0.6,-0.1945832883971803,5,-0.06541677800777154,0.1196072413394273
F03753,60,0.009844456861409806,0.799986118913047,0.48333333333333334,-0.33749875529387796,8,-0.09397904492314657,0.2484333126145948
F04374,60,0.009842320545704377,0.7997576620280382,0.6,-0.3580217773863934,4,-0.10139738541481644,0.22243701093571377
F03348,60,0.009842255616966956,0.7997507190171147,0.5333333333333333,-0.5204045818979506,13,-0.15709561396696187,0.5479276479172189
F04820,60,0.009841863345004153,0.7997087728426635,0.5333333333333333,-0.3851028094794381,9,-0.13314637033643129,0.2672521692441362
F00510,60,0.009837743144121423,0.7992682522315537,0.5166666666666667,-0.45106884681779136,8,-0.10982132546296389,0.274893857140291
F04788,60,0.0098369762129136,0.7991862657499822,0.5,-0.21558923747354974,5,-0.061594706961716546,0.1674875850217375
F02260,60,0.009834871926792187,0.7989613322178268,0.5,-0.4836368208270688,12,-0.1507361583043299,0.4025504211827183
F00762,60,0.009830965061466277,0.7985437888491109,0.38333333333333336,-0.4486872684259602,10,-0.12072740943061573,0.36878551206942867
F00465,60,0.009823652341271761,0.7977625033458884,0.55,-0.5795148380714318,12,-0.22104148350552852,0.28419440208210855
F01971,60,0.009821883746984665,0.7975735981909022,0.5333333333333333,-0.45638350441586695,10,-0.1338618082627624,0.3115523056596964
F01728,60,0.0098193802911614,0.7973062351795668,0.48333333333333334,-0.30682538442412455,7,-0.07728091456014709,0.2900567746418862
F01122,60,0.009818230433084512,0.79718344623063,0.55,-0.5770627803251951,9,-0.22104148350552852,0.37515098725994994
F02939,60,0.009817280857980603,0.7970820509537204,0.48333333333333334,-0.18394408005783947,4,-0.06816263117248719,0.38753848828861037
F02698,60,0.009815974552968862,0.7969425733818167,0.55,-0.29415724553015676,7,-0.09026780080437039,0.23221380118718066
F02240,60,0.009810694991735024,0.7963789693876169,0.5166666666666667,-0.35440912483987497,7,-0.10700509664066098,0.24026528857053686
F04724,60,0.009806072020084577,0.7958856004247337,0.55,-0.16534477054613417,5,-0.060350545326561054,0.12899518604068033
F04836,60,0.009805512733982825,0.7958259217909542,0.45,-0.5250354326893796,9,-0.12369919814392312,0.33193672137082925
F00929,60,0.009801909929181079,0.7954415311783243,0.6,-0.143733605631004,3,-0.03240319819119336,0.15575888475286614
F03617,60,0.00979992153157332,0.7952294196202145,0.5,-0.441397768391113,11,-0.14819547707462893,0.5455408225666484
F01884,60,0.009797984080381397,0.7950227664537552,0.55,-0.45297968386997256,11,-0.22104148350552852,0.36031969213192333
F00359,60,0.009796494936519465,0.7948639467159511,0.4666666666666667,-0.5101317265201147,12,-0.17104369153614637,0.5753649278294373
F03803,60,0.009789108031667455,0.7940763249431904,0.5333333333333333,-0.333810544923705,7,-0.08031534465981531,0.21848180067873416
F04929,60,0.00978900772978631,0.7940656326886444,0.36666666666666664,-0.5200386405974278,11,-0.14085257868551482,0.4491790525146489
F00474,60,0.00978338371712448,0.7934662090363811,0.5,-0.3811599711674446,12,-0.11845519990295879,0.3604969308229803
F02319,60,0.00977900519710479,0.7929996699688457,0.5,-0.4807339713095662,13,-0.1577865819477261,0.4068019556040031
F04143,60,0.009777594293911219,0.7928493611580485,0.5833333333333334,-0.5051357248004215,10,-0.22104148350552852,0.28419440208210855
F03310,60,0.009772056624589995,0.7922595322124522,0.5333333333333333,-0.36718993207382544,7,-0.09080627722946899,0.20950885032975236
F04804,60,0.009771580458636533,0.7922088236733282,0.55,-0.4742980981086542,10,-0.14313294802123558,0.4216703592012926
F04436,60,0.009758233083833858,0.790787990015049,0.5333333333333333,-0.32346682816032213,4,-0.07311391262307722,0.3393866457995102
F01740,60,0.009746604849517913,0.7895510624575193,0.5333333333333333,-0.26780632448716835,6,-0.08964795731334155,0.35572554529474615
F04224,60,0.00974620300905245,0.7895083325932417,0.5333333333333333,-0.504517310285798,9,-0.1420750695418891,0.5418990614708463
F04072,60,0.009730674258009464,0.7878578450205467,0.4666666666666667,-0.4797810229220345,10,-0.10821407657302076,0.453369104656428
F00024,60,0.009727769871019611,0.7875493157894837,0.5666666666666667,-0.3732485642067165,9,-0.1251329652845162,0.22979035123642463
F00538,60,0.009720276664548383,0.7867535640273309,0.55,-0.19713896036704304,3,-0.058237027092595026,0.4136698281687637
F00437,60,0.00970606227601842,0.7852450037553158,0.5833333333333334,-0.4388449524795256,9,-0.11763500750745033,0.3153416717658113
F03215,60,0.009702544624056012,0.7848718718826007,0.5166666666666667,-0.26303974931668095,5,-0.10943894424959777,0.2420060281179305
F00551,60,0.009699646368069342,0.7845644995220156,0.38333333333333336,-0.5755457364928597,14,-0.12388595828618172,0.3519662453987744
F02898,60,0.009697418770904225,0.7843282887564338,0.5333333333333333,-0.5866810168716297,7,-0.22104148350552852,0.32793205765198125
F00546,60,0.009683508919030638,0.782854006005075,0.5333333333333333,-0.3782283054377209,6,-0.07538946911744192,0.18673647154221434
F00256,60,0.009679090664226802,0.7823859730155509,0.5666666666666667,-0.3016127364513017,5,-0.0830261489346948,0.2866985047102321
F03291,60,0.009672051290171542,0.7816405301410083,0.4666666666666667,-0.35948151190509825,8,-0.0986767905978634,0.3021971050684137
F02890,60,0.009671513523985677,0.7815835953584209,0.55,-0.3535155334005643,8,-0.08801965479466542,0.22483885563503522
F03381,60,0.009671415720014688,0.7815732407757656,0.5666666666666667,-0.4443775636503029,9,-0.182873654559147,0.3644884815139742
F00940,60,0.009667469980833681,0.7811555516412871,0.48333333333333334,-0.49523499729094667,14,-0.12332666768564368,0.4080907141141322
F00296,60,0.009648459266152412,0.7791444594833683,0.5166666666666667,-0.2288242872173405,4,-0.06183836916449354,0.39736799537389644
F03305,60,0.009647953447282233,0.7790909807780482,0.5333333333333333,-0.44257575519316017,11,-0.13801310471863193,0.36972777542296364
F04815,60,0.009644452009496318,0.7787208276504709,0.55,-0.4589785341376108,9,-0.11257937207570193,0.35640869841921075
F01649,60,0.009641099144971512,0.7783664518652842,0.5833333333333334,-0.4477875181174985,8,-0.10179907298644122,0.2391286310995099
F03692,60,0.009635223863530579,0.7777456405698231,0.5333333333333333,-0.30248126090698346,7,-0.09243996999989536,0.2907257898764656
F03476,60,0.009631687465937611,0.7773720700547684,0.5166666666666667,-0.3688579378242888,6,-0.10700509664066098,0.24026528857053692
F02651,60,0.009630774331256963,0.777275622798018,0.5333333333333333,-0.5658938402119726,11,-0.13679607244887548,0.39600817467790794
F01798,60,0.009630684223477974,0.7772661056988086,0.5,-0.5707473390433488,10,-0.22104148350552852,0.37186008147854205
F03826,60,0.009618987846075741,0.7760311706176801,0.5,-0.5974613448287907,12,-0.14577849237346713,0.3209861539355609
F03224,60,0.009612790380542358,0.7753771675232612,0.5,-0.5085688873641283,7,-0.13116278484851124,0.3381426727516309
F04146,60,0.00961201511682035,0.7752953725413139,0.5333333333333333,-0.20012810744256126,3,-0.08494121590500513,0.23818368831729425
F04383,60,0.009609277289463586,0.775006544950313,0.5333333333333333,-0.5558720034496817,7,-0.22104148350552852,0.28419440208210855
F02390,60,0.009606982415854238,0.7747644824431934,0.5833333333333334,-0.358648983041129,7,-0.0968334307876742,0.33633545279845156
F01814,60,0.009600571754336247,0.7740884599708462,0.6833333333333333,-0.12917897613148288,3,-0.03776198873281023,0.14270270826117407
F02543,60,0.009596684564265717,0.7736786680582965,0.5166666666666667,-0.27019445745043424,7,-0.0674685864707741,0.26048958216096935
F04802,60,0.0095896465279293,0.7729369472327288,0.55,-0.46873956254214433,7,-0.22104148350552852,0.2982870678416874
F00671,60,0.009585106856569678,0.7724586845895269,0.5166666666666667,-0.2960214620359737,8,-0.13246397597854126,0.38044706665003536
F01066,60,0.009581551765419293,0.7720842378421515,0.5666666666666667,-0.3600023139652764,9,-0.14141535014790738,0.2090567042984858
F04397,60,0.009580229282599155,0.771944964671196,0.5833333333333334,-0.29102818117480345,8,-0.11754242363046015,0.31539409060525553
F04328,60,0.009579698564107886,0.7718890767280073,0.55,-0.3315982448640479,8,-0.07234555686581012,0.18280825307009696
F02894,60,0.009569474047852718,0.7708127101657642,0.48333333333333334,-0.6704259811657445,11,-0.22104148350552852,0.4080073577833242
F02074,60,0.009567052455701308,0.7705578758317122,0.5333333333333333,-0.6374228584684547,9,-0.22104148350552852,0.4185364726637065
F04284,60,0.009553861662191326,0.7691703862008903,0.5333333333333333,-0.16369307403325484,4,-0.06943487593866952,0.32209364542338803
F03580,60,0.009529765694166222,0.7666385824418009,0.5333333333333333,-0.4913464533510856,13,-0.22104148350552852,0.28419440208210855
F04774,60,0.009527370109777887,0.7663870691706745,0.4666666666666667,-0.3178839901810664,8,-0.09976074795644993,0.2294008279152353
F01380,60,0.009524790982962071,0.7661163250743479,0.5666666666666667,-0.3115893147184159,6,-0.08375190461429464,0.2874513487490875
F00038,60,0.009517485255273213,0.765349627066469,0.5333333333333333,-0.2146437042699939,5,-0.09511953184152602,0.15096277817976003
F00713,60,0.009510245136520072,0.7645901372692876,0.6,-0.3760509030581729,8,-0.13038598359943604,0.28051889560909515
F02039,60,0.00950854707076911,0.764412056378367,0.45,-0.3097515786509484,4,-0.054188496676398946,0.41872727211447724
F03508,60,0.009503170747089784,0.7638483428663803,0.45,-0.3118274407431276,5,-0.06691103081022648,0.38082026643747113
F02727,60,0.009499746084218141,0.7634893554976476,0.5333333333333333,-0.3140948381312755,6,-0.11501510312394592,0.18013419264851727
F02962,60,0.009499213268513515,0.7634335100040308,0.4166666666666667,-0.6785441338027418,11,-0.22104148350552852,0.3526197491415188
F03244,60,0.009498792681000581,0.7633894286027456,0.48333333333333334,-0.41959185368471585,13,-0.13779591380522,0.41511227536817163
F02417,60,0.00949741623645711,0.7632451722560807,0.5166666666666667,-0.6077655262564534,9,-0.22104148350552852,0.4657581507239819
F02228,60,0.009495225168795356,0.763015564410138,0.5,-0.3473298575285647,7,-0.0663124655623039,0.1800291926164023
F04679,60,0.00949408450772382,0.7628960431202088,0.5666666666666667,-0.36361448853745015,6,-0.12582811517935696,0.33920300032094086
F04582,60,0.00948859270007255,0.7623207094420883,0.5,-0.5599348156699087,7,-0.22104148350552852,0.5387443350603581
F01016,60,0.009486468129571123,0.7620981843633463,0.5166666666666667,-0.5519144484952083,9,-0.22104148350552852,0.28419440208210855
F00761,60,0.009484964183296243,0.7619406794566355,0.6333333333333333,-0.11847482019403732,2,-0.027890455479323183,0.2365455555440078
F02945,60,0.009483934399513855,0.7618328405050288,0.5666666666666667,-0.5610013944332333,9,-0.16647533047335017,0.4914457528235566
F02846,60,0.009483232090993528,0.7617592984834813,0.5333333333333333,-0.21243079493687178,4,-0.04334853620231247,0.2508650804250206
F04594,60,0.009481163489741222,0.7615427030762676,0.55,-0.39939830270401877,9,-0.12999946629863185,0.26822664462466117
F02579,60,0.009479959197135802,0.761416618215782,0.6166666666666667,-0.33280714690920643,5,-0.14124810666231594,0.38129314818787796
F01968,60,0.009479730407913247,0.761392665856514,0.5166666666666667,-0.5173723235062091,16,-0.16163964123235655,0.4362502926982988
F04632,60,0.009463172390438418,0.7596600270414113,0.4666666666666667,-0.44807986755635953,9,-0.1225308482047183,0.43415175191798006
F01557,60,0.009460896599619672,0.7594220182508908,0.5333333333333333,-0.15502084458158394,4,-0.05093194105496701,0.2775221141138846
F03180,60,0.009460800134052604,0.7594119303020772,0.5,-0.24094653892437778,6,-0.08594733282434952,0.2222073482445967
F04706,60,0.009459395495619805,0.7592650457767425,0.55,-0.5878550042053167,10,-0.22104148350552852,0.28419440208210855
F02008,60,0.009450350944806044,0.7583195362971555,0.5,-0.4029403506523188,8,-0.10533632285712717,0.3801434475074376
F01176,60,0.00943962649362641,0.7571990590044417,0.48333333333333334,-0.3849326313755963,9,-0.11863989974474962,0.37135843262696056
F04894,60,0.009430141695701076,0.7562086842279248,0.5666666666666667,-0.28396935492335973,5,-0.09769304322767663,0.20271879663263062
F01269,60,0.009426801407655285,0.7558600318536233,0.5666666666666667,-0.11037090882286449,4,-0.045968984660738156,0.16408517574311765
F04074,60,0.009422210969933068,0.7553810024731085,0.48333333333333334,-0.37646194138685174,10,-0.1328113860104705,0.5266459468344753
F04952,60,0.009409977852292665,0.7541050582658115,0.5,-0.30290406789620705,3,-0.11309026478876541,0.47823948072275246
F02118,60,0.009409767688427845,0.7540831456291885,0.48333333333333334,-0.488309337234511,10,-0.1388739464953572,0.5116940278866107
F00472,60,0.00940928427437494,0.7540327437117409,0.5,-0.20879908365336886,5,-0.06446452974945038,0.24254946566141602
F01149,60,0.009405834286432307,0.7536730809774632,0.55,-0.3346237074106606,7,-0.10724866752945274,0.22838452021744837
F04504,60,0.00938796072353319,0.7518109150754797,0.48333333333333334,-0.37485738006418057,10,-0.1004720757714103,0.4430618243956561
F03735,60,0.009386942610473145,0.7517049010210699,0.6,-0.07134950184305144,1,-0.019007749615541775,0.24437896090063055
F00906,60,0.009386525084644003,0.7516614267247979,0.5666666666666667,-0.33010775961145655,7,-0.07977313129690121,0.2366381442069622
F04646,60,0.009385789761971056,0.75158486485377,0.55,-0.3483207101677074,10,-0.11095555921017054,0.1802552356240405
F01132,60,0.009384317652493014,0.7514315985541962,0.5,-0.19572012832679064,2,-0.06435742614309496,0.39298347291318836
F03860,60,0.009372856375664013,0.7502387771736587,0.5666666666666667,-0.2635169978781011,6,-0.0950642432118305,0.1611660723287185
F03250,60,0.00937121879398166,0.7500684126682426,0.5,-0.4288880582635538,7,-0.13610080145695735,0.5343412083974847
F01365,60,0.009371201257692656,0.7500665883826396,0.4666666666666667,-0.2808533822988535,3,-0.07284509454922497,0.4360090030080471
F03591,60,0.009366689168161154,0.749597261583905,0.5,-0.24481605575630627,5,-0.05922558131692211,0.41535782264675875
F03975,60,0.009364556475261208,0.7493754717549248,0.5833333333333334,-0.179550500505671,5,-0.07588887280135073,0.19391944817070078
F01150,60,0.009364227943020897,0.7493413084357867,0.5666666666666667,-0.33256708411424585,8,-0.15726561737443998,0.35237709367604686
F03374,60,0.009360651510224987,0.7489694457795526,0.55,-0.4688627609421875,10,-0.1551622186537348,0.4188857690262199
F02968,60,0.009354136383948988,0.7482922297224461,0.55,-0.4311873407142144,7,-0.14578439027057452,0.29124738875875156
F03611,60,0.009344418673466397,0.7472825995387358,0.5166666666666667,-0.5279141112576624,10,-0.1527987954267417,0.5181826083982064
F04348,60,0.009343271368240117,0.7471634370882274,0.5,-0.48106564468821145,15,-0.20135840031087116,0.5728848242840904
F00160,60,0.009333584800852649,0.7461576805886381,0.4666666666666667,-0.5530544544088212,12,-0.11994324116140347,0.2853112234294449
F00230,60,0.009332481868120157,0.7460431991678349,0.5666666666666667,-0.345184673838846,10,-0.11426105415608283,0.1802552356240405
F04604,60,0.009325379216115893,0.7453061399714946,0.5,-0.515968794546998,12,-0.14055989004007904,0.570154238893006
F00150,60,0.009324669343830982,0.7452324916449191,0.5666666666666667,-0.311637486966053,10,-0.11878503297674432,0.20784772968508364
F04058,60,0.009320488640207234,0.7447988110731316,0.55,-0.38649474462140476,9,-0.1488340346704741,0.4048565804761007
F03018,60,0.009313808259967672,0.7441060493138558,0.55,-0.5237552816732769,9,-0.12523560895355965,0.38677301695638555
F01318,60,0.00930266817865908,0.7429514138681947,0.45,-0.5141255443733969,11,-0.15477304005635995,0.39972580708786426
F00273,60,0.00929867217436091,0.7425374234076394,0.5,-0.18719842016281407,4,-0.05513458447676207,0.24477299650455825
F00447,60,0.009294710568842545,0.7421270921474066,0.55,-0.35120414097710695,6,-0.146178932931,0.3020928888911024
F04900,60,0.009292759303002893,0.7419250207891295,0.45,-0.2942819551938961,4,-0.05745424331129848,0.3728850221754977
F00567,60,0.009278246139802288,0.7404227735481879,0.5,-0.4093319116585564,9,-0.0948310731689276,0.20531787541954216
F00968,60,0.009275278605342153,0.7401157630708166,0.5166666666666667,-0.6072634501343163,9,-0.16218635247267982,0.4796989564189079
F00417,60,0.009271473734649042,0.7397222027010819,0.5666666666666667,-0.4422726697582119,7,-0.07950622790398236,0.17137231367142466
F00308,60,0.009269676547671319,0.7395363394164853,0.5666666666666667,-0.2142668211855484,5,-0.0647187871294479,0.17141392517969356
F03228,60,0.009269207692576721,0.7394878541017851,0.5,-0.5643196383028235,12,-0.1479102876761387,0.37477726542723966
F03183,60,0.009268698649287954,0.7394352143440359,0.4666666666666667,-0.4738722594443351,15,-0.11763699339899222,0.41925773781951603
F02762,60,0.009266188631037503,0.7391756782756069,0.5333333333333333,-0.2880463354530216,6,-0.08497418291893762,0.3354507193800914
F04857,60,0.009262119775182638,0.7387550391802447,0.6333333333333333,-0.12248262595666493,3,-0.052787949628469354,0.1108223823108933
F04121,60,0.009259190725674481,0.7384522954136716,0.5,-0.5933117157523471,8,-0.22104148350552852,0.3002712565222395
F02763,60,0.00925661889730003,0.7381865164204959,0.48333333333333334,-0.4930493262121667,11,-0.12469752493633225,0.41848987674406646
F03258,60,0.009249061490044817,0.737405746784831,0.5666666666666667,-0.37759720150863785,10,-0.08995605347181623,0.1428686572396176
F01707,60,0.009246801657671009,0.737172346334771,0.5,-0.5310193655918978,12,-0.15848012397680936,0.39858528170827145
F01535,60,0.00924309999474149,0.7367900970721049,0.5,-0.11515972204067337,4,-0.038663470956281996,0.18985725122671682
F00508,60,0.009239460414252023,0.7364143393429672,0.5166666666666667,-0.2850015769257346,6,-0.0863945253454915,0.29234518803042614
F02432,60,0.009237417923883835,0.736203503482608,0.5,-0.35489125879547956,6,-0.08140748960145903,0.19443847712736187
F04475,60,0.00923358355258542,0.7358077688804334,0.5833333333333334,-0.3245371679733451,4,-0.08205553072543284,0.2900974271730511
F03074,60,0.009227744492105137,0.7352053063574475,0.5,-0.5039323097264182,12,-0.15238459402263174,0.4117787242189841
F03934,60,0.009220870598737385,0.7344963353608209,0.5333333333333333,-0.2097431470426544,4,-0.06185023935638303,0.25325571232341226
F00020,60,0.009213624357141873,0.7337492689020826,0.5166666666666667,-0.4659086413812218,6,-0.12358343458015075,0.4111055865272796
F03178,60,0.009205384077068555,0.7329001044502448,0.5166666666666667,-0.25029718046785354,7,-0.10888288735934655,0.3574429577682895
F01924,60,0.009194862593530986,0.7318164554429967,0.55,-0.6213633291382781,13,-0.1517566126021605,0.49316894888264523
F01046,60,0.009191855516544549,0.7315068672038649,0.6,-0.5221572517634563,8,-0.22104148350552852,0.2841944020821086
F02290,60,0.009190775344082214,0.7313956732635651,0.5166666666666667,-0.5822485560464726,10,-0.22104148350552852,0.28419440208210855
F03216,60,0.009183651117608502,0.7306624747364867,0.5166666666666667,-0.11515300631172354,4,-0.044057931916621954,0.18147444778995156
F04796,60,0.009183367873589992,0.7306333306415647,0.5333333333333333,-0.09995629392974958,2,-0.03915335734506437,0.24351432505807094
F00815,60,0.009181819410032578,0.730474011645643,0.55,-0.3616503181529397,6,-0.11583488382204217,0.2414831232154858
F02781,60,0.009180355128676916,0.7303233672923644,0.4666666666666667,-0.3463354418644252,7,-0.08818231799874192,0.29932058514487675
F03592,60,0.009172220565372985,0.7294867232691604,0.5,-0.23557205431059736,5,-0.07377857739021845,0.3987737584017928
F04059,60,0.009170499973614467,0.7293098104957836,0.5333333333333333,-0.23903443711753802,4,-0.07946617816668654,0.3664587266583943
F03135,60,0.009168350069462632,0.7290887804498407,0.5,-0.6769247694287397,13,-0.22104148350552852,0.4449316012436789
F02180,60,0.009165896410593488,0.7288365555519292,0.5166666666666667,-0.3749774781408789,8,-0.10869613184425142,0.2116248095175432
F03147,60,0.009148833229556123,0.7270835390089132,0.45,-0.6237999051506352,9,-0.22104148350552852,0.28419440208210855
F03488,60,0.009139354880400278,0.7261105190513464,0.45,-0.47654317897327225,11,-0.11111459152451522,0.22278096621414104
F01144,60,0.009139025825026787,0.7260767488604243,0.5166666666666667,-0.1959580457089014,5,-0.07965688192750728,0.17061593266599767
F04203,60,0.009137791964789725,0.7259501264270951,0.5166666666666667,-0.37134045230081336,8,-0.08617569269148953,0.29117653512992014
F00299,60,0.009133709644326336,0.725531251573694,0.4666666666666667,-0.19612004597460786,2,-0.055130243042165274,0.4131111482511926
F03455,60,0.009129813653764526,0.7251315887058163,0.5333333333333333,-0.4917308477133804,11,-0.15840286568538134,0.46151316112955526
F02040,60,0.009129327014563537,0.7250816741336525,0.5833333333333334,-0.17096451492997022,3,-0.04602353425041108,0.14395026060425453
F04433,60,0.009124471391514467,0.724583710756062,0.38333333333333336,-0.39245835346462077,3,-0.07801090761429659,0.6555837715431532
F02190,60,0.009124012654100351,0.7245366727254712,0.5333333333333333,-0.2471052789172019,4,-0.08424692633603656,0.49003717857351686
F04104,60,0.009118974339237857,0.7240201368570964,0.4166666666666667,-0.5501184945617734,10,-0.13264755482063975,0.2819507409595798
F04233,60,0.00911879104991332,0.7240013486189623,0.5333333333333333,-0.1657125243055556,5,-0.06076673999009402,0.1808344318398003
F04158,60,0.00911350467683944,0.7234595507983497,0.5,-0.5270561626639297,9,-0.20368179787982882,0.35144575306833326
F02866,60,0.009111797076278183,0.7232845754218853,0.5,-0.5204856861008056,9,-0.11495825699527623,0.22242402164676306
F04335,60,0.00911157922827254,0.7232622541061586,0.65,-0.3639546518679698,7,-0.10555887334174388,0.15867998806308523
F04269,60,0.009110189008023383,0.7231198149487361,0.4666666666666667,-0.537721647347276,14,-0.11741407862743115,0.44733524102955474
F03777,60,0.009105508303622216,0.7226403245384392,0.5833333333333334,-0.3533292213055791,7,-0.10955973064986096,0.25600164620659316
F01404,60,0.009077967967330689,0.7198217539798633,0.5333333333333333,-0.469404339744389,10,-0.13679112597600127,0.39702325897209606
F01797,60,0.00907514059598159,0.7195326481028592,0.4666666666666667,-0.6440270358951466,8,-0.22104148350552852,0.4650835890060441
F01664,60,0.009063345444966798,0.7183270795076335,0.5666666666666667,-0.17100511387997586,2,-0.05626368641252296,0.23689403972543116
F00653,60,0.009062517206675646,0.7182424574768829,0.5333333333333333,-0.5099181834596422,10,-0.1660120507294682,0.2841306829327605
F00655,60,0.009060908385474353,0.7180780941297191,0.5166666666666667,-0.40310296169805504,6,-0.11133778343019872,0.24539081095463663
F00967,60,0.009060908385474353,0.7180780941297191,0.5166666666666667,-0.40310296169805504,6,-0.11133778343019872,0.24539081095463663
F00991,60,0.009060908385474353,0.7180780941297191,0.5166666666666667,-0.40310296169805504,6,-0.11133778343019872,0.24539081095463663
F01105,60,0.009060908385474353,0.7180780941297191,0.5166666666666667,-0.40310296169805504,6,-0.11133778343019872,0.24539081095463663
F01327,60,0.009060908385474353,0.7180780941297191,0.5166666666666667,-0.40310296169805504,6,-0.11133778343019872,0.24539081095463663
F01555,60,0.009060908385474353,0.7180780941297191,0.5166666666666667,-0.40310296169805504,6,-0.11133778343019872,0.24539081095463663
F01609,60,0.009060908385474353,0.7180780941297191,0.5166666666666667,-0.40310296169805504,6,-0.11133778343019872,0.24539081095463663
F01723,60,0.009060908385474353,0.7180780941297191,0.5166666666666667,-0.40310296169805504,6,-0.11133778343019872,0.24539081095463663
F01795,60,0.009060908385474353,0.7180780941297191,0.5166666666666667,-0.40310296169805504,6,-0.11133778343019872,0.24539081095463663
F02035,60,0.009060908385474353,0.7180780941297191,0.5166666666666667,-0.40310296169805504,6,-0.11133778343019872,0.24539081095463663
F02053,60,0.009060908385474353,0.7180780941297191,0.5166666666666667,-0.40310296169805504,6,-0.11133778343019872,0.24539081095463663
F02143,60,0.009060908385474353,0.7180780941297191,0.5166666666666667,-0.40310296169805504,6,-0.11133778343019872,0.24539081095463663
F02329,60,0.009060908385474353,0.7180780941297191,0.5166666666666667,-0.40310296169805504,6,-0.11133778343019872,0.24539081095463663
F02449,60,0.009060908385474353,0.7180780941297191,0.5166666666666667,-0.40310296169805504,6,-0.11133778343019872,0.24539081095463663
F02761,60,0.009060908385474353,0.7180780941297191,0.5166666666666667,-0.40310296169805504,6,-0.11133778343019872,0.24539081095463663
F02935,60,0.009060908385474353,0.7180780941297191,0.5166666666666667,-0.40310296169805504,6,-0.11133778343019872,0.24539081095463663
F03007,60,0.009060908385474353,0.7180780941297191,0.5166666666666667,-0.40310296169805504,6,-0.11133778343019872,0.24539081095463663
F03139,60,0.009060908385474353,0.7180780941297191,0.5166666666666667,-0.40310296169805504,6,-0.11133778343019872,0.24539081095463663
F03163,60,0.009060908385474353,0.7180780941297191,0.5166666666666667,-0.40310296169805504,6,-0.11133778343019872,0.24539081095463663
F03523,60,0.009060908385474353,0.7180780941297191,0.5166666666666667,-0.40310296169805504,6,-0.11133778343019872,0.24539081095463663
F04051,60,0.009060908385474353,0.7180780941297191,0.5166666666666667,-0.40310296169805504,6,-0.11133778343019872,0.24539081095463663
F04093,60,0.009060908385474353,0.7180780941297191,0.5166666666666667,-0.40310296169805504,6,-0.11133778343019872,0.24539081095463663
F04225,60,0.009060908385474353,0.7180780941297191,0.5166666666666667,-0.40310296169805504,6,-0.11133778343019872,0.24539081095463663
F04357,60,0.009060908385474353,0.7180780941297191,0.5166666666666667,-0.40310296169805504,6,-0.11133778343019872,0.24539081095463663
F04363,60,0.009060908385474353,0.7180780941297191,0.5166666666666667,-0.40310296169805504,6,-0.11133778343019872,0.24539081095463663
F04909,60,0.009060908385474353,0.7180780941297191,0.5166666666666667,-0.40310296169805504,6,-0.11133778343019872,0.24539081095463663
F04031,60,0.009049306868755123,0.7168932963084202,0.5166666666666667,-0.3982739059847422,7,-0.10316474328156376,0.2293622011243466
F01670,60,0.00904331309004818,0.7162815001132161,0.55,-0.38738507014365064,6,-0.09314989953619851,0.31653446699469356
F04971,60,0.00903685014293285,0.7156220552215566,0.5166666666666667,-0.37560414470196757,8,-0.10969782808292075,0.24583514106351764
F03563,60,0.009033323994940704,0.7152623708159036,0.5666666666666667,-0.49692864391775426,9,-0.1223979371252872,0.2462061249687781
F00100,60,0.009029266820568838,0.7148486108553334,0.5166666666666667,-0.49320677796743795,9,-0.12377168231998817,0.2731057126113278
F03078,60,0.009023509946168738,0.7142616800094257,0.5166666666666667,-0.301731707648186,5,-0.04670239349282446,0.16569868188573575
F00770,60,0.009021573279046832,0.7140642753168758,0.5333333333333333,-0.4206546422810763,7,-0.10700509664066098,0.25985020060694686
F02501,60,0.009016223910038647,0.7135191296815264,0.5166666666666667,-0.15688227597188664,3,-0.04359462210235661,0.19159127869758943
F04830,60,0.0090110061983292,0.7129875652795794,0.6,-0.4488770774307911,8,-0.1256318642915434,0.35919532933433396
F02458,60,0.009007568415646653,0.7126374231836801,0.5333333333333333,-0.2949922904120682,6,-0.1150930068247198,0.16242011303766196
F03026,60,0.009000030333599909,0.711869907239431,0.55,-0.40401647210487857,8,-0.09264762372089873,0.22539149667018005
F02991,60,0.008999856155609807,0.7118521767023209,0.5166666666666667,-0.6583320784358464,13,-0.22104148350552852,0.3511702756925249
F04584,60,0.008993603948497917,0.7112158496645307,0.5333333333333333,-0.6063457478600849,14,-0.15969615266467402,0.5734334329130177
F01702,60,0.008974645258362873,0.7092877243674751,0.7166666666666667,-0.4306819317091376,5,-0.22104148350552852,0.28419440208210855
F03670,60,0.008973506250022393,0.7091719536798948,0.5,-0.2561171988286244,2,-0.06496863955161802,0.6081569728230427
F00320,60,0.008955083900925814,0.7073005462449642,0.5166666666666667,-0.37812356551790316,7,-0.09551411786354166,0.27124871797852507
F03724,60,0.008948631260707406,0.7066455407938455,0.55,-0.28623052523729486,7,-0.08166120655674844,0.2631964653584794
F02330,60,0.008946503994255799,0.7064296568196526,0.5666666666666667,-0.3545264105247662,8,-0.12898279655490644,0.3204571514489838
F03539,60,0.008939632424671587,0.7057324844023407,0.5666666666666667,-0.4995773810353433,9,-0.14294271281803583,0.2370063644650358
F03755,60,0.00893469466215655,0.7052316842088429,0.5833333333333334,-0.301657401088403,4,-0.06009259550814688,0.1784597906187667
F00137,60,0.008927204128714958,0.7044722516346775,0.5333333333333333,-0.49803995492158026,8,-0.22104148350552852,0.2841944020821086
F04029,60,0.008926364671218132,0.704387163421085,0.5166666666666667,-0.2885654059755486,5,-0.057719505587479375,0.41092106799569805
F00140,60,0.008925143272222682,0.7042633687121806,0.5,-0.39023145471602927,6,-0.10700509664066098,0.25306569362606185
F03694,60,0.008912453100752254,0.7029776813647153,0.48333333333333334,-0.24186080681291378,4,-0.06618928356928175,0.3786204536311439
F00701,60,0.008905825105531473,0.7023065543085947,0.6,-0.3936482657126329,10,-0.14369849387246322,0.2658675028546822
F00821,60,0.008898206490442973,0.7015354419168556,0.5166666666666667,-0.4982467078660654,10,-0.12341326549161438,0.44377837023483613
F02482,60,0.0088968423909431,0.7013974118725033,0.48333333333333334,-0.5363342061794136,11,-0.15131724667683277,0.26920930178918134
F02250,60,0.008894660100837917,0.7011766139275519,0.6,-0.30107152264098835,10,-0.09192347072113839,0.1579760263075434
F00328,60,0.008891129830497233,0.700819490808829,0.5166666666666667,-0.4438822852289874,12,-0.12274582298452533,0.24852884121359642
F03377,60,0.008887097977935375,0.7004117176698381,0.5333333333333333,-0.3816233186852719,7,-0.09934885380722097,0.20333604249904885
F04766,60,0.008874349442241566,0.6991229898806903,0.5166666666666667,-0.3833673626718389,6,-0.08946496760222526,0.29793176120677034
F03372,60,0.008872414047561804,0.6989274281141031,0.5333333333333333,-0.4733453310620628,11,-0.14278707762392914,0.45481310226332317
F02999,60,0.008872113797033785,0.6988970913120343,0.5166666666666667,-0.37923364762338063,11,-0.11695801998018518,0.3506015129783421
F01263,60,0.00887195949323909,0.6988815009265965,0.55,-0.35456301843199,6,-0.10700509664066096,0.24026528857053692
F04065,60,0.008866836823669781,0.6983640018512816,0.5166666666666667,-0.29850731601287783,6,-0.0696247641058002,0.19045350808434952
F00484,60,0.008866416252137773,0.6983215220269845,0.5666666666666667,-0.08224004286878805,3,-0.025917321462232742,0.25067664996109096
F02661,60,0.00886420778086178,0.6980984725505355,0.5833333333333334,-0.3297795121450263,8,-0.10907652387505902,0.1542291082172352
F03492,60,0.008858254836318743,0.697497385116717,0.5333333333333333,-0.3687910661315241,8,-0.11018435681840488,0.2783865478674181
F01208,60,0.008857059834852151,0.697376747298212,0.5166666666666667,-0.5730269066465742,11,-0.16377892754639692,0.48803298695455344
F01887,60,0.008842837061253906,0.695941576622972,0.5666666666666667,-0.3431362572684973,7,-0.07286093524275634,0.17230149481606605
F00041,60,0.008829324996699023,0.6945792264544222,0.4666666666666667,-0.5352799619478646,12,-0.22104148350552852,0.28419440208210855
F03837,60,0.00882766204804126,0.6944116345048976,0.48333333333333334,-0.15135313702835884,4,-0.035606146096346304,0.22094218547202168
F00830,60,0.008826077484141501,0.6942519573347221,0.5,-0.5304392087068237,12,-0.14055989004007904,0.570154238893006
F02523,60,0.008825137461754201,0.694157237876482,0.43333333333333335,-0.3377151603971378,8,-0.09079554220441369,0.2121780138346188
F01174,60,0.008821090436171745,0.6937495069766322,0.5333333333333333,-0.344094536326351,7,-0.11547980451534931,0.24622969841033257
F02064,60,0.008815378088101615,0.6931741619033438,0.5333333333333333,-0.5530584303201411,7,-0.22104148350552852,0.3683575012228456
F02831,60,0.008810635142161025,0.6926966005978312,0.5166666666666667,-0.3899042270447852,13,-0.12299039294967705,0.3102753486531876
F02861,60,0.008804882671837516,0.6921175692798915,0.55,-0.2918393121369275,7,-0.1127585587892657,0.4246837159443422
F03515,60,0.008801988649766548,0.6918263368758111,0.5166666666666667,-0.5715623891259225,14,-0.1443700820562943,0.4439572618853568
F00108,60,0.008801195192906248,0.6917464980125729,0.5166666666666667,-0.4297983149460485,10,-0.11167938531055277,0.2718720512978497
F04797,60,0.008793173266451607,0.6909395273422301,0.38333333333333336,-0.3587530156556651,4,-0.061996543534179965,0.46711028796554144
F02519,60,0.008790359742626553,0.6906565888349994,0.5,-0.5311744367953051,13,-0.15048988667383653,0.3123621290966511
F01210,60,0.008784669691891974,0.6900845182664506,0.5333333333333333,-0.4055947683683344,9,-0.09002786269187536,0.2137795654841074
F03818,60,0.008781627452373824,0.6897787334145689,0.5333333333333333,-0.3957425908430341,8,-0.10700509664066098,0.25306569362606185
F02152,60,0.00878007950664138,0.6896231655112186,0.6,-0.21059504026997944,4,-0.07618770633967734,0.2974578609061739
F00772,60,0.008776309061609347,0.6892442962794867,0.5166666666666667,-0.5612052673094741,7,-0.16889488219352083,0.4618719763756396
F01481,60,0.008775436119516639,0.6891565915151134,0.5333333333333333,-0.5898692563919066,8,-0.12208574402399092,0.3229821977427732
F00190,60,0.008770001460469206,0.6886106703306492,0.5,-0.6341534260516066,10,-0.22104148350552852,0.5068170798422387
F03762,60,0.00876377753654324,0.6879856792017671,0.5166666666666667,-0.37685526099064626,7,-0.11905248618730775,0.4440554015775188
F03278,60,0.008759122402490174,0.6875183707885808,0.5,-0.40718256044213186,9,-0.12093243151625613,0.39027731407635313
F02507,60,0.008741103966105309,0.6857107781582115,0.5166666666666667,-0.2577476393537498,3,-0.042583604064286074,0.21330791387851455
F02871,60,0.008733932265847547,0.6849918497520169,0.5,-0.32997108007109277,6,-0.10700509664066096,0.24863742914515483
F00120,60,0.008733335505301271,0.684932040971356,0.4666666666666667,-0.5333946020258329,9,-0.12147121550949952,0.3372876410002299
F01372,60,0.008727489414148104,0.6843462420050255,0.6,-0.4982647190035795,9,-0.12541736276480264,0.19492591095748502
F04762,60,0.00872483126350977,0.6840799521662662,0.55,-0.45766619251829865,6,-0.13000483017865228,0.4942336151847201
F04601,60,0.008720830145864505,0.6836792038107169,0.5166666666666667,-0.29322242520294184,5,-0.06104207240551141,0.16341125462934153
F04973,60,0.008718881974991523,0.6834841107098764,0.55,-0.553823580537422,8,-0.22104148350552852,0.28419440208210855
F04013,60,0.008704981753414026,0.6820927641770897,0.5666666666666667,-0.492042813847377,7,-0.13550280239480209,0.248383982761181
F03315,60,0.008694627957152644,0.6810571329348729,0.5666666666666667,-0.12317116384212978,3,-0.041857901702368666,0.14415621088939856
F04775,60,0.00868721311125025,0.6803158534665044,0.55,-0.2740911190433555,7,-0.07821400123097841,0.13721460961380325
F01913,60,0.008686361318994277,0.680230718390441,0.48333333333333334,-0.320660606627987,10,-0.09132578144620168,0.20669143720219124
F04859,60,0.008679511074204395,0.6795462031714001,0.5,-0.5016658876443403,12,-0.22104148350552852,0.3723284463258531
F00584,60,0.008674819287981746,0.6790775315783257,0.48333333333333334,-0.4823340942307036,10,-0.11857512844097598,0.48176559674995495
F02297,60,0.008661783277329223,0.6777760142311142,0.5666666666666667,-0.3694856617676112,7,-0.1064956086383599,0.19904930766395307
F00004,60,0.008657547915434887,0.6773533685891384,0.5166666666666667,-0.6541363452946722,13,-0.22104148350552852,0.3865226476467002
F00479,60,0.00864647813113426,0.6762492120898382,0.48333333333333334,-0.1558487086913004,2,-0.05540342193113994,0.2766444088457973
F02277,60,0.008639379735673814,0.6755415582109772,0.48333333333333334,-0.3585364403265249,6,-0.10421174774759052,0.37457289698546636
F01888,60,0.008635027096404332,0.675107779809107,0.55,-0.4253817410908737,9,-0.13913479336287887,0.3298429234208914
F04150,60,0.008633797922890398,0.6749853019628496,0.65,-0.2316586830218561,2,-0.07737093077667262,0.3714575692532985
F03430,60,0.008632132854584666,0.6748194045402771,0.6,-0.552932124721281,9,-0.22104148350552852,0.4302084527626234
F03636,60,0.008624172356434394,0.6740264914832512,0.5333333333333333,-0.37182402187797425,10,-0.15778181408532113,0.29673506714310494
F00033,60,0.008623148011634727,0.6739244874461934,0.5166666666666667,-0.4783060913446775,8,-0.14493951548146916,0.5793727680213585
F01479,60,0.008604873671386994,0.6721057593143864,0.4666666666666667,-0.21964640991363082,4,-0.03734088149779229,0.2462095216725246
F02375,60,0.008601819766908752,0.6718020132998583,0.48333333333333334,-0.40020412939269023,11,-0.13160362445315557,0.41068444221699274
F03464,60,0.00860023411447024,0.6716443232809792,0.5833333333333334,-0.3507082658294567,6,-0.09190613015751746,0.26786419051630117
F02396,60,0.008598742525268667,0.6714960010164459,0.5333333333333333,-0.2700397043447169,5,-0.06770609344103985,0.3873769142680425
F02324,60,0.008585483009981546,0.6701780556731818,0.5833333333333334,-0.34784955627143155,7,-0.09309695185190718,0.15236660231651808
F00102,60,0.008581587835417412,0.6697910843716239,0.5833333333333334,-0.43098347694950234,7,-0.11882402096972701,0.24405319646194037
F00022,60,0.00857262903404774,0.6689013948734772,0.5166666666666667,-0.43557654447514127,11,-0.09332010194218657,0.324567368445402
F00560,60,0.008569366986366695,0.6685775599980168,0.5666666666666667,-0.3633181053955561,8,-0.09551411786354166,0.2720954124152047
F02285,60,0.008555325166155956,0.6671842847419396,0.55,-0.4069506600683761,8,-0.13108242184187657,0.3607100348477664
F04115,60,0.008551137706335116,0.6667690127968207,0.48333333333333334,-0.2045926655753958,3,-0.07281228703434049,0.38641036410859714
F00473,60,0.008547699062302044,0.6664280772501079,0.4666666666666667,-0.470100368306288,13,-0.1540040604491324,0.4549294527487221
F00767,60,0.0085419890859042,0.6658620945426288,0.45,-0.4998782269620127,13,-0.13444048289171912,0.4680399297429372
F04824,60,0.008533496860113262,0.6650206800829062,0.5166666666666667,-0.44919693674871863,9,-0.13291509850654767,0.41896814203721866
F04206,60,0.00853163926419097,0.6648366841570088,0.5833333333333334,-0.4251362153529772,10,-0.08938185789227199,0.17008994167414804
F04661,60,0.008529502403706053,0.6646250516468353,0.4666666666666667,-0.2660312107336378,2,-0.10765710755222813,0.3943303900748
F02912,60,0.008517635738954074,0.6634502704016356,0.5333333333333333,-0.24578810230962178,3,-0.062258490687451595,0.2595354627654684
F03574,60,0.008514203089684076,0.6631105955446939,0.55,-0.2897308661706314,6,-0.06801741581632167,0.14715926346570857
F03227,60,0.008513910777056726,0.6630816731515607,0.5666666666666667,-0.1979465009577075,1,-0.05027947420138899,0.4230366502490914
F02136,60,0.008511729766280621,0.6628658922316297,0.55,-0.16998126533355495,1,-0.06128218572923637,0.2414031976281005
F02517,60,0.00849867115136233,0.6615744982554139,0.5333333333333333,-0.37162157225791137,9,-0.10566943822472173,0.2676014642422774
F03707,60,0.008492481489402414,0.6609627340820863,0.5666666666666667,-0.46541019971145015,5,-0.16223698006735834,0.2619961147379658
F01190,60,0.008489866130631792,0.6607043078933581,0.5,-0.38585068933935285,7,-0.10700509664066098,0.25306569362606185
F00006,60,0.008488097738950439,0.6605295937664817,0.5166666666666667,-0.366098879457077,6,-0.07208070750143868,0.2374729709726097
F03711,60,0.008482821043101735,0.6600083725055801,0.48333333333333334,-0.5885430890523949,9,-0.22104148350552852,0.32876093665386746
F02014,60,0.008482658959298707,0.6599923647448833,0.55,-0.5394163951669237,11,-0.14963062904910404,0.36348966567470636
F01026,60,0.00848071679132921,0.6598005636771607,0.5333333333333333,-0.3597869391051164,5,-0.0676518271100258,0.17065076780306349
F00488,60,0.008471291595618064,0.6588700769028939,0.5333333333333333,-0.5436101754888925,9,-0.13418676953393419,0.45670320599715575
F00748,60,0.008459724790765894,0.6577288643110704,0.5,-0.36567429522136885,6,-0.12426807571674935,0.2332535405686323
F02010,60,0.008458667627695022,0.65762460022399,0.55,-0.18624869141615497,5,-0.05834968600956192,0.14874329829507227
F03844,60,0.008432501027125545,0.6550459392431114,0.5666666666666667,-0.25337568558942825,6,-0.053967091964758906,0.17947936057000125
F04276,60,0.00843067038254289,0.6548656809532147,0.55,-0.18064391019991322,4,-0.05890565004045129,0.16722340681328013
F00573,60,0.008430464663938299,0.6548454256424661,0.4666666666666667,-0.6458626016562466,10,-0.22104148350552852,0.28419440208210855
F01198,60,0.008425766127803356,0.6543828682708777,0.5,-0.41686966939746106,10,-0.1429809195395212,0.35066898200879176
F02988,60,0.008423628039121247,0.6541724216813465,0.45,-0.3848215699897982,10,-0.09951068000781205,0.38588474945954365
F00855,60,0.008422706636166063,0.6540817384664728,0.48333333333333334,-0.5615677061740025,7,-0.22104148350552852,0.3884635681800731
F03057,60,0.008420680374616163,0.6538823337796293,0.5333333333333333,-0.4417388206632552,8,-0.11166942685179138,0.27155596492752454
F03413,60,0.008416970409913396,0.6535172968863607,0.5,-0.5063172590917009,8,-0.12064812219395443,0.3109598153455625
F01103,60,0.008403224978452523,0.6521655244014337,0.55,-0.45659554828636895,11,-0.13352092519019995,0.2504323111437786
F04972,60,0.008396647159433761,0.6515190238018642,0.5166666666666667,-0.46387685774848364,13,-0.14371121508632578,0.3934959291249099
F00285,60,0.008392244743089429,0.6510864715088585,0.5166666666666667,-0.5024375281732708,9,-0.11498355098068262,0.426183981495829
F02840,60,0.008389597772551114,0.6508264513314312,0.5666666666666667,-0.41837061448831736,9,-0.12971236973407502,0.30151440554380854
F03568,60,0.008384226551524251,0.6502989432757291,0.5833333333333334,-0.4251265935793732,9,-0.11774741160382864,0.2971348956335894
F04102,60,0.008382506393040782,0.6501300414145661,0.5333333333333333,-0.10575867973406106,6,-0.05505825177771352,0.13656850350884697
F00382,60,0.008378827983566196,0.6497689164960165,0.5333333333333333,-0.20194895759002496,5,-0.04197815149297726,0.13771825385878908
F01290,60,0.008374185939926131,0.6493132984780139,0.4666666666666667,-0.547469163144841,15,-0.14946823871606382,0.45472278037200076
F04694,60,0.008372856654579363,0.6491828515006697,0.6,-0.15432667413232282,3,-0.05060453662115267,0.14522469720404318
F00217,60,0.008367216341840322,0.6486294626069575,0.4666666666666667,-0.4796395950446892,15,-0.12722189781077536,0.352383732024096
F00319,60,0.008367216341840322,0.6486294626069575,0.4666666666666667,-0.4796395950446892,15,-0.12722189781077536,0.352383732024096
F00577,60,0.008367216341840322,0.6486294626069575,0.4666666666666667,-0.4796395950446892,15,-0.12722189781077536,0.352383732024096
F00745,60,0.008367216341840322,0.6486294626069575,0.4666666666666667,-0.4796395950446892,15,-0.12722189781077536,0.352383732024096
F01093,60,0.008367216341840322,0.6486294626069575,0.4666666666666667,-0.4796395950446892,15,-0.12722189781077536,0.352383732024096
F02095,60,0.008367216341840322,0.6486294626069575,0.4666666666666667,-0.4796395950446892,15,-0.12722189781077536,0.352383732024096
F02917,60,0.008367216341840322,0.6486294626069575,0.4666666666666667,-0.4796395950446892,15,-0.12722189781077536,0.352383732024096
F03085,60,0.008367216341840322,0.6486294626069575,0.4666666666666667,-0.4796395950446892,15,-0.12722189781077536,0.352383732024096
F03169,60,0.008367216341840322,0.6486294626069575,0.4666666666666667,-0.4796395950446892,15,-0.12722189781077536,0.352383732024096
F03649,60,0.008367216341840322,0.6486294626069575,0.4666666666666667,-0.4796395950446892,15,-0.12722189781077536,0.352383732024096
F04183,60,0.008367216341840322,0.6486294626069575,0.4666666666666667,-0.4796395950446892,15,-0.12722189781077536,0.352383732024096
F04597,60,0.008367216341840322,0.6486294626069575,0.4666666666666667,-0.4796395950446892,15,-0.12722189781077536,0.352383732024096
F04981,60,0.008367216341840322,0.6486294626069575,0.4666666666666667,-0.4796395950446892,15,-0.12722189781077536,0.352383732024096
F03684,60,0.008362668467895094,0.6481833893090012,0.5166666666666667,-0.5563250152677821,12,-0.1208587690436982,0.23399679699704332
F03009,60,0.008352333402153828,0.6471701268264374,0.45,-0.22458516032485754,4,-0.07390414651403172,0.3970150655053087
F04331,60,0.008351839574954273,0.6471217267405296,0.6,-0.08692719578241437,3,-0.04738518922944056,0.08076838438644264
F04289,60,0.008351613028201775,0.6470995233236032,0.48333333333333334,-0.6000171615782923,8,-0.12302059194844618,0.443881779460501
F01458,60,0.008349158605034256,0.6468589888372451,0.5833333333333334,-0.3486032506415797,5,-0.08398350896262849,0.19105881153134935
F00018,60,0.008348866158609105,0.646830331269616,0.5,-0.4381602681053435,13,-0.1392733145629477,0.4440129755785741
F01972,60,0.008347945167774543,0.646740084243453,0.5833333333333334,-0.4866074250621034,7,-0.09104509469636066,0.23469416494623127
F01792,60,0.008347325381495446,0.6466793547061007,0.5333333333333333,-0.5188676102284837,7,-0.1191063420156907,0.4481577213556141
F01419,60,0.00834696686689621,0.6466442267864609,0.4666666666666667,-0.5425274912061255,14,-0.17697492337579906,0.4280042520814998
F04961,60,0.00833826694852568,0.6457920186543533,0.55,-0.37959064324937086,9,-0.12498389856517234,0.3150551064234017
F04440,60,0.008332743663577677,0.6452512055248691,0.5166666666666667,-0.36293882910848607,8,-0.12334535699296578,0.19254039181360624
F01403,60,0.008322054001598599,0.6442050222903659,0.5833333333333334,-0.1902628933638414,5,-0.07246222827798023,0.10067641664159811
F04721,60,0.008318362546290887,0.6438438963657511,0.48333333333333334,-0.36900911272107273,10,-0.135930852300648,0.26161802927306177
F03820,60,0.008316261652669117,0.6436384059757085,0.5166666666666667,-0.2109769699809788,2,-0.054129617892827796,0.42419613185469
F04048,60,0.008296548989445707,0.6417115217786657,0.55,-0.5125296696879122,8,-0.22104148350552852,0.28419440208210855
F00585,60,0.008295221317912223,0.6415818236858912,0.5166666666666667,-0.46707014276917325,9,-0.11846785890524553,0.23935071177106707
F03182,60,0.008294960207178409,0.641556317384697,0.48333333333333334,-0.4927608300255384,16,-0.15011651968313086,0.4608883769806234
F03764,60,0.008293165130068043,0.6413809778937862,0.4666666666666667,-0.11204445891635106,2,-0.037735219870894184,0.21777475073335759
F01756,60,0.008290471807958416,0.6411179341980868,0.4666666666666667,-0.4709038559238028,11,-0.11353404469260066,0.37958658659542055
F04948,60,0.008287879279346145,0.6408647736684094,0.5,-0.42141762757588597,13,-0.1646939805164684,0.42789176067714113
F03405,60,0.008287197613031486,0.6407982152999863,0.5333333333333333,-0.5729313101403294,10,-0.13711190532054138,0.27373759331705916
F00011,60,0.008275981140432952,0.6397034123509484,0.5333333333333333,-0.36883591815562466,4,-0.11108348537184179,0.4147454179117666
F03442,60,0.008268520157624535,0.6389755682466076,0.5833333333333334,-0.12051107092348612,2,-0.03468035340325711,0.24505181080465732
F00207,60,0.008264592638254667,0.6385925530962284,0.48333333333333334,-0.4223152405428162,7,-0.1251972132168707,0.21853470867563546
F01994,60,0.00826315060563443,0.6384519468958971,0.5,-0.47532611213529674,12,-0.1404270264117951,0.3572386697565332
F01114,60,0.008250420895960425,0.6372112439319815,0.6166666666666667,-0.07315569085822138,3,-0.02962174710649404,0.08664483133206378
F01511,60,0.008248716476147316,0.6370451925580347,0.5666666666666667,-0.215066935295539,3,-0.07443871257797387,0.2391959708348665
F03981,60,0.008247447362631133,0.6369215612157699,0.5666666666666667,-0.4280700718261137,5,-0.10877697997667528,0.4598867525912214
F02918,60,0.008243464020967473,0.6365335815788733,0.55,-0.2428334431822814,4,-0.06317607698012995,0.21447437156033175
F04414,60,0.008224737482060695,0.6347108180221093,0.5666666666666667,-0.5081999100659902,8,-0.22104148350552852,0.28419440208210855
F01661,60,0.008218935914057417,0.6341465226276988,0.4666666666666667,-0.6294207440961623,7,-0.22104148350552852,0.4239680458945775
F03558,60,0.008218920067678923,0.6341449815759654,0.5166666666666667,-0.5147552779350191,10,-0.1494280386424337,0.4348816818178153
F00056,60,0.00821868393826732,0.6341220182877751,0.5166666666666667,-0.3110643455980385,5,-0.09405925836360038,0.26885476596760655
F04631,60,0.00821745753426182,0.6340027571448845,0.6333333333333333,-0.10343870930308274,1,-0.04087219139880645,0.11931370534083381
F02126,60,0.008213638241050591,0.6336314064069377,0.5166666666666667,-0.181888808885735,1,-0.05971927706257555,0.3858955895292043
F00561,60,0.00821227818624177,0.633499188010894,0.5166666666666667,-0.4113776977431114,12,-0.1621987546663042,0.4135183189111994
F03869,60,0.008211269019929687,0.6334010882131387,0.5333333333333333,-0.2536104715914662,8,-0.13369513036949718,0.4876545212013831
F04983,60,0.008206739857498145,0.6329608853251392,0.5333333333333333,-0.17444331871019614,3,-0.053438839415631344,0.240968098754004
F02595,60,0.008201633711045106,0.6324647435242206,0.5,-0.18687482954028045,4,-0.047957236431757484,0.12742857727051768
F04413,60,0.008200187666489955,0.6323242646677933,0.6333333333333333,-0.4415309740233938,5,-0.22104148350552852,0.28419440208210855
F03422,60,0.00819882873411652,0.6321922593310634,0.4666666666666667,-0.50242202786586,13,-0.13062562091219593,0.4483051093491027
F03066,60,0.008198002829359232,0.6321120368945452,0.4666666666666667,-0.3349299062834812,11,-0.14243561491717655,0.36497094702071575
F01835,60,0.008194490008358491,0.6317708700904054,0.48333333333333334,-0.33113899969105387,12,-0.09529802677131662,0.1823877500773309
F00143,60,0.008172848795352652,0.6296706117088626,0.55,-0.4400683578046499,7,-0.12817903290640645,0.24327192313245924
F02405,60,0.008167245203502718,0.6291272220435888,0.6,-0.47537617982285163,9,-0.16337154998685163,0.18225735193227563
F01838,60,0.008164414625629486,0.6288528039108539,0.55,-0.3773621264711948,8,-0.11386782090550673,0.24549466313954535
F00278,60,0.00815955990986812,0.6283822560086247,0.5833333333333334,-0.2371940234282066,3,-0.0765862703557111,0.1720065371150549
F04662,60,0.008159453988822622,0.6283719910015768,0.55,-0.3377891988341988,6,-0.1046373082303403,0.28276564933761456
F03862,60,0.008158723620453225,0.6283012113660253,0.5166666666666667,-0.48416403625254834,10,-0.1450235177709546,0.3509895751614604
F02826,60,0.008155006085171638,0.6279409937553875,0.48333333333333334,-0.43797194856891863,8,-0.11702734419066897,0.25698115456481685
F02669,60,0.008152392472806993,0.6276877897558719,0.45,-0.18299095968113677,6,-0.06582491046879854,0.19118765520238867
F03538,60,0.0081406713237716,0.6265527334297514,0.5166666666666667,-0.605260266815296,9,-0.12862701485380504,0.39418145998858556
F00583,60,0.008130790541992767,0.6255964998103867,0.55,-0.45067419641955386,11,-0.16120811734363413,0.3923516199157856
F00751,60,0.008130790541992767,0.6255964998103867,0.55,-0.45067419641955386,11,-0.16120811734363413,0.3923516199157856
F01045,60,0.008130790541992767,0.6255964998103867,0.55,-0.45067419641955386,11,-0.16120811734363413,0.3923516199157856
F02479,60,0.008130790541992767,0.6255964998103867,0.55,-0.45067419641955386,11,-0.16120811734363413,0.3923516199157856
F02707,60,0.008130790541992767,0.6255964998103867,0.55,-0.45067419641955386,11,-0.16120811734363413,0.3923516199157856
F02731,60,0.008130790541992767,0.6255964998103867,0.55,-0.45067419641955386,11,-0.16120811734363413,0.3923516199157856
F03601,60,0.008130790541992767,0.6255964998103867,0.55,-0.45067419641955386,11,-0.16120811734363413,0.3923516199157856
F03667,60,0.008130790541992767,0.6255964998103867,0.55,-0.45067419641955386,11,-0.16120811734363413,0.3923516199157856
F03733,60,0.008130790541992767,0.6255964998103867,0.55,-0.45067419641955386,11,-0.16120811734363413,0.3923516199157856
F04333,60,0.008130790541992767,0.6255964998103867,0.55,-0.45067419641955386,11,-0.16120811734363413,0.3923516199157856
F03966,60,0.00812902335373188,0.6254255347017095,0.5833333333333334,-0.5748429338560219,11,-0.13470896357831952,0.603653950791008
F02967,60,0.008128068430487261,0.6253331588320579,0.5333333333333333,-0.5728961815341267,14,-0.22104148350552852,0.28419440208210855
F03011,60,0.008127883525673486,0.6253152723962931,0.5166666666666667,-0.46092633893643054,9,-0.1133515872879228,0.24031451571255558
F04862,60,0.008125532488343207,0.6250878658894516,0.4666666666666667,-0.42953110083582413,9,-0.11550792039619703,0.35231614937340966
F03699,60,0.0081217502781844,0.6247220933685318,0.5666666666666667,-0.07201215966861474,1,-0.0217312863224121,0.252317621852212
F02835,60,0.008120273280069666,0.6245792768235308,0.55,-0.5741973105175056,10,-0.22104148350552852,0.28419440208210855
F01712,60,0.00811794567996158,0.6243542374036137,0.55,-0.38369065559223425,6,-0.11583488382204217,0.25306569362606185
F01332,60,0.008111944094079886,0.6237741273310267,0.48333333333333334,-0.5741969752716556,14,-0.16243319044013355,0.47916715146250455
F02553,60,0.00811006458827727,0.6235924972015647,0.5,-0.38338008085571895,9,-0.09709842852644804,0.2290160436286121
F03562,60,0.008108441589645436,0.6234356712745708,0.5666666666666667,-0.12983172305794632,3,-0.038790602257978826,0.3891722664062825
F00723,60,0.008107190213836837,0.6233147644166213,0.5,-0.48475864708967975,13,-0.12786838454049207,0.39199937801998075
F00554,60,0.008100543958606436,0.622672757318921,0.5333333333333333,-0.2644730392095169,6,-0.08691598600676978,0.24037441094353923
F03168,60,0.008098706974503945,0.6224953545481555,0.5333333333333333,-0.3908298429304622,7,-0.16397324290586404,0.21212531471524482
F01188,60,0.008098657059207237,0.6224905343523863,0.6,-0.10519601753529106,2,-0.032856313410231035,0.2442452586569684
F00260,60,0.008096089514585361,0.6222426119588604,0.5166666666666667,-0.4009031693763009,7,-0.11724733288868831,0.2584874094829267
F04166,60,0.008094831242366792,0.6221211266556002,0.4666666666666667,-0.16681489148721063,3,-0.0587804484408768,0.2370507796722453
F00846,60,0.008088862239739553,0.6215449454921811,0.55,-0.4098042328698023,5,-0.13000561636987995,0.29906012181519487
F00784,60,0.008087761719346304,0.6214387354618045,0.5166666666666667,-0.2362795562546196,4,-0.05121636996689661,0.24115791031286735
F03308,60,0.00808593980194217,0.6212629192242205,0.5166666666666667,-0.3546618413317514,9,-0.08322616984772034,0.16381084950261074
F04491,60,0.00808353271613422,0.6210306625922544,0.48333333333333334,-0.6438312807526094,11,-0.14308245188781274,0.4552904311472071
F02403,60,0.008077298151932002,0.620429249568351,0.45,-0.5799183452745527,10,-0.1317795366425204,0.3806388105053286
F01990,60,0.008072867701886689,0.6200020025622168,0.5333333333333333,-0.3343548906055833,10,-0.09400263713833656,0.24319798223706734
F04406,60,0.008068161277193621,0.6195482634919516,0.5333333333333333,-0.5454153944943165,11,-0.12512218770880823,0.2505695563662259
M1_REV21_K20,60,0.00806493136673595,0.6192369451701116,0.5166666666666667,-0.4962856062473622,14,-0.14930652764184255,0.4527862122395939
F00073,60,0.00806493136673595,0.6192369451701116,0.5166666666666667,-0.4962856062473622,14,-0.14930652764184255,0.4527862122395939
F00205,60,0.00806493136673595,0.6192369451701116,0.5166666666666667,-0.4962856062473622,14,-0.14930652764184255,0.4527862122395939
F00229,60,0.00806493136673595,0.6192369451701116,0.5166666666666667,-0.4962856062473622,14,-0.14930652764184255,0.4527862122395939
F00277,60,0.00806493136673595,0.6192369451701116,0.5166666666666667,-0.4962856062473622,14,-0.14930652764184255,0.4527862122395939
F00367,60,0.00806493136673595,0.6192369451701116,0.5166666666666667,-0.4962856062473622,14,-0.14930652764184255,0.4527862122395939
F00373,60,0.00806493136673595,0.6192369451701116,0.5166666666666667,-0.4962856062473622,14,-0.14930652764184255,0.4527862122395939
F00457,60,0.00806493136673595,0.6192369451701116,0.5166666666666667,-0.4962856062473622,14,-0.14930652764184255,0.4527862122395939
F00469,60,0.00806493136673595,0.6192369451701116,0.5166666666666667,-0.4962856062473622,14,-0.14930652764184255,0.4527862122395939
F00757,60,0.00806493136673595,0.6192369451701116,0.5166666666666667,-0.4962856062473622,14,-0.14930652764184255,0.4527862122395939
F00775,60,0.00806493136673595,0.6192369451701116,0.5166666666666667,-0.4962856062473622,14,-0.14930652764184255,0.4527862122395939
F00787,60,0.00806493136673595,0.6192369451701116,0.5166666666666667,-0.4962856062473622,14,-0.14930652764184255,0.4527862122395939
F00829,60,0.00806493136673595,0.6192369451701116,0.5166666666666667,-0.4962856062473622,14,-0.14930652764184255,0.4527862122395939
F00865,60,0.00806493136673595,0.6192369451701116,0.5166666666666667,-0.4962856062473622,14,-0.14930652764184255,0.4527862122395939
F01015,60,0.00806493136673595,0.6192369451701116,0.5166666666666667,-0.4962856062473622,14,-0.14930652764184255,0.4527862122395939
F01075,60,0.00806493136673595,0.6192369451701116,0.5166666666666667,-0.4962856062473622,14,-0.14930652764184255,0.4527862122395939
F01165,60,0.00806493136673595,0.6192369451701116,0.5166666666666667,-0.4962856062473622,14,-0.14930652764184255,0.4527862122395939
F01237,60,0.00806493136673595,0.6192369451701116,0.5166666666666667,-0.4962856062473622,14,-0.14930652764184255,0.4527862122395939
F01261,60,0.00806493136673595,0.6192369451701116,0.5166666666666667,-0.4962856062473622,14,-0.14930652764184255,0.4527862122395939
F01345,60,0.00806493136673595,0.6192369451701116,0.5166666666666667,-0.4962856062473622,14,-0.14930652764184255,0.4527862122395939
F01375,60,0.00806493136673595,0.6192369451701116,0.5166666666666667,-0.4962856062473622,14,-0.14930652764184255,0.4527862122395939
F01441,60,0.00806493136673595,0.6192369451701116,0.5166666666666667,-0.4962856062473622,14,-0.14930652764184255,0.4527862122395939
F01501,60,0.00806493136673595,0.6192369451701116,0.5166666666666667,-0.4962856062473622,14,-0.14930652764184255,0.4527862122395939
F01693,60,0.00806493136673595,0.6192369451701116,0.5166666666666667,-0.4962856062473622,14,-0.14930652764184255,0.4527862122395939
F02132,60,0.00806493136673595,0.6192369451701116,0.5166666666666667,-0.4962856062473622,14,-0.14930652764184255,0.4527862122395939
F02551,60,0.00806493136673595,0.6192369451701116,0.5166666666666667,-0.4962856062473622,14,-0.14930652764184255,0.4527862122395939
F02617,60,0.00806493136673595,0.6192369451701116,0.5166666666666667,-0.4962856062473622,14,-0.14930652764184255,0.4527862122395939
F02641,60,0.00806493136673595,0.6192369451701116,0.5166666666666667,-0.4962856062473622,14,-0.14930652764184255,0.4527862122395939
F02936,60,0.00806493136673595,0.6192369451701116,0.5166666666666667,-0.4962856062473622,14,-0.14930652764184255,0.4527862122395939
F03109,60,0.00806493136673595,0.6192369451701116,0.5166666666666667,-0.4962856062473622,14,-0.14930652764184255,0.4527862122395939
F03115,60,0.00806493136673595,0.6192369451701116,0.5166666666666667,-0.4962856062473622,14,-0.14930652764184255,0.4527862122395939
F03145,60,0.00806493136673595,0.6192369451701116,0.5166666666666667,-0.4962856062473622,14,-0.14930652764184255,0.4527862122395939
F03253,60,0.00806493136673595,0.6192369451701116,0.5166666666666667,-0.4962856062473622,14,-0.14930652764184255,0.4527862122395939
F03295,60,0.00806493136673595,0.6192369451701116,0.5166666666666667,-0.4962856062473622,14,-0.14930652764184255,0.4527862122395939
F03613,60,0.00806493136673595,0.6192369451701116,0.5166666666666667,-0.4962856062473622,14,-0.14930652764184255,0.4527862122395939
F03691,60,0.00806493136673595,0.6192369451701116,0.5166666666666667,-0.4962856062473622,14,-0.14930652764184255,0.4527862122395939
F03727,60,0.00806493136673595,0.6192369451701116,0.5166666666666667,-0.4962856062473622,14,-0.14930652764184255,0.4527862122395939
F03859,60,0.00806493136673595,0.6192369451701116,0.5166666666666667,-0.4962856062473622,14,-0.14930652764184255,0.4527862122395939
F03895,60,0.00806493136673595,0.6192369451701116,0.5166666666666667,-0.4962856062473622,14,-0.14930652764184255,0.4527862122395939
F04117,60,0.00806493136673595,0.6192369451701116,0.5166666666666667,-0.4962856062473622,14,-0.14930652764184255,0.4527862122395939
F04387,60,0.00806493136673595,0.6192369451701116,0.5166666666666667,-0.4962856062473622,14,-0.14930652764184255,0.4527862122395939
F04693,60,0.00806493136673595,0.6192369451701116,0.5166666666666667,-0.4962856062473622,14,-0.14930652764184255,0.4527862122395939
F04753,60,0.00806493136673595,0.6192369451701116,0.5166666666666667,-0.4962856062473622,14,-0.14930652764184255,0.4527862122395939
F04795,60,0.00806493136673595,0.6192369451701116,0.5166666666666667,-0.4962856062473622,14,-0.14930652764184255,0.4527862122395939
F04879,60,0.00806493136673595,0.6192369451701116,0.5166666666666667,-0.4962856062473622,14,-0.14930652764184255,0.4527862122395939
F00057,60,0.008063435434066377,0.6190927780633626,0.45,-0.4127299348413339,10,-0.0924485100816939,0.26025730592963703
F02578,60,0.0080632877674173,0.6190785477105767,0.5333333333333333,-0.483460652337278,9,-0.15515607056689718,0.4072215342347417
F04275,60,0.008061748564311879,0.6189302249707185,0.5,-0.43241109513174547,6,-0.11583488382204217,0.2830842149678157
F02309,60,0.008059963396828322,0.6187582170183574,0.4166666666666667,-0.6859767865462902,9,-0.22104148350552852,0.4874232102487198
F04640,60,0.008052254515180136,0.6180156420978962,0.4666666666666667,-0.47813058423927957,10,-0.13339369402405418,0.29199481952028783
F03438,60,0.008050950545104232,0.6178900674487147,0.5,-0.35535082162865894,10,-0.14054410975571818,0.2998773255971596
F00240,60,0.008044481464752439,0.6172672251401896,0.55,-0.4880242410455822,12,-0.130142250339661,0.49440264492239305
F01852,60,0.008044052275019361,0.61722591114363,0.5666666666666667,-0.16962081775296955,2,-0.0407432046799795,0.2611201631982107
F01287,60,0.008034066865441532,0.6162650040270639,0.5166666666666667,-0.4040339098203398,7,-0.10295238448741936,0.43730022769618276
F01954,60,0.008025101729267554,0.6154027572841128,0.5666666666666667,-0.5199101383183589,6,-0.22104148350552852,0.32472371253392085
F02657,60,0.00802402542920764,0.6152992715682408,0.4666666666666667,-0.46298563809385673,12,-0.15883875537659972,0.39075470918943156
F00454,60,0.00802357097988869,0.6152555784494671,0.6333333333333333,-0.28022765490942037,5,-0.12166510590634524,0.17386242885372793
F04320,60,0.008023087935093808,0.6152091372872366,0.4166666666666667,-0.44147681940047434,6,-0.10541758857234579,0.32663437883263313
F01195,60,0.008020753169452909,0.614984685455837,0.5333333333333333,-0.14834821014514565,1,-0.053176983610849736,0.37351373011499706
F01453,60,0.008020753169452909,0.614984685455837,0.5333333333333333,-0.14834821014514565,1,-0.053176983610849736,0.37351373011499706
F01543,60,0.008020753169452909,0.614984685455837,0.5333333333333333,-0.14834821014514565,1,-0.053176983610849736,0.37351373011499706
F01621,60,0.008020753169452909,0.614984685455837,0.5333333333333333,-0.14834821014514565,1,-0.053176983610849736,0.37351373011499706
F01639,60,0.008020753169452909,0.614984685455837,0.5333333333333333,-0.14834821014514565,1,-0.053176983610849736,0.37351373011499706
F01873,60,0.008020753169452909,0.614984685455837,0.5333333333333333,-0.14834821014514565,1,-0.053176983610849736,0.37351373011499706
F02137,60,0.008020753169452909,0.614984685455837,0.5333333333333333,-0.14834821014514565,1,-0.053176983610849736,0.37351373011499706
F02167,60,0.008020753169452909,0.614984685455837,0.5333333333333333,-0.14834821014514565,1,-0.053176983610849736,0.37351373011499706
F02251,60,0.008020753169452909,0.614984685455837,0.5333333333333333,-0.14834821014514565,1,-0.053176983610849736,0.37351373011499706
F02371,60,0.008020753169452909,0.614984685455837,0.5333333333333333,-0.14834821014514565,1,-0.053176983610849736,0.37351373011499706
F02959,60,0.008020753169452909,0.614984685455837,0.5333333333333333,-0.14834821014514565,1,-0.053176983610849736,0.37351373011499706
F03031,60,0.008020753169452909,0.614984685455837,0.5333333333333333,-0.14834821014514565,1,-0.053176983610849736,0.37351373011499706
F03217,60,0.008020753169452909,0.614984685455837,0.5333333333333333,-0.14834821014514565,1,-0.053176983610849736,0.37351373011499706
F03409,60,0.008020753169452909,0.614984685455837,0.5333333333333333,-0.14834821014514565,1,-0.053176983610849736,0.37351373011499706
F03421,60,0.008020753169452909,0.614984685455837,0.5333333333333333,-0.14834821014514565,1,-0.053176983610849736,0.37351373011499706
F03535,60,0.008020753169452909,0.614984685455837,0.5333333333333333,-0.14834821014514565,1,-0.053176983610849736,0.37351373011499706
F03829,60,0.008020753169452909,0.614984685455837,0.5333333333333333,-0.14834821014514565,1,-0.053176983610849736,0.37351373011499706
F03979,60,0.008020753169452909,0.614984685455837,0.5333333333333333,-0.14834821014514565,1,-0.053176983610849736,0.37351373011499706
F04021,60,0.008020753169452909,0.614984685455837,0.5333333333333333,-0.14834821014514565,1,-0.053176983610849736,0.37351373011499706
F04627,60,0.008020753169452909,0.614984685455837,0.5333333333333333,-0.14834821014514565,1,-0.053176983610849736,0.37351373011499706
F04801,60,0.008020753169452909,0.614984685455837,0.5333333333333333,-0.14834821014514565,1,-0.053176983610849736,0.37351373011499706
F04843,60,0.008020753169452909,0.614984685455837,0.5333333333333333,-0.14834821014514565,1,-0.053176983610849736,0.37351373011499706
F02243,60,0.008016186280358502,0.6145457379279069,0.5333333333333333,-0.3185153506778571,5,-0.05741765723192683,0.1089778206586187
F00639,60,0.008009923220094412,0.6139439533031317,0.55,-0.08437505526622335,3,-0.03607109921463341,0.08822710484945367
F00872,60,0.00800925857559505,0.6138801040444419,0.5666666666666667,-0.4253032500660684,7,-0.0937686923101072,0.28580599592187567
F03170,60,0.008000264935826219,0.6130163717026191,0.55,-0.26937137650621346,6,-0.07371831963706797,0.17102131862827785
F00293,60,0.007999914616575763,0.6129827368963991,0.5,-0.5619929836776487,12,-0.14958056231338904,0.3927290969461457
F01565,60,0.00799709672246034,0.6127122106980407,0.5333333333333333,-0.27758356720607524,5,-0.09429187438794433,0.19314026443339832
F03396,60,0.007994662408012198,0.6124785452059314,0.5166666666666667,-0.6464809653569221,9,-0.22104148350552852,0.5435866059904317
F03676,60,0.007993680183603254,0.6123842726675244,0.5,-0.4368847686205468,9,-0.12399337830424839,0.35962736402788653
F04304,60,0.007993023835813493,0.6123212803365361,0.45,-0.323933999750736,6,-0.08697820959372846,0.39299050094962173
F00534,60,0.007980058061752279,0.6110773989389322,0.4666666666666667,-0.4136368515173655,8,-0.10088354048836815,0.5122463642342754
F00003,60,0.007978710275798646,0.6109481522247844,0.55,-0.11953459594457028,1,-0.052121198959716265,0.23549010315390786
F04906,60,0.007976789205605826,0.6107639477099565,0.43333333333333335,-0.2717489207363959,6,-0.06727492099989824,0.26600631889217685
F02198,60,0.007976698278220831,0.6107552295232617,0.5,-0.5256658079589305,13,-0.1654513539653742,0.4959615224721319
F00777,60,0.00796746702483061,0.6098703713780578,0.5333333333333333,-0.1449644897129806,2,-0.05553978583960007,0.2404856211634874
F02964,60,0.007967155953595081,0.609840562094164,0.5833333333333334,-0.18780116243294953,4,-0.0781674415503526,0.17064616007895714
F04265,60,0.007967012025438487,0.6098267699537867,0.5,-0.20789874877385173,5,-0.06810824533419559,0.26118881805473254
F01508,60,0.007959040105203123,0.6090630296701447,0.55,-0.49362642214448593,10,-0.16013602371666566,0.24810842673252287
F00537,60,0.007956661141535077,0.6088351849366813,0.5166666666666667,-0.5553991388707433,10,-0.15178553586442226,0.2901880486504868
F00676,60,0.007953603282961498,0.6085423657867122,0.5166666666666667,-0.16515934966043422,3,-0.061276294525660024,0.22469355447189168
F02326,60,0.007945705172955805,0.6077862888253016,0.5,-0.36159464918400697,6,-0.08751951341350357,0.1899182058250643
F04578,60,0.00794079094042124,0.6073160313874402,0.48333333333333334,-0.491652183040715,8,-0.13497847025673343,0.3150621140240919
F04772,60,0.007940230741098389,0.6072624328468725,0.5333333333333333,-0.19823448483088446,2,-0.04972886070022147,0.24396523930142328
F02598,60,0.007934433396726805,0.6067078599044045,0.5166666666666667,-0.4545089043023085,7,-0.10894099609155214,0.24538926776055847
F03192,60,0.007926846560547585,0.6059823887292057,0.4666666666666667,-0.39165075657356074,11,-0.1451616351496332,0.41291730228003976
F00993,60,0.007924967316888121,0.6058027407969799,0.5166666666666667,-0.5189396571804994,12,-0.1487728931194646,0.42854410976908064
F02087,60,0.007924553414951562,0.6057631761368618,0.5833333333333334,-0.18022838217198578,4,-0.06056979953432423,0.08924203751580187
F00254,60,0.007917289426638547,0.6050689714724995,0.5666666666666667,-0.5402214263312752,6,-0.22104148350552852,0.28429295461734216
F01500,60,0.007906241847749807,0.6040137424026539,0.5,-0.48763359852021537,9,-0.13031636129727403,0.2350936735091938
F01737,60,0.00790392533495896,0.6037925631136589,0.5166666666666667,-0.43926997723774175,10,-0.11701943309988509,0.2239121281071573
F01025,60,0.007903665177223709,0.6037677252782137,0.5,-0.2648326979922835,6,-0.08441719180783924,0.1695585339479818
F03848,60,0.007903310238520506,0.603733839103803,0.48333333333333334,-0.42878768651219823,9,-0.11276840153466486,0.36050046010671777
F00953,60,0.007900910193713542,0.6035047241083928,0.5166666666666667,-0.5491396054368937,11,-0.22104148350552852,0.413637466010028
F02094,60,0.00789929271910729,0.603350333610458,0.5333333333333333,-0.4300618916175558,8,-0.10359411298592482,0.20502395684175184
F00602,60,0.007899015108679621,0.6033238367277793,0.5166666666666667,-0.36806366730189266,9,-0.11860692105868402,0.2719477573329413
F04575,60,0.007896974504725927,0.603129081885659,0.4166666666666667,-0.399960245291777,7,-0.09810267461367728,0.43027831652933035
F04858,60,0.007895584547832011,0.6029964379909332,0.4666666666666667,-0.5024347944938616,9,-0.1260347121584797,0.4267530728186626
F03231,60,0.007895021220317901,0.6029426825946178,0.38333333333333336,-0.6989080985537619,9,-0.22104148350552852,0.489466805330765
F00397,60,0.007894207209617057,0.6028650089451573,0.5833333333333334,-0.3403497847484488,6,-0.07795315802069458,0.2558469419206003
F00403,60,0.007894207209617057,0.6028650089451573,0.5833333333333334,-0.3403497847484488,6,-0.07795315802069458,0.2558469419206003
F00943,60,0.007894207209617057,0.6028650089451573,0.5833333333333334,-0.3403497847484488,6,-0.07795315802069458,0.2558469419206003
F01357,60,0.007894207209617057,0.6028650089451573,0.5833333333333334,-0.3403497847484488,6,-0.07795315802069458,0.2558469419206003
F01393,60,0.007894207209617057,0.6028650089451573,0.5833333333333334,-0.3403497847484488,6,-0.07795315802069458,0.2558469419206003
F02029,60,0.007894207209617057,0.6028650089451573,0.5833333333333334,-0.3403497847484488,6,-0.07795315802069458,0.2558469419206003
F02191,60,0.007894207209617057,0.6028650089451573,0.5833333333333334,-0.3403497847484488,6,-0.07795315802069458,0.2558469419206003
F02383,60,0.007894207209617057,0.6028650089451573,0.5833333333333334,-0.3403497847484488,6,-0.07795315802069458,0.2558469419206003
F02803,60,0.007894207209617057,0.6028650089451573,0.5833333333333334,-0.3403497847484488,6,-0.07795315802069458,0.2558469419206003
F03385,60,0.007894207209617057,0.6028650089451573,0.5833333333333334,-0.3403497847484488,6,-0.07795315802069458,0.2558469419206003
F03571,60,0.007894207209617057,0.6028650089451573,0.5833333333333334,-0.3403497847484488,6,-0.07795315802069458,0.2558469419206003
F03913,60,0.007894207209617057,0.6028650089451573,0.5833333333333334,-0.3403497847484488,6,-0.07795315802069458,0.2558469419206003
F04345,60,0.007894207209617057,0.6028650089451573,0.5833333333333334,-0.3403497847484488,6,-0.07795315802069458,0.2558469419206003
F04609,60,0.007894207209617057,0.6028650089451573,0.5833333333333334,-0.3403497847484488,6,-0.07795315802069458,0.2558469419206003
F04681,60,0.007894207209617057,0.6028650089451573,0.5833333333333334,-0.3403497847484488,6,-0.07795315802069458,0.2558469419206003
F04897,60,0.007894207209617057,0.6028650089451573,0.5833333333333334,-0.3403497847484488,6,-0.07795315802069458,0.2558469419206003
F02625,60,0.007890481712863957,0.6025095658488502,0.4666666666666667,-0.4233997901144295,9,-0.11845076315863728,0.3870821129396809
F04368,60,0.007887410233941109,0.6022165797369914,0.4666666666666667,-0.3521363480806682,6,-0.09482802324356955,0.21973255601901767
F04449,60,0.007881338992152688,0.601637603407591,0.5833333333333334,-0.37903821259016557,4,-0.0821697453440865,0.15992030218715014
F02046,60,0.007879630285528655,0.6014746918538381,0.4666666666666667,-0.521748174933843,10,-0.12471892532056379,0.21144568865980182
F03800,60,0.007873805872785841,0.600919502959175,0.5,-0.4196967161105921,6,-0.10320833975855855,0.2879655766906223
F01064,60,0.007869397251323821,0.6004993945656736,0.5166666666666667,-0.23645839020425208,5,-0.06284740044445147,0.18187383223086573
F01179,60,0.0078662556188628,0.6002000868262365,0.5,-0.22237314328987323,3,-0.06619679667658718,0.39830252763208973
F01803,60,0.007862852704629853,0.5998759485021441,0.5333333333333333,-0.4463498637364617,10,-0.13519119887385503,0.38544453851647875
F00327,60,0.007857576230980774,0.5993734753942381,0.5,-0.4656834069243694,10,-0.15554209025252505,0.3892086595427285
F00186,60,0.007854671044642393,0.5990968837612658,0.5166666666666667,-0.5801861319645152,11,-0.22104148350552852,0.28419440208210855
F02220,60,0.007854477492145245,0.5990784580427282,0.5333333333333333,-0.5365280790850202,11,-0.22104148350552852,0.28419440208210855
F03754,60,0.007851827485786172,0.59882620499413,0.4666666666666667,-0.4620137833953808,6,-0.10870819133296694,0.3456209063776719
F04808,60,0.007847918119232545,0.5984541453904544,0.55,-0.19282851706754234,2,-0.06560808696736854,0.15537013505804081
F02291,60,0.00784615831610478,0.5982866903808262,0.48333333333333334,-0.4289959948037084,5,-0.0896170746279806,0.6659291190114892
F02230,60,0.00784553440539405,0.5982273259649658,0.5333333333333333,-0.26468985987014215,3,-0.06292195888428197,0.26642147127223276
F02830,60,0.007839385296873188,0.5976423610496915,0.48333333333333334,-0.5239194973537621,11,-0.1162644853068243,0.39850635612064295
F00662,60,0.00783880639373651,0.5975873008179204,0.48333333333333334,-0.30346053557831687,6,-0.07332203242612371,0.13987705137364254
F01548,60,0.00783745711721698,0.597458976612391,0.48333333333333334,-0.29303619833730676,5,-0.06608146637408982,0.20437557072403112
F04230,60,0.00782394758707769,0.5961746987679384,0.5166666666666667,-0.6277265391149678,8,-0.22104148350552852,0.36062682362142584
F02745,60,0.007819199051612833,0.5957235224227224,0.5666666666666667,-0.12407259739567822,3,-0.03726676266390304,0.1082727896737228
F01574,60,0.007814082677653584,0.59523753670033,0.55,-0.26480966032253683,4,-0.09026543250869676,0.31878214762803775
F03096,60,0.007807575474504632,0.5946196514420756,0.5666666666666667,-0.4019720200503225,9,-0.11807785378348278,0.160267114399665
F02561,60,0.007802731308545706,0.5941598311029705,0.5333333333333333,-0.3104682293048233,5,-0.09761021000970094,0.23002228341852357
F03623,60,0.007799967390281352,0.5938975314952712,0.5,-0.2146498989475082,3,-0.07295167717799853,0.23321442987734683
F00266,60,0.0077992323925727336,0.5938277863553396,0.55,-0.3374187045364654,6,-0.11861186976589959,0.19313388238034465
F03318,60,0.007793203101910948,0.5932557703292212,0.43333333333333335,-0.4967318398753249,9,-0.10997245799826151,0.34347956450943107
F01554,60,0.007792741980139348,0.5932120307006232,0.5666666666666667,-0.6335329391604406,9,-0.22104148350552852,0.29352690346787963
F04701,60,0.007790446333088608,0.5929942950541125,0.4,-0.33286212969529205,4,-0.07231005459079327,0.45877446401915034
F02703,60,0.007781377541381809,0.5921344318250357,0.5166666666666667,-0.6596023563420514,12,-0.1518643937578495,0.4653543538877799
F02549,60,0.007781063463086768,0.5921046604709537,0.5666666666666667,-0.4758848454548871,5,-0.22104148350552852,0.28419440208210855
F00687,60,0.007776908084855355,0.5917108253836345,0.5333333333333333,-0.29115198507450946,3,-0.08691580006230853,0.2877179683028876
F00707,60,0.00777178086381948,0.5912250137864297,0.5,-0.28779792314435804,5,-0.06963150881995915,0.2289063705060916
F03549,60,0.007766947701829074,0.5907671982112075,0.48333333333333334,-0.24056353739869807,4,-0.05299150928423309,0.24510271758395621
F00182,60,0.007761971297952715,0.5902959495563913,0.5,-0.5062290510713439,11,-0.13176377065810901,0.509043130541369
F01317,60,0.007754464439089133,0.5895853350701137,0.5333333333333333,-0.40993430023494215,5,-0.1146485662960796,0.24070239334848773
F02370,60,0.007749245418539613,0.5890914760099872,0.5333333333333333,-0.4835224837677967,11,-0.1560785517696381,0.23497220034663796
F02399,60,0.0077479123590788734,0.5889653570906066,0.5,-0.3119496806239419,6,-0.08820163518566593,0.2221342182269173
F02484,60,0.0077464887391071385,0.5888306812343667,0.6,-0.4299005853512401,8,-0.0926233123657768,0.20793684012384278
F00270,60,0.007733106376827268,0.5875652450904776,0.4666666666666667,-0.6015448531474665,12,-0.12770129479979003,0.38214191986704166
F03996,60,0.007721186452339807,0.5864389316238907,0.5833333333333334,-0.3281813882779785,5,-0.060869351343300536,0.21453832806973971
F03880,60,0.007717634618953745,0.5861034709232948,0.5833333333333334,-0.2385878465232789,5,-0.06986795235666136,0.13839244684085578
F04488,60,0.007717603819758127,0.5861005623307292,0.5166666666666667,-0.5431461796769528,12,-0.1512886668794953,0.44271648020866966
F03112,60,0.0077162216026000555,0.5859700348875068,0.6166666666666667,-0.5924342865619852,12,-0.22104148350552852,0.28419440208210855
F01124,60,0.00771536107775643,0.5858887779498323,0.5,-0.536924600562672,10,-0.1517361973833337,0.3484175500956709
F04556,60,0.007713480372875346,0.5857112025345599,0.5833333333333334,-0.220003650889381,2,-0.05430916761229423,0.23474308528768278
F01581,60,0.007708585264125038,0.5852490999602611,0.5166666666666667,-0.5936566131856542,9,-0.22104148350552852,0.28419440208210855
F04718,60,0.0077056505366468065,0.5849721225981415,0.5333333333333333,-0.363331715471901,9,-0.11860692105868402,0.2719477573329413
F00936,60,0.007702147773982595,0.5846415967988865,0.55,-0.4306092513373013,8,-0.12255327523467756,0.23788426798992496
F03406,60,0.007695772799076204,0.5840402187798248,0.55,-0.46415150283442397,10,-0.22104148350552852,0.28419440208210855
F00724,60,0.0076949262833242065,0.5839603802926254,0.5333333333333333,-0.4068125952786098,5,-0.11377275194494695,0.17829443599338413
F03502,60,0.007694172295835788,0.5838892718698119,0.5666666666666667,-0.5121232096271071,8,-0.22104148350552852,0.33752533047789046
F03843,60,0.007693230446282417,0.583800450619502,0.38333333333333336,-0.3674375770888454,7,-0.05635528826153426,0.46107190830438494
F01072,60,0.007692685237147347,0.5837490368360825,0.55,-0.3896670336568222,7,-0.09229381671732173,0.2760309253622216
F01366,60,0.007685375589719341,0.5830598880317794,0.5333333333333333,-0.14818634455482937,3,-0.057925913301521074,0.12076457167452095
F02433,60,0.007684615820121713,0.582988274368335,0.55,-0.6737428179122844,14,-0.1450890412666944,0.5554491453063379
F04227,60,0.007674572783030444,0.5820419463350697,0.5666666666666667,-0.16877743608808493,2,-0.04693074131117187,0.2250274073136292
F02853,60,0.00766725284058049,0.581352558607535,0.5,-0.1554540623555256,4,-0.058813544475121965,0.23645125671361827
F00720,60,0.007651549568250048,0.579874630417536,0.5333333333333333,-0.47173235214008935,6,-0.22104148350552852,0.28419440208210855
F03189,60,0.007648395608631487,0.5795779563903254,0.55,-0.22634790029086826,3,-0.06414223689071734,0.23317720240426565
F00592,60,0.00764737206578129,0.579481689639856,0.5,-0.4308397006289576,7,-0.11156163535718225,0.4786918020133648
F01510,60,0.007644812798151397,0.5792410094010154,0.5833333333333334,-0.4024654111360454,6,-0.14770783439575025,0.3309743273734274
F01532,60,0.0076433026541890756,0.5790990084215304,0.5666666666666667,-0.16567457203403968,4,-0.08225336862764364,0.10775428240988512
F01650,60,0.007635507087102886,0.5783661798579578,0.5833333333333334,-0.33955084856025275,5,-0.09128650640412343,0.29342739002695467
F03720,60,0.007632225768554039,0.5780578168824568,0.5333333333333333,-0.10766905422582485,1,-0.02700888826441839,0.2431471915583675
F00808,60,0.007630966611722425,0.5779395029391776,0.55,-0.5685362526971136,6,-0.22104148350552852,0.3106878294198738
F00214,60,0.007630324601141442,0.5778791811636685,0.55,-0.3589883633690638,8,-0.1215347001632329,0.3176429970609719
F04536,60,0.007629669882797073,0.5778176677325007,0.5166666666666667,-0.3694511349498497,9,-0.09268926974090111,0.16202385421338958
F01538,60,0.007628695797986368,0.5777261528967856,0.45,-0.3864982114697044,8,-0.0751929733192751,0.22821776719177045
F03402,60,0.00761808738259417,0.5767298348689935,0.43333333333333335,-0.4645984874243262,14,-0.16683551750778533,0.4509413248899538
F03548,60,0.007611286493553806,0.5760914364529517,0.43333333333333335,-0.48802422676403734,11,-0.16076578324839766,0.3847008301131222
F03740,60,0.00761126002497039,0.576088952347668,0.5166666666666667,-0.35715584274891665,8,-0.1471491270069553,0.3369681312030247
F01680,60,0.007607719604215776,0.5757567147133529,0.5,-0.30799305362933516,4,-0.08579909117441667,0.2665578125940608
F02601,60,0.007607609141167433,0.5757463498268691,0.5666666666666667,-0.1829725484521082,2,-0.03619818041860131,0.11507281160353693
F01677,60,0.007598672144488683,0.5749080022965558,0.5333333333333333,-0.45817650278977995,6,-0.11583488382204217,0.24496135162420318
F00298,60,0.007598420693220688,0.574884420901915,0.5166666666666667,-0.5014256249300194,11,-0.13331094691934917,0.22807820314990188
F01746,60,0.00759783677319522,0.57482966153681,0.5,-0.4573980504271581,8,-0.09911669051247951,0.14694791542311997
F02360,60,0.007596978157799839,0.5747491449485891,0.5666666666666667,-0.3944571554271732,6,-0.09724131567721038,0.3004244706279946
F03460,60,0.0075925869883887494,0.5743374266828729,0.48333333333333334,-0.45063822673942,8,-0.10428570852698137,0.47154295105264354
F03486,60,0.007589316778367154,0.5740308789057385,0.45,-0.35295250089053964,6,-0.0666980420788807,0.26018905749696597
F04457,60,0.007588229288484335,0.5739289511781636,0.6,-0.18884014811026228,3,-0.05377132074444352,0.10591327671572238
F02566,60,0.007580478249301775,0.5732026534784369,0.5333333333333333,-0.6036931266785606,12,-0.18308822535113503,0.4216756079993391
F02526,60,0.007578113823307686,0.572981164644196,0.5666666666666667,-0.2550975065533796,7,-0.1031300563325475,0.17246385683574988
F01047,60,0.0075731264580260055,0.5725140711584911,0.5166666666666667,-0.45044525412821834,8,-0.11560115736834374,0.2519240190219072
F04077,60,0.00756202122262558,0.5714744962623173,0.5333333333333333,-0.45818083450618896,8,-0.11841064021810288,0.25069690099349373
F00918,60,0.007554387758305274,0.5707603101211891,0.5666666666666667,-0.5963014454326196,8,-0.22104148350552852,0.5234174061712973
F00665,60,0.007553658681491791,0.5706921144690358,0.43333333333333335,-0.411435761280355,9,-0.08733150526304473,0.3324898841600218
F03861,60,0.007549614321278662,0.5703138700462791,0.45,-0.5845863333640089,7,-0.22104148350552852,0.28419440208210855
F01704,60,0.007544407937684447,0.5698270805064274,0.5333333333333333,-0.36437238862240473,10,-0.12061070057793608,0.34650936500113666
F04114,60,0.007542393884248059,0.5696388091510634,0.5333333333333333,-0.4858460511599725,5,-0.22104148350552852,0.3195512550126963
F00540,60,0.007538328909847315,0.5692588877341871,0.45,-0.7032451548948047,11,-0.22104148350552852,0.30430858506559105
F04499,60,0.007535558548843463,0.5690000155373884,0.5,-0.2267244811478495,5,-0.06230058899864057,0.3123855830115923
F01226,60,0.0075353890685437115,0.5689841800700768,0.43333333333333335,-0.4887039242521205,10,-0.16076578324839766,0.3847008301131222
F03976,60,0.007533811746934537,0.5688368098602345,0.5666666666666667,-0.44660786978204714,5,-0.22104148350552852,0.2841944020821086
F03000,60,0.00752892125996105,0.5683799749202827,0.5166666666666667,-0.3973465710471674,4,-0.11125281793632928,0.31603196336068395
F01793,60,0.007525083942054133,0.5680216112272083,0.5,-0.5665447360619034,13,-0.22104148350552852,0.5080818779785308
F00418,60,0.007523181157737978,0.5678439417622501,0.43333333333333335,-0.2504504545948223,8,-0.08611056822044216,0.22349122794514514
F01953,60,0.00752267964250624,0.5677971168700922,0.5333333333333333,-0.5941594103373316,11,-0.15145009253347858,0.5549217400285694
F01905,60,0.0075200281619351075,0.5675495793623455,0.5833333333333334,-0.45033617923533453,7,-0.10514752213711179,0.2435153007325582
F02357,60,0.007518452840444977,0.5674025283515951,0.5,-0.6175665862046585,8,-0.1588294796907179,0.5325560047941322
F04181,60,0.007509254456667861,0.5665441606907118,0.5333333333333333,-0.5950367010465163,9,-0.22104148350552852,0.2841944020821086
F02980,60,0.0074991782148409614,0.5656044042633017,0.5166666666666667,-0.44538943155476185,7,-0.22104148350552852,0.5018173975412593
F00984,60,0.007490085613349834,0.5647568624722645,0.5333333333333333,-0.3023783383423776,5,-0.0627783723326519,0.23018285668943653
F01654,60,0.007485032394608858,0.5642860356728585,0.5333333333333333,-0.6756354374683826,10,-0.22104148350552852,0.45343790887604574
F04172,60,0.007476745794856832,0.5635142445020078,0.55,-0.40683491703100005,6,-0.14731891988861373,0.32022534311041206
F01828,60,0.007473342136712338,0.5631973456151353,0.55,-0.6030007849343433,10,-0.22104148350552852,0.32014856997664537
F02504,60,0.007464640292951157,0.56238744426435,0.5166666666666667,-0.4609767329751746,8,-0.10384104810108896,0.3200338207037187
F02315,60,0.007459171049263168,0.5618786198948003,0.5,-0.38286291021690033,5,-0.07386664662929222,0.2450366587609875
F01656,60,0.007440658068753624,0.5601574964796203,0.5166666666666667,-0.2762111136148224,5,-0.07591270771285716,0.1323591847294627
F00015,60,0.007438651984474631,0.5599711059330785,0.4666666666666667,-0.18020694996173292,2,-0.049415998323676484,0.2401521003935265
F02901,60,0.007436507747651952,0.5597719034823434,0.48333333333333334,-0.660824887267276,13,-0.17294616554590947,0.438586703818797
F02638,60,0.007435647223635211,0.5596919666911475,0.4666666666666667,-0.45892059041516076,6,-0.13231186916534948,0.46105599281632537
F04642,60,0.007434007319837926,0.5595396420062004,0.45,-0.496661241723529,9,-0.08563727143933643,0.3333453075157032
F02808,60,0.00743073106271866,0.5592353662323346,0.5,-0.21617355124736914,3,-0.04489517484015374,0.2086273572481562
F04174,60,0.0074296882949871045,0.5591385335293249,0.6,-0.5003748645411751,6,-0.22104148350552852,0.34880222593601884
F04752,60,0.0074275286343085415,0.5589380035694633,0.5,-0.7101936424423484,11,-0.22104148350552852,0.5216243209227333
F03988,60,0.007426726433733765,0.5588635236758301,0.5666666666666667,-0.45574973859027856,8,-0.22104148350552852,0.28419440208210855
F03851,60,0.007426259943449137,0.5588202142378496,0.5166666666666667,-0.5321707559841031,11,-0.22104148350552852,0.2841944020821086
F00514,60,0.0074197907218907285,0.5582197270175899,0.5166666666666667,-0.4814576404842037,11,-0.15632203198539507,0.34102440544465745
F04778,60,0.007403642208132365,0.556721779225098,0.48333333333333334,-0.3560623479052154,9,-0.1056055258876976,0.43987179094599277
F01521,60,0.007402451982925619,0.5566114291223063,0.5333333333333333,-0.33136248553686076,8,-0.08221872606742549,0.13494175010553122
F03232,60,0.007402192575227899,0.5565873795131977,0.48333333333333334,-0.6294813032206051,8,-0.22104148350552852,0.28419440208210855
F01886,60,0.007388101504451753,0.5552815494361016,0.55,-0.28347447630879763,7,-0.08156130169467325,0.25306569362606185
F04726,60,0.007378920779612356,0.5544313444035325,0.5166666666666667,-0.2925803244876021,6,-0.07774713552876948,0.2086429441492323
F03081,60,0.007371950490532791,0.5537861477857087,0.55,-0.1979622746025167,3,-0.050736119736088214,0.11891893180456059
F02925,60,0.007371290039392416,0.5537250275618157,0.48333333333333334,-0.27248530621799316,5,-0.06704282606215393,0.2544098814472373
F03359,60,0.00736859421049026,0.553475571602934,0.48333333333333334,-0.4984369958332622,9,-0.1304516616139255,0.23251580172035546
F02642,60,0.007363044785931594,0.5529621848624322,0.5333333333333333,-0.5192587838515729,10,-0.22104148350552852,0.28419440208210855
F00162,60,0.0073619344918328024,0.5528594896902963,0.5,-0.5762862908124614,15,-0.15749876854518877,0.4318059606706568
F02454,60,0.007356098146928176,0.5523197745529702,0.48333333333333334,-0.49953240298796897,12,-0.12250431072028882,0.4541841888428176
F03560,60,0.007355773930519637,0.5522897980968946,0.5166666666666667,-0.4657137487772883,8,-0.10384104810108896,0.32325025958449016
F00156,60,0.00735205178237133,0.5519456958642772,0.48333333333333334,-0.3448281884653145,9,-0.1050072415971257,0.24452518714619068
F01794,60,0.007348258302661781,0.5515950764047448,0.5666666666666667,-0.603830760653923,12,-0.22104148350552852,0.3209671189877528
F03654,60,0.007348154184167334,0.5515854541564651,0.5333333333333333,-0.40250019753216637,6,-0.08843663527151344,0.20566088263620708
F03621,60,0.007344950226273058,0.5512893848360281,0.5333333333333333,-0.42778832384534804,8,-0.11553535301463445,0.37161256955303257
F01169,60,0.007344256634712128,0.5512252991796953,0.45,-0.7150450183869532,10,-0.22104148350552852,0.34969928753138246
F01697,60,0.007342958703167225,0.5511053814231193,0.45,-0.7387145334012666,11,-0.22104148350552852,0.3558617022018307
F01629,60,0.007342250885249173,0.5510399889518744,0.5166666666666667,-0.6649256711190334,10,-0.22104148350552852,0.35411584209642494
F03528,60,0.007337756013709803,0.5506247889815366,0.5833333333333334,-0.4636096498226916,9,-0.12434844142552504,0.25924435012949687
F01786,60,0.007335052582118179,0.5503751204179832,0.5333333333333333,-0.24246364049162883,4,-0.06873829009002971,0.13493177259041061
F04066,60,0.0073340611107997776,0.5502835655080438,0.48333333333333334,-0.1854379755896396,1,-0.04693482697690841,0.07003564337765522
F00549,60,0.007328785315614107,0.5497964749584607,0.55,-0.5511262660206968,11,-0.16376295760114953,0.4903571190285062
F03394,60,0.0073237982428634675,0.5493361792224281,0.5166666666666667,-0.3668260172523835,5,-0.10286981577847924,0.2956468506734687
F03543,60,0.007323759500433826,0.5493326039085176,0.5833333333333334,-0.3999614300257752,7,-0.10127447026402647,0.13496117169026806
F04419,60,0.007319017103863555,0.5488950169343105,0.48333333333333334,-0.6480198754308153,10,-0.22104148350552852,0.36726800064942206
F03810,60,0.007317308726026616,0.5487374125116069,0.5833333333333334,-0.18526776638952303,1,-0.05452754759075563,0.24445708487062476
F00453,60,0.007315278079875388,0.5485500981100773,0.5,-0.460514786407341,7,-0.1214240031700621,0.5100993784806259
F04288,60,0.0073112108983995365,0.5481749930590709,0.5166666666666667,-0.5428702812123434,11,-0.22104148350552852,0.39064865538589794
F03887,60,0.007308969181191197,0.547968283792833,0.55,-0.569794991985669,11,-0.14969932405858155,0.5895021241803392
F00149,60,0.007302930528845024,0.5474115932632648,0.5,-0.5631785277614583,12,-0.17883512527332207,0.4919293108934133
F03389,60,0.007302366319301145,0.5473595900413835,0.5166666666666667,-0.30630205334736305,4,-0.06414436677796956,0.38562156777239553
F04330,60,0.007295391238653262,0.5467168384381513,0.5666666666666667,-0.4173954876885374,9,-0.12227698073992473,0.3239554391935032
F01392,60,0.007286371950668405,0.5458861029557733,0.5333333333333333,-0.2963332911443619,4,-0.09246306368935726,0.1131052495634239
F04490,60,0.007282829401470705,0.5455599309994246,0.5166666666666667,-0.3834726114436301,8,-0.07592228474641549,0.2172274987538374
F02652,60,0.007280294668264249,0.545326592884547,0.5,-0.5268259088265504,10,-0.10948371338460705,0.15968434665384446
F03770,60,0.0072793048277129445,0.5452354812490159,0.48333333333333334,-0.21784894821904688,2,-0.06459108719312644,0.4051300050756606
F04152,60,0.007277071653289878,0.5450299441358673,0.5166666666666667,-0.2378211149022732,5,-0.06418006806757544,0.38666766330005203
F02500,60,0.007273223753662574,0.5446758538628067,0.4666666666666667,-0.4795530101357999,11,-0.1693192183298823,0.4321346537554845
F00975,60,0.007268647185199155,0.5442548141376802,0.5166666666666667,-0.21346590798929266,4,-0.049125775595344465,0.21601546295681545
F00641,60,0.007259479760310674,0.5434117596184451,0.5,-0.5980362217672628,9,-0.22104148350552852,0.28419440208210855
F01244,60,0.007258384432988965,0.5433110614246213,0.5,-0.1912862304785261,3,-0.037940045445964,0.22490467716693477
F01238,60,0.007248396608839987,0.5423931354009941,0.5333333333333333,-0.5871308297949286,9,-0.176781511529501,0.5375563716145978
F04354,60,0.007246758313231981,0.5422426199174333,0.5666666666666667,-0.5245661307689962,9,-0.13920089850603853,0.26619503098916575
F01889,60,0.007245429941965165,0.5421205887827005,0.48333333333333334,-0.5663720798875713,11,-0.15708598904355028,0.3999441028291089
F01248,60,0.0072444630963581485,0.5420317752570345,0.5666666666666667,-0.4357497086528199,9,-0.13053941436916622,0.25147545499699214
F02212,60,0.007240291058575622,0.5416485934757402,0.5166666666666667,-0.3152525130510354,7,-0.08594917360502734,0.1354703061126795
F02363,60,0.007235969107469052,0.5412517416079512,0.55,-0.11684235449265346,4,-0.03138808636049514,0.1684903787170951
F00752,60,0.007234569274414784,0.5411232271338338,0.4666666666666667,-0.46267143055229054,7,-0.10263804330183941,0.44039766250620116
F01300,60,0.007229063572361666,0.5406178673593776,0.5166666666666667,-0.49640996243197033,7,-0.1215236332291268,0.26781537272879313
F03165,60,0.007226231234717948,0.5403579550008508,0.5,-0.5917109605486103,9,-0.22104148350552852,0.30657004041982583
F02274,60,0.007225300739875537,0.5402725766005829,0.43333333333333335,-0.42825668908670633,6,-0.12112602873419341,0.24912659047546748
F04517,60,0.007211039144760977,0.5389645730668844,0.5166666666666667,-0.4005454464516459,6,-0.07827870032209841,0.2667728261504858
F04300,60,0.007206303211494639,0.5385304581287687,0.5333333333333333,-0.5031367062721794,10,-0.15467534938410632,0.39358051616924283
F01023,60,0.007203550342857473,0.5382781743161316,0.5666666666666667,-0.13296546327139136,2,-0.0625691666674179,0.2425471592489243
F03585,60,0.007197592636597006,0.5377323257332418,0.5666666666666667,-0.37255006606614527,6,-0.08782547335204798,0.18692798093631852
F03287,60,0.007194088029924431,0.5374113205680704,0.5,-0.5854712408342054,8,-0.1461036084578115,0.40924140398678915
F02170,60,0.007190431364417936,0.5370764577872098,0.4666666666666667,-0.4729049006108921,8,-0.14361334438960913,0.42828690178451534
F01896,60,0.0071887600851936,0.5369234326119106,0.5,-0.4954627224839121,8,-0.11120170934376022,0.33122832678688374
F02948,60,0.0071832447859637135,0.5364185486936679,0.5666666666666667,-0.5180503336612277,11,-0.14066746036157543,0.23496527122971866
F01893,60,0.007179587367397838,0.5360838296345694,0.5333333333333333,-0.2553019761821167,5,-0.08091430142662155,0.25306569362606185
F00008,60,0.0071790238774272815,0.5360322666229365,0.55,-0.4208873450570183,5,-0.10337911190173918,0.25597622161290967
F01478,60,0.007178715259844208,0.5360040268203152,0.5166666666666667,-0.5774320513911111,8,-0.14916840882004834,0.5409494414672903
F01325,60,0.007176544077195286,0.535805368935496,0.55,-0.28133339032527815,6,-0.067235143692781,0.12964217788778892
F02530,60,0.007174848480147415,0.5356502435363033,0.5,-0.49141564355865663,11,-0.10527242974410109,0.22647867294499244
F04364,60,0.007172572743331352,0.5354420669997559,0.5,-0.3299773102930528,4,-0.09627818105147994,0.4712068546286843
F02693,60,0.007170408930055179,0.535244154578749,0.55,-0.3344284844302967,4,-0.12526886634443227,0.23891910358486906
F01594,60,0.007168247562434898,0.5350464908913026,0.5166666666666667,-0.6128089056384323,12,-0.22104148350552852,0.5639671282528278
F01768,60,0.0071636518806425815,0.5346262848904992,0.48333333333333334,-0.40231140262018994,8,-0.07758402956070047,0.1681867025501905
F03426,60,0.007155791756765388,0.5339078568940419,0.48333333333333334,-0.5289855213389468,11,-0.13286665644751286,0.18021508172544914
F01116,60,0.007146388802032126,0.533048846128771,0.5,-0.6859142602273349,12,-0.22104148350552852,0.5128952832854711
F02750,60,0.007146239835718195,0.5330352410575454,0.55,-0.36231823219012227,6,-0.08665242075142911,0.23546748482665525
F03885,60,0.007141075796078334,0.5325636834763052,0.5333333333333333,-0.34228298753160136,6,-0.14414357782268225,0.30655838405724684
F00678,60,0.0071403280321611475,0.5324954127592703,0.48333333333333334,-0.6741247745007125,8,-0.22104148350552852,0.39946592428286576
F03734,60,0.007133741197066385,0.5318941650284563,0.5166666666666667,-0.3349827011171952,6,-0.07866541511916647,0.2764476397600936
F02369,60,0.0071335937628904085,0.5318807098594354,0.55,-0.6427194088054047,11,-0.22104148350552852,0.2841944020821086
F03507,60,0.007133334741280761,0.531857071255823,0.5833333333333334,-0.5563444466935525,8,-0.22104148350552852,0.28419440208210855
F00387,60,0.007129993405086648,0.5315521693099035,0.6,-0.20080264756383703,2,-0.055594467834095655,0.21333981711124939
F02708,60,0.007128832184074734,0.5314462201227586,0.5166666666666667,-0.2604823969105887,5,-0.07528126552033436,0.13096811650670487
F02562,60,0.007126384776539661,0.5312229435633937,0.45,-0.5425069539352874,10,-0.13796170266418442,0.40071964786429937
F02535,60,0.007126227564095448,0.5312086021939284,0.5166666666666667,-0.5944939781577965,13,-0.16174576090087134,0.5450882236112626
F04656,60,0.0071261045882004305,0.5311973840726116,0.5333333333333333,-0.5291872807255058,7,-0.22104148350552852,0.28419440208210855
F02284,60,0.007107237170357521,0.5294772153332958,0.5333333333333333,-0.3134926121451561,4,-0.09564004965357946,0.15383924447708364
F00912,60,0.0071062033615951654,0.5293830164828908,0.48333333333333334,-0.38155019014958025,9,-0.10257853141668608,0.17653880570815214
F02110,60,0.007105536454757943,0.5293222521228378,0.5166666666666667,-0.37024900582630627,6,-0.13040957784892443,0.16393853600832395
F04264,60,0.007098399857630294,0.5286721588505241,0.5666666666666667,-0.4167332398495699,6,-0.1056353743378596,0.18751282638045969
F04332,60,0.007093527735775716,0.5282284992708621,0.55,-0.4144006882431662,5,-0.09395368545150207,0.2389424350807022
F04888,60,0.007089322579605286,0.5278456759604762,0.5833333333333334,-0.37525147926545843,5,-0.12477707584581722,0.36938677865851294
F00026,60,0.007088451074500039,0.5277663488569735,0.5,-0.49828605747190835,8,-0.1103566020788888,0.27213482082807705
F02397,60,0.00708727726916737,0.5276595118481593,0.55,-0.5468701601231482,10,-0.1590306540014526,0.5940868596487011
F02654,60,0.007084853830087673,0.5274389593472018,0.5333333333333333,-0.41751865832614654,13,-0.10608482099638648,0.1998245299574142
F03452,60,0.007084796206435044,0.5274337155112045,0.6166666666666667,-0.5227093649657826,8,-0.22104148350552852,0.28419440208210855
F02667,60,0.00708422219781641,0.5273814808605419,0.5333333333333333,-0.5485468204757076,10,-0.13629575822273152,0.3259978342501743
F04654,60,0.00707846655313331,0.5268578156344783,0.5333333333333333,-0.5539997855530636,7,-0.1864228168228515,0.5032666458024827
F00958,60,0.00707269348682523,0.5263327426889994,0.5666666666666667,-0.4657221588811674,8,-0.13917005713975314,0.2790613254264112
F01715,60,0.007070251499844741,0.526110692100233,0.45,-0.6575232089236064,13,-0.14495360559860299,0.45652582199451763
F04155,60,0.007057798650300327,0.5249788447818637,0.5166666666666667,-0.5519050745781245,10,-0.11836492541268592,0.2880978449463717
F04685,60,0.007051112309915131,0.5243714597380089,0.5,-0.3817921716679489,6,-0.10666149788899994,0.3243818878804159
F03683,60,0.00704460082110909,0.5237801867926202,0.5166666666666667,-0.34360728810045904,9,-0.1145770636366672,0.31578855349257684
F00404,60,0.007033392385754937,0.522762937792967,0.55,-0.3909467863962045,7,-0.11761078028602756,0.2891208943387968
F03294,60,0.007023142051220225,0.5218332281928311,0.5,-0.24304182897557214,3,-0.05036590374888237,0.1834848667160096
F01173,60,0.007021238350229117,0.5216606231903349,0.5,-0.5478401065888967,11,-0.10989150325953956,0.38399848568161554
F04424,60,0.007016283919114968,0.5212115044404793,0.48333333333333334,-0.4025529133261565,9,-0.12998308611093295,0.4107781655353061
F03664,60,0.007010769251940648,0.5207117536304562,0.5833333333333334,-0.20430496191881098,4,-0.07645123204283864,0.11697075415272133
F02272,60,0.007003795379637183,0.520079997730291,0.5166666666666667,-0.3036767057148544,7,-0.09512960334198343,0.21126328246776777
F03926,60,0.007002777191240493,0.5199877826864963,0.5666666666666667,-0.4115297853645441,5,-0.10521081853593975,0.31155034089554406
F01748,60,0.007002184194574059,0.5199340788407414,0.55,-0.33790860039524717,6,-0.08375685481460955,0.1764755311447361
F03615,60,0.007000681397289415,0.5197979886343562,0.48333333333333334,-0.35851474168017095,6,-0.07936944933500618,0.19574980394220715
F03184,60,0.006993435674483694,0.5191419991382784,0.48333333333333334,-0.5146207167914367,8,-0.14879344034354702,0.2944877430572683
F03118,60,0.006992483456661896,0.5190558110649812,0.5,-0.6243755101424182,11,-0.22104148350552852,0.329638162337486
F04352,60,0.006991828098472384,0.5189964954353343,0.48333333333333334,-0.3982130049675814,9,-0.12998308611093295,0.4107781655353061
F01259,60,0.006989459773550632,0.5187821603689065,0.5,-0.6001992142555939,14,-0.15584904802780358,0.5203606237739052
F00389,60,0.0069884423686841545,0.5186900936471575,0.4666666666666667,-0.5647563905087081,11,-0.11522391579517591,0.38429975033835023
F02682,60,0.006976362016145569,0.5175973410541659,0.48333333333333334,-0.4910195609653091,5,-0.11573103871357109,0.4035631204019637
F03570,60,0.006974240767835428,0.5174055390890127,0.55,-0.486007084622312,8,-0.1233369107817133,0.48868301529142694
F04884,60,0.006972676960666137,0.5172641558723992,0.4166666666666667,-0.5936031749070627,10,-0.11267674554501737,0.45822656880638707
F02832,60,0.006961748481002716,0.5162764776581008,0.5166666666666667,-0.4199330408933992,5,-0.14640432361683636,0.3489845148318658
F03864,60,0.006943722082648586,0.5146486954181142,0.5833333333333334,-0.3806633703110529,10,-0.08806602869488775,0.14329333969153982
F02463,60,0.006940555479834217,0.5143629289474321,0.45,-0.37743647322265916,8,-0.09630284168775216,0.22222957622641107
F04226,60,0.006938976655305995,0.5142204695299111,0.5,-0.0758817651714373,1,-0.023657362821955366,0.256104043021641
F04084,60,0.0069389525378165,0.5142182934792481,0.4666666666666667,-0.4232697091979605,5,-0.08112416495068112,0.3351219394657613
F04032,60,0.006938192515276664,0.5141497204397829,0.5,-0.3632916457152209,6,-0.08831463615508386,0.2029042142322099
F01806,60,0.006936968069449654,0.5140392512283634,0.38333333333333336,-0.5476920747224465,11,-0.09539941650698996,0.2760835805448413
F04338,60,0.006929449499967751,0.5133611013971264,0.5666666666666667,-0.629418133792202,8,-0.1333214315567932,0.24019125814591152
F03878,60,0.0069281907924779685,0.5132475993810266,0.5333333333333333,-0.3117463236109078,4,-0.04890596285347346,0.1430092697525901
F04823,60,0.006925458791349309,0.5130012741729866,0.5833333333333334,-0.5465184677733755,7,-0.22104148350552852,0.28419440208210855
F02415,60,0.006923495231418595,0.5128242582228855,0.55,-0.2866595624480761,4,-0.0805706926277069,0.17335567030363735
F00132,60,0.006915117755621327,0.5120692531844999,0.5166666666666667,-0.567480323222394,10,-0.12952994950214325,0.5314278555262612
F02610,60,0.006907617694841946,0.511393637957658,0.5166666666666667,-0.42391849560630723,7,-0.11281223618231917,0.25882358269180905
F01088,60,0.00690586419584134,0.5112357233064648,0.5666666666666667,-0.4539781313842277,5,-0.11841064021810288,0.23964577979578924
F01395,60,0.006904745984025536,0.511135029110038,0.5166666666666667,-0.3824212706891661,10,-0.1209984198488091,0.4047723285583643
F02134,60,0.006899312430136368,0.5106458352694776,0.5,-0.317915457886777,4,-0.0914365439317953,0.2529265178372939
F00689,60,0.006895658522588198,0.5103169541612822,0.5666666666666667,-0.3678663867802513,6,-0.08124335390780991,0.13496117169026803
F02688,60,0.00689373163494408,0.5101435471096365,0.5666666666666667,-0.2874432012067454,1,-0.08908956883754694,0.268617452153186
F02583,60,0.00689117749968503,0.5099137221256731,0.5166666666666667,-0.39608016725675277,6,-0.0961036423268749,0.2053384332659128
F00363,60,0.006885539739027332,0.5094065495657261,0.4666666666666667,-0.35820993235084453,4,-0.07702216138703762,0.23981851891856956
F01108,60,0.006880365546168907,0.5089412269576268,0.45,-0.17538996861091627,4,-0.06486468346857863,0.22484030773413902
F02133,60,0.006873211666127401,0.5082981005655081,0.5,-0.4546643922240946,9,-0.1410366629607826,0.2653108624150359
F03300,60,0.006871590407368225,0.5081523885536909,0.5,-0.6817606449469569,13,-0.1635505488584538,0.2703128539551006
F02085,60,0.006868062413784235,0.5078353549583758,0.48333333333333334,-0.5221982542025628,7,-0.22104148350552852,0.28419440208210855
F04821,60,0.006866922515136377,0.5077329350598081,0.48333333333333334,-0.6309783158259705,10,-0.22104148350552852,0.28419440208210855
F01853,60,0.006865662782465843,0.5076197560312492,0.48333333333333334,-0.3921384019562495,9,-0.14387792649075978,0.4490679210811845
F00431,60,0.00686060266010763,0.5071652201489081,0.5166666666666667,-0.382346045787024,8,-0.1067495856426135,0.16175572100120927
F01086,60,0.00685443924869936,0.5066117610894232,0.6,-0.52705000150373,10,-0.22104148350552852,0.34848288250554577
F04936,60,0.006850724443861559,0.5062782773606225,0.6,-0.523979784836752,7,-0.22104148350552852,0.28419440208210855
F03698,60,0.00684575468804864,0.5058322482641942,0.5,-0.34150834166303834,4,-0.09301761411448088,0.2179954888902916
F03794,60,0.006839726502595798,0.5052914007956368,0.55,-0.4833025952561374,8,-0.12449179218168933,0.30479909203461053
F01961,60,0.006839027047047929,0.5052286581674055,0.48333333333333334,-0.2691937745026941,2,-0.06945124185888647,0.2689567586133554
F01143,60,0.0068323052436944556,0.5046258294119907,0.48333333333333334,-0.5133908902252069,7,-0.14164591968942905,0.40000542050437987
F00195,60,0.006830334423224855,0.5044491261333002,0.55,-0.3688370388274157,5,-0.11747515028404643,0.31296090348228833
F01514,60,0.0068292603491443135,0.504352833506513,0.55,-0.4379447212097921,4,-0.22104148350552852,0.2841944020821086
F03951,60,0.006824466312467881,0.5039231135918867,0.5333333333333333,-0.2365035623488404,3,-0.07946943790999936,0.21993430934465538
F01306,60,0.006823046847646696,0.5037959011189095,0.6166666666666667,-0.5791822473794025,8,-0.22104148350552852,0.3083198025640214
F00144,60,0.006820062306459626,0.5035284609745134,0.4666666666666667,-0.5573485633680417,15,-0.19190972687028324,0.5240015157018149
F03914,60,0.006813932532516772,0.5029793280254389,0.5,-0.46472492105037955,9,-0.1388899508938814,0.21940866025274733
F01564,60,0.006805054576307924,0.5021843500951515,0.4666666666666667,-0.4752078287302032,9,-0.16367139946225653,0.43187263947559984
F04481,60,0.006804487233292712,0.5021335613375424,0.5333333333333333,-0.6155297552690324,13,-0.14531035136455805,0.39389259320582765
F00353,60,0.00680373823008308,0.5020665128778914,0.5166666666666667,-0.2930296980121617,6,-0.09001027816384488,0.12111729780360944
F04167,60,0.006788392301573933,0.500693440278082,0.5333333333333333,-0.39112418525024906,6,-0.08205524037692902,0.13598059494616202
F00593,60,0.006787595481146455,0.5006221787133251,0.5666666666666667,-0.5006959507958628,9,-0.14064279935357332,0.3485506746247637
F01942,60,0.006784759631830223,0.5003685888910048,0.5,-0.35017145936730254,9,-0.12391836640405457,0.3572526588851531
F00464,60,0.006783818089719643,0.5002844027992639,0.5666666666666667,-0.5047923012299586,10,-0.13611826611511194,0.2466212655236229
F02726,60,0.006783818089719643,0.5002844027992639,0.5666666666666667,-0.5047923012299586,10,-0.13611826611511194,0.2466212655236229
F04341,60,0.006777521301621477,0.4997215075672279,0.55,-0.39757536226019874,6,-0.0919844559954311,0.16138880598607336
F02624,60,0.006777059974804226,0.4996802758720613,0.48333333333333334,-0.41542168728345974,8,-0.1354096008600367,0.4107781655353061
F01604,60,0.006775744905368027,0.4995627459175014,0.55,-0.2318153509604053,5,-0.07620406479910095,0.139321756096979
F03322,60,0.006765833290406918,0.4986772196520084,0.5,-0.7294998355271144,11,-0.22104148350552852,0.44095025185966785
F04322,60,0.00676300771171594,0.49842487021631254,0.5,-0.22123737216670036,4,-0.06717541366258097,0.23234567949291904
F01414,60,0.006761815420534335,0.4983184004911996,0.4666666666666667,-0.10958702405459242,1,-0.0364337257296342,0.23686850157903197
F04140,60,0.006759877055576083,0.4981453234303568,0.5333333333333333,-0.4300886579237896,6,-0.10650789978792222,0.18472518768458873
F04666,60,0.006749043154441109,0.49717832381663696,0.5333333333333333,-0.24116634929220537,3,-0.06189835744780595,0.2482679276973472
F00813,60,0.006738244179252079,0.49621505238536967,0.5333333333333333,-0.2369182830341111,4,-0.05473594015839659,0.12426965745741987
F03838,60,0.006736448959934034,0.4960549774370566,0.5333333333333333,-0.10452491851787304,2,-0.050958065948637825,0.10139250384196462
F01826,60,0.006731582383250302,0.49562112239220735,0.4666666666666667,-0.5585613198209468,9,-0.15426178676805571,0.28221532197210564
F01326,60,0.006730420819280557,0.49551758731838613,0.5333333333333333,-0.3595172609259084,5,-0.11322656290721958,0.14481856656751155
F03882,60,0.006728555099590541,0.4953513026399532,0.5833333333333334,-0.2744216937932865,4,-0.10023480276043079,0.1951195773235448
F02393,60,0.006720356218531599,0.49462078224180206,0.5166666666666667,-0.35296573226554084,6,-0.11503759300343569,0.2589318776611748
F00608,60,0.00671720089418495,0.49433973633101247,0.5333333333333333,-0.17134887242210362,1,-0.03727021718851619,0.09034600705995131
F04305,60,0.0067137928429410855,0.4940362383182888,0.5333333333333333,-0.6276363693748725,12,-0.1966106475231325,0.3005038224224744
F00344,60,0.006697489111410473,0.4925851765207161,0.45,-0.21048342479302007,3,-0.060210813041205846,0.39242687253359
F00850,60,0.006697151868000761,0.4925551758773141,0.55,-0.23352415417433947,4,-0.08211738388998896,0.11319639885382143
F02027,60,0.0066952391171255345,0.4923850317857572,0.5333333333333333,-0.31551989567997796,4,-0.08469875716356311,0.23350760950552804
F00651,60,0.006687174440779314,0.49166786786666017,0.5166666666666667,-0.1872545362941639,3,-0.056143735226623595,0.24325829349592987
F02007,60,0.0066863321262696975,0.4915929832843742,0.5333333333333333,-0.6069622248993753,15,-0.16521398686789504,0.42810489435025045
F01767,60,0.006683204832434669,0.4913149887231265,0.4666666666666667,-0.4801385115351835,10,-0.13772827354407483,0.5250516893740613
F00863,60,0.006682896379931011,0.4912875722122352,0.5,-0.2166468447120269,5,-0.08190421760782447,0.14567893700254061
F01732,60,0.0066809558507048596,0.49111510146266424,0.5,-0.4967421827052737,7,-0.1478547171380004,0.3722319922569515
F04216,60,0.006680547950333533,0.4910788505057031,0.48333333333333334,-0.18665623830501887,3,-0.056112387368264044,0.23332810930523784
F01742,60,0.0066724864805200075,0.4903625886493097,0.5,-0.4265698079694361,7,-0.12343612893644294,0.1988216485353654
F00620,60,0.006670924191299112,0.49022381834353457,0.5,-0.46192096908615365,7,-0.1209035065359248,0.3080806065456331
F04922,60,0.006663519883268569,0.48956630363295606,0.5333333333333333,-0.5043634178176686,9,-0.1630655985924118,0.37447103321013886
F01529,60,0.006663068564597757,0.48952623501937653,0.48333333333333334,-0.6105160693975633,13,-0.22104148350552852,0.3228284527465932
F03942,60,0.006662241797333362,0.48945283637790515,0.48333333333333334,-0.574541288578218,8,-0.11083903950794693,0.24398907368584136
F02232,60,0.006661256572411315,0.489365374846517,0.4666666666666667,-0.3137888152977526,4,-0.04424363667299489,0.2571861097153333
F02732,60,0.006656136504026888,0.4889109314997204,0.5166666666666667,-0.24553985766581454,5,-0.07194114991932442,0.16530768606107607
F03898,60,0.0066547168946221626,0.4887849549747787,0.5666666666666667,-0.521505393965564,10,-0.1695572052272809,0.4036181843824926
F02884,60,0.006646339221969469,0.48804173143365603,0.5166666666666667,-0.4370319247572011,8,-0.12613130462840896,0.2769008247593142
F02430,60,0.006643903945379624,0.4878257548122351,0.5,-0.4962318899385144,10,-0.1431729798989804,0.1958930519020745
F00976,60,0.006643654651877362,0.48780364753584626,0.4,-0.600978626139149,9,-0.11673241602142759,0.44857167075771454
F03806,60,0.006637268344387604,0.48723742173148854,0.5666666666666667,-0.2851186335583136,4,-0.08050397600619133,0.17039047397498455
F03255,60,0.006635047761242855,0.4870405889963654,0.4666666666666667,-0.651573369034125,14,-0.12765832255493412,0.48766331763885923
F02158,60,0.006625383043639849,0.48618420568569043,0.5,-0.25415779953253914,3,-0.05175314923601895,0.43538581800276227
F04355,60,0.00662473924676102,0.48612717656339455,0.5,-0.34524724917280214,5,-0.08054741448897182,0.14020040652650306
F01847,60,0.006622447348007517,0.48592417196021187,0.5166666666666667,-0.5538879665530942,8,-0.22104148350552852,0.28419440208210855
F01191,60,0.006620034765139745,0.48571050723871756,0.43333333333333335,-0.5011204334755768,10,-0.10441821649953038,0.3431458549203784
F00927,60,0.006616496300421693,0.48539718609005456,0.5,-0.28772629737953437,6,-0.09058045045246896,0.12977591702983085
F02223,60,0.0066138348194403635,0.48516156221313156,0.5833333333333334,-0.5616612963500017,8,-0.22104148350552852,0.28419440208210855
F01830,60,0.006609408212890297,0.4847697511993907,0.4666666666666667,-0.2096615250402799,2,-0.042322650369437505,0.29305782278610537
F01265,60,0.006608814263034932,0.4847171868131528,0.4666666666666667,-0.6158877656347411,6,-0.22104148350552852,0.36010228557088736
F02058,60,0.006608067589277564,0.4846511090029968,0.55,-0.48891224972445024,13,-0.12856680571914117,0.2516957619929011
F01865,60,0.006600361680952,0.4839693340932576,0.5333333333333333,-0.2756782562191793,3,-0.08758461619117842,0.29323217386377054
F03759,60,0.006597825115343227,0.483744980561581,0.5166666666666667,-0.35312057815125575,8,-0.11420874134065921,0.2968280387415204
F00405,60,0.006594086467099617,0.48341436632740953,0.4666666666666667,-0.5742605474374409,11,-0.13428839166586562,0.43507920896689717
F00023,60,0.0065898745018137935,0.4830419827397925,0.55,-0.3605769775268134,8,-0.10789965438336141,0.16581049106584483
F04847,60,0.0065874497273575834,0.48282764797190425,0.55,-0.3256444093792563,6,-0.10033870566155934,0.24442343562107655
F02097,60,0.0065815370408329275,0.4823051314649671,0.55,-0.28594117773516314,4,-0.13106970801820217,0.1266670991503868
F03620,60,0.006580661214563102,0.48222774825832415,0.55,-0.21904242800522866,2,-0.046637534458412365,0.23798083288845376
F02404,60,0.0065775435332433435,0.48195231926988336,0.4666666666666667,-0.31746717881679476,6,-0.07544678339894666,0.21460340061581606
F04914,60,0.006575185857362316,0.48174406575671114,0.4666666666666667,-0.7155068490795707,12,-0.22104148350552852,0.4389889094125536
F04722,60,0.0065674928320703825,0.48106474094996554,0.48333333333333334,-0.527276630173551,6,-0.11197873727246019,0.2630839497864216
F03599,60,0.006564812295185671,0.4808281108089483,0.5666666666666667,-0.5103750558718507,8,-0.22104148350552852,0.28419440208210855
F01275,60,0.006559673565295008,0.4803745823526715,0.48333333333333334,-0.280660198949482,5,-0.06074587029283318,0.16246240511319882
F00894,60,0.006554434856277588,0.47991237064503145,0.5,-0.4149467427435962,11,-0.13870994827805547,0.39648495588350735
F01761,60,0.00654773980138214,0.479321871990086,0.5333333333333333,-0.4408899950482629,8,-0.11359971057507762,0.16997847996124826
F00736,60,0.006543022570880058,0.47890595505161326,0.5333333333333333,-0.3790308208455184,4,-0.105278013491648,0.17510921420823694
F03784,60,0.006542931016541281,0.4788978838679401,0.5666666666666667,-0.5253974908318062,11,-0.14682229024716445,0.20092563250060635
F04372,60,0.006541052096814419,0.4787322529360085,0.5333333333333333,-0.5093333681811474,7,-0.14550525828119096,0.25130908161435855
F01246,60,0.006539190441413643,0.4785681618828952,0.5166666666666667,-0.5473252145717092,7,-0.13297595457915506,0.31882943654909146
F04119,60,0.00652932988303793,0.47769932566588946,0.48333333333333334,-0.5862371850755852,9,-0.1533637035656353,0.345028473425408
F02470,60,0.006522977977955542,0.47713991074956885,0.48333333333333334,-0.4900121610518047,9,-0.11964812371295726,0.5468803250543548
F04163,60,0.006519491869598707,0.4768329762556025,0.4666666666666667,-0.6195744828708918,6,-0.22104148350552852,0.3843825812482988
F01683,60,0.006518083989050411,0.4767090371578928,0.5,-0.601977814166975,10,-0.22104148350552852,0.3589654862501431
F01871,60,0.006514681701229105,0.4764095678317659,0.48333333333333334,-0.37825067306753823,10,-0.1310353043213512,0.32033885355151026
F02734,60,0.006512399737969661,0.47620874291820225,0.45,-0.2754630963514384,5,-0.06373080520277451,0.12053493433800773
F03303,60,0.006499573976678783,0.47508050731678564,0.5666666666666667,-0.1948496895346825,1,-0.05160255027788378,0.0702612302350065
F02367,60,0.006499443252316754,0.475069012336095,0.6166666666666667,-0.43950150796901444,5,-0.22104148350552852,0.28419440208210855
F01286,60,0.006498813916057342,0.47501367416589857,0.5333333333333333,-0.34696975502484206,6,-0.08375685481460955,0.1764755311447361
F01973,60,0.006497076686917241,0.47486092845572747,0.4666666666666667,-0.263329168362302,5,-0.07545153316905402,0.21746768075367462
F04844,60,0.006491970403612278,0.4744120490163022,0.5,-0.3580617532745355,3,-0.09419977011159046,0.24835748013772974
F02915,60,0.006478549414479833,0.47323288693263055,0.5333333333333333,-0.6305966089948082,11,-0.1283000544809592,0.3587115073780027
F04750,60,0.006470849717842162,0.47255681370401525,0.5,-0.20451383322145456,4,-0.06300708821507335,0.12708233425381965
F03635,60,0.006466107434048854,0.4721405684600972,0.48333333333333334,-0.33752295763223295,6,-0.1332082249047616,0.2969984854463395
F03989,60,0.0064658305465694265,0.4721162687456657,0.5,-0.2655767827241713,5,-0.061853932043419636,0.35194156830270007
F04816,60,0.006464817157252323,0.4720273368091279,0.48333333333333334,-0.4434769353622866,6,-0.11884094772887428,0.34092366223176096
F02112,60,0.006462892093849964,0.47185841370214976,0.5333333333333333,-0.46745531638252424,7,-0.10208230599593962,0.17573212575338848
F00204,60,0.006459569414248622,0.4715668954925414,0.5,-0.37224004042697756,8,-0.09470063190876196,0.1957959054402545
F01360,60,0.006459261605786656,0.471539892520741,0.5333333333333333,-0.3472643930804977,5,-0.09966086912626992,0.21964595674942844
F02807,60,0.006458526624725432,0.47147541714491337,0.5166666666666667,-0.3805602546692337,10,-0.09641202283706292,0.1815188129440659
F00930,60,0.0064525198272793755,0.4709485817995236,0.5,-0.5075861073995325,10,-0.10601677289159323,0.32971751725807963
F00294,60,0.0064520107390667,0.4709039399672039,0.43333333333333335,-0.46245384915254084,11,-0.13573270186519057,0.49241581216911956
F04356,60,0.006446801991859961,0.4704472626228513,0.5166666666666667,-0.5428962536246447,8,-0.17773258015106988,0.38152718711162026
F04292,60,0.006445869376346759,0.4703655101980464,0.48333333333333334,-0.5673853204192959,8,-0.13747414404221153,0.5633175443724605
F02658,60,0.006435611856228554,0.4694666380067283,0.5666666666666667,-0.36596860419665,4,-0.12017680629011919,0.2553545253961836
F04887,60,0.006431504157143219,0.46910682959050587,0.5166666666666667,-0.49369345571156764,9,-0.16249833645297848,0.1910987390831772
F02850,60,0.0064300240765843,0.4689772051430283,0.5833333333333334,-0.5540102481434792,13,-0.1291030880299488,0.16668451260954997
F03304,60,0.006428817950060004,0.46887158172014365,0.5,-0.3755009095259233,5,-0.06637185233055191,0.22725962756742984
F03092,60,0.006427905372435544,0.46879167004873357,0.5666666666666667,-0.445226431408966,6,-0.11610861574604564,0.3045748872408722
F04990,60,0.0064278411963936445,0.4687860505071073,0.45,-0.4628509218019645,8,-0.14190390122074253,0.25920550623238975
F03513,60,0.006427666383253587,0.46877074319293954,0.48333333333333334,-0.4668026872694482,11,-0.11014370986519828,0.38697074442148405
F02765,60,0.006427643663476416,0.4687687537729601,0.5833333333333334,-0.3330080966667629,5,-0.09668138367235046,0.21729021461452402
F00947,60,0.006426087931325062,0.4686325349444005,0.55,-0.47566635514499633,8,-0.15306976450301862,0.1976615325791957
F02751,60,0.006424329245754456,0.46847856061463866,0.5166666666666667,-0.5314261145651303,9,-0.22104148350552852,0.28490818589060135
F04502,60,0.006423600944572356,0.46841480191110474,0.5333333333333333,-0.16297843694001946,1,-0.03727021718851619,0.09034600705995131
F02142,60,0.006411103854907619,0.4673211754759896,0.5166666666666667,-0.46574311303339044,10,-0.12970597237331435,0.22130275283030212
F03532,60,0.0063955372351665995,0.4659600530729793,0.55,-0.5221280508414687,10,-0.1262044984344092,0.29467657048000456
F00864,60,0.0063953178537277675,0.4659408795564626,0.5,-0.45373834197314034,6,-0.1086308695761798,0.34092477196328724
F02568,60,0.006394921772974115,0.4659062634836175,0.5166666666666667,-0.15927420823221927,3,-0.042479264154985305,0.0740924098912944
F03798,60,0.00638624674746032,0.46514829814881953,0.5166666666666667,-0.5472737989268665,7,-0.22104148350552852,0.28419440208210855
F04257,60,0.006385712972176291,0.4651016730454749,0.48333333333333334,-0.37132391147728194,8,-0.1498088786794157,0.2802651408590805
F04008,60,0.006384857948166987,0.46502699000729186,0.5,-0.7378603506789756,11,-0.22104148350552852,0.41105819220881507
F04791,60,0.006378259498391908,0.46445076686123676,0.48333333333333334,-0.6045869811176878,11,-0.15768368303055383,0.25752340057498546
F00051,60,0.006365592752902191,0.46334524183128045,0.45,-0.36729780224783004,10,-0.13786513891642052,0.4618307820555411
F03598,60,0.006363335657661851,0.4631483338040565,0.5,-0.3791277506827332,6,-0.08521464895951796,0.32213654192958596
F03573,60,0.006362075456592027,0.4630384057342585,0.48333333333333334,-0.5024006842161567,12,-0.1401688601935993,0.39783314807072984
F04910,60,0.006360063903285194,0.46286295360106977,0.55,-0.5596991843985835,10,-0.22104148350552852,0.3573241556930879
F01409,60,0.00635651308296804,0.46255329368589804,0.5333333333333333,-0.5158707807369457,10,-0.12708203453080055,0.39000174991941067
F03506,60,0.006356157393834708,0.46252227830222226,0.5166666666666667,-0.6270573335623756,7,-0.13948274147877188,0.47617506167607365
F00326,60,0.006352526087715441,0.4622056726488206,0.48333333333333334,-0.5116170259314957,10,-0.15369533761100473,0.392496411563287
F03802,60,0.0063507842684657695,0.4620538311489637,0.48333333333333334,-0.37613975166614355,3,-0.07594222029692707,0.2737206106922453
F01709,60,0.00634809153109805,0.4618191247442094,0.5,-0.4711640245334693,6,-0.13561250430955887,0.3797633100580641
F01355,60,0.0063456435124225035,0.4616057808470808,0.5,-0.5506290338639893,11,-0.14926460632679686,0.38741898375634237
F01842,60,0.006344417018527105,0.4614989038831534,0.55,-0.45237093867902345,7,-0.11583488382204217,0.2265609121283814
F04043,60,0.006343738726309782,0.46143980064148016,0.5166666666666667,-0.1655727894754203,3,-0.035569545493730675,0.2789725995008954
F02344,60,0.006342930627432762,0.4613693897168205,0.5333333333333333,-0.34985673693404484,8,-0.09486012229381817,0.2133018952023856
F03671,60,0.006341795823015676,0.46127051805653396,0.6166666666666667,-0.4366487596032056,3,-0.22104148350552852,0.28419440208210855
F01020,60,0.00633554358550888,0.4607258997504904,0.5333333333333333,-0.22537157623880866,3,-0.06603833520021231,0.2527585256851663
F03668,60,0.006330403957321102,0.46027834781565713,0.48333333333333334,-0.5341887936147729,9,-0.16271565343841785,0.3971856497577453
F00218,60,0.0063284782499252994,0.46011069452415376,0.55,-0.2438050546017776,3,-0.0644284233410034,0.1942078255981133
F01738,60,0.006325190646355491,0.4598245174373319,0.5,-0.5185859896760647,8,-0.09514619880041018,0.23239500322675036
F02188,60,0.006323730466195707,0.45969743035393207,0.48333333333333334,-0.5522646300156598,12,-0.15392994040019778,0.46740992614026705
F04018,60,0.0063175330877617945,0.45915816130035836,0.5166666666666667,-0.5482004802370599,10,-0.10704949046966462,0.21602502229730788
F01236,60,0.006315579442263479,0.45898820413921637,0.5333333333333333,-0.3073038403337498,3,-0.08940579090019446,0.2873974227175337
F04832,60,0.00631522397359125,0.4589572822769674,0.43333333333333335,-0.3189480357905158,4,-0.051885246033005976,0.28278590422691
F03212,60,0.0063135415006319974,0.45881093438988474,0.5166666666666667,-0.1904925861410397,2,-0.05713254534432278,0.29418543398893465
F01107,60,0.006307557609305049,0.4582905497603065,0.55,-0.5088667755184013,6,-0.10723287293426913,0.23759905121087713
F04232,60,0.006307154975266739,0.4582555415476579,0.55,-0.5139762011781205,8,-0.11911087871330071,0.41495443955270955
F03756,60,0.006306599325303465,0.45820723026800714,0.5166666666666667,-0.48143567229165274,8,-0.14526725258394885,0.48737220431263883
F02976,60,0.00630415894638927,0.45799506886843555,0.4166666666666667,-0.6988176080175996,9,-0.22104148350552852,0.3836089788923193
F04253,60,0.006300258369446985,0.4576560239590044,0.5333333333333333,-0.43067803046999664,9,-0.14376636580483373,0.24743067866793403
F00110,60,0.0062985779533274895,0.4575099831726277,0.48333333333333334,-0.5922210723118015,8,-0.13231609422235174,0.5091493825170103
F04334,60,0.00629101719497865,0.4568530744466912,0.5333333333333333,-0.412550578058136,4,-0.14041188660270687,0.3386208709138343
F00021,60,0.006290390188967129,0.45679861074802397,0.48333333333333334,-0.516946928298978,8,-0.15564209025252504,0.4053881563536218
F04422,60,0.006276793964240409,0.4556180925479978,0.6166666666666667,-0.35181208823152477,8,-0.07695814208140625,0.12679202076204182
F01277,60,0.006269490955070451,0.4549843832099114,0.5666666666666667,-0.402107321971104,7,-0.11121680261425085,0.1519852408091719
F04012,60,0.006268585051514681,0.4549057934960923,0.55,-0.5056686701959073,10,-0.14559162194736774,0.32664348090045564
F02080,60,0.006267390998187061,0.45480221234574314,0.55,-0.39706387967629375,6,-0.0952611494348054,0.2559904410998464
F04854,60,0.006265787846371493,0.4546631543248252,0.5166666666666667,-0.5150924785193353,10,-0.15083501452411044,0.4156743422009078
F00109,60,0.006259363972377538,0.4541060760661537,0.5666666666666667,-0.2426665778691861,5,-0.06733785445530566,0.11676096700931261
F00481,60,0.006259363972377538,0.4541060760661537,0.5666666666666667,-0.2426665778691861,5,-0.06733785445530566,0.11676096700931261
F01027,60,0.006259363972377538,0.4541060760661537,0.5666666666666667,-0.2426665778691861,5,-0.06733785445530566,0.11676096700931261
F01279,60,0.006259363972377538,0.4541060760661537,0.5666666666666667,-0.2426665778691861,5,-0.06733785445530566,0.11676096700931261
F01657,60,0.006259363972377538,0.4541060760661537,0.5666666666666667,-0.2426665778691861,5,-0.06733785445530566,0.11676096700931261
F01969,60,0.006259363972377538,0.4541060760661537,0.5666666666666667,-0.2426665778691861,5,-0.06733785445530566,0.11676096700931261
F02203,60,0.006259363972377538,0.4541060760661537,0.5666666666666667,-0.2426665778691861,5,-0.06733785445530566,0.11676096700931261
F02461,60,0.006259363972377538,0.4541060760661537,0.5666666666666667,-0.2426665778691861,5,-0.06733785445530566,0.11676096700931261
F03301,60,0.006259363972377538,0.4541060760661537,0.5666666666666667,-0.2426665778691861,5,-0.06733785445530566,0.11676096700931261
F03319,60,0.006259363972377538,0.4541060760661537,0.5666666666666667,-0.2426665778691861,5,-0.06733785445530566,0.11676096700931261
F03331,60,0.006259363972377538,0.4541060760661537,0.5666666666666667,-0.2426665778691861,5,-0.06733785445530566,0.11676096700931261
F03607,60,0.006259363972377538,0.4541060760661537,0.5666666666666667,-0.2426665778691861,5,-0.06733785445530566,0.11676096700931261
F04159,60,0.006259363972377538,0.4541060760661537,0.5666666666666667,-0.2426665778691861,5,-0.06733785445530566,0.11676096700931261
F04891,60,0.006259363972377538,0.4541060760661537,0.5666666666666667,-0.2426665778691861,5,-0.06733785445530566,0.11676096700931261
F04933,60,0.006259363972377538,0.4541060760661537,0.5666666666666667,-0.2426665778691861,5,-0.06733785445530566,0.11676096700931261
F01655,60,0.00625490650315499,0.4537196476929881,0.5166666666666667,-0.4451354347644355,8,-0.11884241424986948,0.320639604607815
F00630,60,0.006254695506332368,0.4537013583911027,0.43333333333333335,-0.3151588135864586,6,-0.05842165402695235,0.23480956280961138
F01976,60,0.006253170749921354,0.45356919852753497,0.4666666666666667,-0.17315406336007355,2,-0.06305657838264994,0.2769358845047284
F03946,60,0.006253120478681465,0.4535648414162061,0.5166666666666667,-0.17115084970153327,2,-0.05338347797760946,0.23643300018768632
F04949,60,0.006252664917713339,0.45352535759951174,0.5,-0.507455050301974,9,-0.15815544491651828,0.4188099212426396
F04911,60,0.00625232541396486,0.453495933236447,0.55,-0.6095537331500833,12,-0.17288881938389186,0.39978925215248284
F04682,60,0.006248168959465029,0.45313574602771234,0.45,-0.5773479738429306,10,-0.13375147960585024,0.5789111852796358
F02963,60,0.006246576862848182,0.45299780245106214,0.55,-0.49630060798275766,11,-0.13587159478000546,0.26315289086614974
F04638,60,0.0062464628500223445,0.45298792456413906,0.5333333333333333,-0.45428275682863617,7,-0.11292429380003915,0.3270470600987469
F03788,60,0.00623898076781531,0.45233983339413286,0.5333333333333333,-0.254827848955659,4,-0.0644284233410034,0.19762655828387102
F04290,60,0.006236412965479439,0.4521174782107251,0.5333333333333333,-0.15527561795005462,2,-0.05176512132746517,0.0993485302878512
F00974,60,0.006235265973055135,0.45201816685292795,0.5166666666666667,-0.5670461258869502,11,-0.12181328362212325,0.3735797873637012
F01491,60,0.006230188097931006,0.4515785836073949,0.5,-0.4191928530207458,11,-0.1414777082017573,0.3204255793200313
F02930,60,0.0062299274561984554,0.4515560238151861,0.43333333333333335,-0.31644867190910153,7,-0.0817464479706771,0.189746768401277
F03468,60,0.00621974370147782,0.4506748408434904,0.5166666666666667,-0.23126515250457513,4,-0.08147680147601397,0.2798825214586447
F01823,60,0.006219038157724002,0.4506138108304223,0.5166666666666667,-0.5365746835649583,8,-0.1292842157164558,0.30517859839819206
F01358,60,0.006211031778252838,0.44992143043766863,0.5,-0.5651741462097457,9,-0.17272913135757362,0.3854855112207411
F04541,60,0.006210682338790337,0.4498912188085755,0.5333333333333333,-0.4329598317405976,10,-0.14206463357150423,0.2361237215424365
F00076,60,0.0062099819828948825,0.4498306697189487,0.5,-0.3287095745269917,4,-0.0601286900365122,0.20695427535067168
F01437,60,0.006209053965676644,0.44975044205814774,0.5,-0.507935457744046,11,-0.15902756067806328,0.3538838614469483
F00755,60,0.0062056571761228045,0.44945682473752235,0.4666666666666667,-0.5328628472799605,9,-0.1207296660174119,0.1762996540557933
F00089,60,0.006205609495194381,0.44945270363066925,0.5166666666666667,-0.4265444430500487,8,-0.10358604405434871,0.32504052219127194
F03267,60,0.0062043476422951735,0.4493436447017456,0.5,-0.2922936145252255,5,-0.08527593977793681,0.2032660056486081
F03714,60,0.006202095272804476,0.4491489978476697,0.5333333333333333,-0.4999901594941758,8,-0.22104148350552852,0.4490253456322739
F03640,60,0.0062018239476065344,0.44912555201032767,0.6,-0.3481448783411232,7,-0.09145358709713915,0.13554854506033917
F04319,60,0.006199752547365411,0.44894656982244596,0.5333333333333333,-0.1931432246462258,2,-0.06308791705751642,0.22126367584564982
F04648,60,0.006197955178429001,0.44879128330095663,0.4,-0.41119517861355503,7,-0.1098786642905996,0.4024825553448228
F01006,60,0.0061976101603267745,0.4487614767905994,0.5166666666666667,-0.5244877413318676,8,-0.12131758660235128,0.25989378778034067
F02048,60,0.006197228546088983,0.44872850940036524,0.4666666666666667,-0.5405978355115857,8,-0.1262963993415962,0.3862345571941288
F01829,60,0.006183234638885362,0.4475200948108935,0.55,-0.1446794324087859,1,-0.06540633821610314,0.23370847446194817
F00443,60,0.00618023294173399,0.4472610186646908,0.5,-0.43720952068420216,9,-0.11687008441687648,0.15659820122750676
F04613,60,0.006171483160116972,0.4465060861315553,0.55,-0.4894589468371283,8,-0.11569656775988228,0.4225704649019778
F01394,60,0.006166436389510866,0.4460708260725643,0.55,-0.5226449258658947,8,-0.13357876903076862,0.23654845520647755
F03473,60,0.00616473548563482,0.44592416018934866,0.55,-0.3562389694444288,6,-0.1087195661810293,0.15284086713523362
F02559,60,0.006164062314476697,0.4458661178909211,0.45,-0.29762741844567786,2,-0.07467590516185713,0.5116223478055034
F02255,60,0.006163984583563246,0.4458594159080842,0.5166666666666667,-0.21379663269195037,2,-0.06326986339984954,0.23687256611126448
F02386,60,0.006155798309440322,0.4451537638706502,0.6,-0.17237730385098193,3,-0.05970520941565276,0.15128299268265663
F04464,60,0.006146329599078019,0.4443379889610388,0.5166666666666667,-0.39647349892497186,5,-0.10300835051413154,0.2854116010608629
F04020,60,0.006141629664723709,0.44393323520798766,0.5,-0.3608898251656032,5,-0.09392717505162336,0.2416320979979713
F04079,60,0.006139772512115384,0.4437733297861719,0.55,-0.4696911485002394,6,-0.22104148350552852,0.28419440208210855
F02111,60,0.006135854931703355,0.44343607355352854,0.5666666666666667,-0.7269022977235657,11,-0.15761990088963013,0.614973614380746
F00255,60,0.006133662982949944,0.44324740710924937,0.43333333333333335,-0.2866065793579179,4,-0.06407967236084013,0.37786010770823175
F00103,60,0.006132562884938917,0.44315272809493944,0.5666666666666667,-0.40317429198860366,4,-0.08560727868666963,0.16649434559869503
F00547,60,0.006132562884938917,0.44315272809493944,0.5666666666666667,-0.40317429198860366,4,-0.08560727868666963,0.16649434559869503
F00847,60,0.006132562884938917,0.44315272809493944,0.5666666666666667,-0.40317429198860366,4,-0.08560727868666963,0.16649434559869503
F01171,60,0.006132562884938917,0.44315272809493944,0.5666666666666667,-0.40317429198860366,4,-0.08560727868666963,0.16649434559869503
F01213,60,0.006132562884938917,0.44315272809493944,0.5666666666666667,-0.40317429198860366,4,-0.08560727868666963,0.16649434559869503
F02257,60,0.006132562884938917,0.44315272809493944,0.5666666666666667,-0.40317429198860366,4,-0.08560727868666963,0.16649434559869503
F02635,60,0.006132562884938917,0.44315272809493944,0.5666666666666667,-0.40317429198860366,4,-0.08560727868666963,0.16649434559869503
F04009,60,0.006132562884938917,0.44315272809493944,0.5666666666666667,-0.40317429198860366,4,-0.08560727868666963,0.16649434559869503
F04075,60,0.006132562884938917,0.44315272809493944,0.5666666666666667,-0.40317429198860366,4,-0.08560727868666963,0.16649434559869503
F04411,60,0.006132562884938917,0.44315272809493944,0.5666666666666667,-0.40317429198860366,4,-0.08560727868666963,0.16649434559869503
F04549,60,0.006132562884938917,0.44315272809493944,0.5666666666666667,-0.40317429198860366,4,-0.08560727868666963,0.16649434559869503
F04591,60,0.006132562884938917,0.44315272809493944,0.5666666666666667,-0.40317429198860366,4,-0.08560727868666963,0.16649434559869503
F04633,60,0.006132562884938917,0.44315272809493944,0.5666666666666667,-0.40317429198860366,4,-0.08560727868666963,0.16649434559869503
F00225,60,0.006130187136397856,0.44294828212227966,0.5166666666666667,-0.4228222343740575,5,-0.08318839148438087,0.3639388357511237
F03034,60,0.006129379748809612,0.4428788085509945,0.5666666666666667,-0.36017466110993857,5,-0.13119929033169722,0.2036534893695755
F03520,60,0.006128994256836221,0.4428456391441342,0.5333333333333333,-0.3730920741281759,4,-0.0783987845827797,0.29720423302884214
F02558,60,0.006124416374313524,0.4424517955293925,0.55,-0.4833671307099464,9,-0.1303569561749579,0.18429461491173318
F03362,60,0.0061151173947351315,0.4416521127220234,0.5,-0.5167377261627946,11,-0.12303084720273214,0.3851099617509511
F03245,60,0.006114720306656061,0.44161797411145276,0.5333333333333333,-0.6142407671443213,9,-0.16178533359118302,0.4467235684016418
F04470,60,0.0061105289881286,0.4412576849210619,0.5833333333333334,-0.2688438300880063,6,-0.06735789054546595,0.10187772560274527
F03497,60,0.006109200496659518,0.4411435051821371,0.43333333333333335,-0.5324956028496675,8,-0.16825493968267555,0.34500140508231875
F00911,60,0.006106473450896081,0.4409091518897079,0.4,-0.40182416299845725,8,-0.10909356919020308,0.278633376663638
F04696,60,0.0061047331592169515,0.4407596165678047,0.55,-0.6521391395219146,10,-0.22104148350552852,0.3717176210943376
F04391,60,0.0061043683303526625,0.4407282704233382,0.5,-0.48140614834620155,10,-0.15502183424993393,0.43151703867927077
F04700,60,0.006101240340713603,0.4404595406606451,0.5,-0.2311108110319331,4,-0.055284958634979384,0.24713396701387147
F02862,60,0.00610043886509152,0.44039069275370757,0.5166666666666667,-0.45903586596950896,6,-0.10380324036696405,0.2713775618588514
F03510,60,0.006098920829283135,0.44026030016607387,0.48333333333333334,-0.29607156774179244,5,-0.12705390747056794,0.19138114879968843
F04496,60,0.006098024250056736,0.44018329341299833,0.5166666666666667,-0.4904964197646938,9,-0.17818668652709568,0.4052971326286352
F04727,60,0.0060894742785440395,0.43944914389291223,0.48333333333333334,-0.6527697721908523,8,-0.22104148350552852,0.28419440208210855
F00429,60,0.006086346761938163,0.43918068934280674,0.5166666666666667,-0.5400990949508797,12,-0.10999434501771033,0.18759247733328302
F03021,60,0.006080142078062392,0.43864824775712496,0.45,-0.5401109850503749,10,-0.13744005764186643,0.5383747024495671
F01692,60,0.006075690385110737,0.43826635465989305,0.5333333333333333,-0.43048249919001147,6,-0.10950182754187276,0.2478814940338014
F03029,60,0.006073434902150365,0.4380729037642004,0.48333333333333334,-0.3335996117221407,4,-0.0758260099665038,0.26827892939955417
F00681,60,0.006073005619871048,0.438036087478914,0.5,-0.13596150179042654,4,-0.04617204061613004,0.0971260890446792
F01283,60,0.0060704026217006934,0.4378128679154356,0.5,-0.22866644969231453,2,-0.06701851444961507,0.3771486597808619
F02442,60,0.006069585074884321,0.4377427663906497,0.45,-0.5371023819417133,11,-0.11470589310615344,0.48012589456368526
F03450,60,0.006068945724289455,0.437687946854858,0.5833333333333334,-0.23090360436414548,4,-0.0627703802630148,0.11469059090759061
F04500,60,0.0060662143488215085,0.43745377496508575,0.5,-0.6145128363343746,9,-0.1619142279093086,0.48803196061218135
F02044,60,0.006065964065830559,0.4374323190657785,0.5666666666666667,-0.35409283392132895,7,-0.11050782977442053,0.2903693249842009
F01716,60,0.006061510439439344,0.43705057766091504,0.5833333333333334,-0.5275822839355914,8,-0.22104148350552852,0.28419440208210855
F02447,60,0.006051363161534113,0.43618117871383655,0.5166666666666667,-0.5713473624338771,8,-0.11841355959281635,0.35190919208899013
F00741,60,0.006051262031820397,0.4361725167210553,0.5166666666666667,-0.30282712652162136,6,-0.086580686778393,0.12371914239677213
F02376,60,0.006039049428213082,0.4351268567125708,0.5,-0.6393140169751088,9,-0.22104148350552852,0.3132388881528231
F04340,60,0.006038333655694407,0.43506559450972926,0.5333333333333333,-0.17020663541743797,1,-0.05285066535445976,0.14485328837368713
F04120,60,0.006037962127789984,0.43503379684834176,0.45,-0.3581451577071566,5,-0.08016693502507112,0.19215630174385187
F00086,60,0.006037407420099889,0.4349863228146651,0.5,-0.17083751578026918,2,-0.059309200066484574,0.2769358845047285
F01034,60,0.006036131384811545,0.4348771206323123,0.4666666666666667,-0.2120526490764718,3,-0.06136723420062285,0.2675057436782078
F04064,60,0.006030261036428209,0.4343748457014225,0.5,-0.4016642345023448,7,-0.15369026573025035,0.3369681312030247
F01095,60,0.00602346721173173,0.43379377271355946,0.5666666666666667,-0.5614194359471815,10,-0.16932387556202028,0.3959571760230042
F02525,60,0.006021154494159179,0.4335960197608182,0.55,-0.15677485186667306,2,-0.07074078079966387,0.1417393465180646
F01100,60,0.006020647093911893,0.4335526372047578,0.5333333333333333,-0.47853931317932663,4,-0.1394496615790762,0.3305724445420369
F03268,60,0.006015157943159401,0.4330833991173648,0.5333333333333333,-0.3727936425085423,6,-0.08345834175214407,0.26632566332975716
F00339,60,0.0060086034850166375,0.4325232914518029,0.45,-0.5501413122246408,7,-0.09665357831395974,0.385214043133879
F03020,60,0.006006275077043247,0.4323243704339068,0.5166666666666667,-0.5172044242441703,11,-0.12303084720273214,0.3851099617509511
F03939,60,0.006005995221619979,0.43230046359773344,0.5833333333333334,-0.4004721266398765,5,-0.09487179397250355,0.18004301613529666
F02518,60,0.006004918430601237,0.43220848166612424,0.5,-0.129039995435013,3,-0.03320401765761448,0.10964104911927842
F00765,60,0.0060047751910214725,0.4321962462540143,0.55,-0.16101340732247316,3,-0.05143924109157061,0.1117384335652454
F01433,60,0.006004638544322997,0.43218457409642963,0.5333333333333333,-0.5792368195268625,12,-0.1270759790523516,0.26349957606264257
F01492,60,0.006000326493019485,0.43181629313829917,0.5333333333333333,-0.44001109825648,5,-0.10330091372616633,0.23382685965282257
F00348,60,0.005999780213245283,0.4317696434664573,0.48333333333333334,-0.572323860731903,7,-0.22104148350552852,0.29902278893940226
F02932,60,0.00599670772111416,0.431507295220082,0.48333333333333334,-0.6113658783205786,8,-0.22104148350552852,0.3030192732809075
F03045,60,0.005990462012236291,0.4309741439415986,0.48333333333333334,-0.40344225726150285,7,-0.11946367654148173,0.27149893957424626
F00476,60,0.005987492925643137,0.43072076283655014,0.5333333333333333,-0.5806955345030882,11,-0.11981639219762732,0.3851775913994955
F04448,60,0.005984568620242569,0.43047124647247514,0.48333333333333334,-0.4057665836022908,5,-0.10570620861172253,0.24335874257977932
F04221,60,0.0059769463524792215,0.42982107756702725,0.45,-0.6342306857993918,14,-0.22340227157712295,0.5020039803085046
F04518,60,0.005971375251695707,0.4293460541900225,0.4666666666666667,-0.670432427110647,9,-0.22104148350552852,0.3384282483375501
F04421,60,0.005967816066555288,0.42904265929696783,0.48333333333333334,-0.604942718594476,11,-0.1570774528381129,0.4715067981525858
F03423,60,0.005962646786790887,0.42860212820915056,0.5666666666666667,-0.34406342111692234,3,-0.09462248961478381,0.12599913991797543
F00785,60,0.00595610621685946,0.42804492580041376,0.43333333333333335,-0.5038435664822583,9,-0.11324037044656567,0.363186934250613
F02488,60,0.005945432180178652,0.4271360451776649,0.48333333333333334,-0.33293227797727987,6,-0.09572985956126971,0.27692615430682477
F00965,60,0.005943729369338718,0.42699110562315234,0.5,-0.611427199007672,8,-0.1466019568138546,0.49165418324382215
F00304,60,0.005943456044729223,0.42696784217516415,0.5166666666666667,-0.2164429036121911,3,-0.059935460693256545,0.12287328902103342
F01966,60,0.005941344044813171,0.42678809632805725,0.45,-0.3537415213253513,4,-0.07284083098518135,0.414998353170829
F02082,60,0.005936254522080879,0.4263550340964479,0.4666666666666667,-0.4770457638020448,6,-0.10261161573582306,0.208787147896915
F02356,60,0.005934563039483418,0.4262111362083034,0.6166666666666667,-0.4554187587259323,6,-0.1119732264507157,0.16106857541538339
F02712,60,0.0059285829803264615,0.4257025147686302,0.5333333333333333,-0.4310851648151832,7,-0.10478631125299011,0.17483038332390552
F01302,60,0.00592782452471665,0.42563801865803397,0.5,-0.5718060132577316,8,-0.11552702408110611,0.2770553722451371
F04503,60,0.005926750137430138,0.4255466618588972,0.5333333333333333,-0.5349666394080491,6,-0.15549470743593963,0.3545992497723653
F04403,60,0.005923971891401148,0.42531045002631496,0.4666666666666667,-0.6916554886089972,10,-0.14781370634793145,0.5193168166109207
F00646,60,0.005923371060079386,0.42525937125119895,0.5166666666666667,-0.49984940702831293,6,-0.22104148350552852,0.28419440208210855
F03274,60,0.0059192677532379995,0.42491058288411954,0.45,-0.5542538105701169,9,-0.1623279884665495,0.3103847241601098
F00194,60,0.00591922900661896,0.4249072897527595,0.5,-0.48338860459256905,10,-0.13049648750957288,0.44234703686548554
F03646,60,0.005917664405667474,0.4247743183006458,0.5333333333333333,-0.5181668362908574,8,-0.14543610221740688,0.33946378194824395
F04460,60,0.005916370498129567,0.4246643616107513,0.5166666666666667,-0.26421802449364007,6,-0.07442737647522021,0.14840294184809585
F04996,60,0.005905521092776016,0.42374270382635904,0.5,-0.1864293164971812,2,-0.04254220667969388,0.215590364820543
F00814,60,0.005905200753776261,0.42371549991787294,0.5166666666666667,-0.3665683877393845,8,-0.11633019334718585,0.3856447019008392
F01808,60,0.005904931936812487,0.42369267177101455,0.4666666666666667,-0.24446619732735708,3,-0.05733548575503527,0.23020250096349804
F02217,60,0.005903733385636668,0.4235908942474367,0.4666666666666667,-0.318115067519088,4,-0.08564444329567746,0.1739332082595838
F02888,60,0.005902996869773775,0.42352835498482966,0.43333333333333335,-0.6822280521140907,9,-0.22104148350552852,0.508555054815682
F02472,60,0.005902532008985947,0.42348888397261986,0.48333333333333334,-0.555604189566877,7,-0.1332267749028171,0.31955593566471024
F00315,60,0.00590028933788454,0.42329847541969023,0.5166666666666667,-0.5287440798369429,12,-0.16682455441617977,0.45680009169064395
F03941,60,0.005898370486847515,0.42313557990607786,0.5166666666666667,-0.30905966392184736,3,-0.07111028658309027,0.15834279916594468
F00075,60,0.005898172625543465,0.42311878406450965,0.5666666666666667,-0.26656432235520733,3,-0.07430347670129044,0.22315223727887182
F03243,60,0.005895998084240126,0.42293420673960824,0.4666666666666667,-0.4466034118971226,9,-0.10142804564613733,0.4057938978521849
F02848,60,0.005891987069327758,0.4225938093815571,0.5333333333333333,-0.31001399575312205,4,-0.10214896323254452,0.14154565734866006
F00224,60,0.005887167600287686,0.42218490795235564,0.5666666666666667,-0.531841224417692,5,-0.1415348754457354,0.2810940284385174
F01211,60,0.005886709460597,0.42214604371665243,0.5,-0.2990117800548826,3,-0.07207895252298169,0.2548808326236575
F01930,60,0.005883831773935358,0.4219019518942251,0.5666666666666667,-0.5872330285211877,6,-0.22104148350552852,0.28419440208210855
F01580,60,0.005881900286630659,0.42173814192430426,0.48333333333333334,-0.22313572505748225,3,-0.060210813041205846,0.3888116135196724
F04671,60,0.005870996872680796,0.4208137683860753,0.4666666666666667,-0.5934535075288923,11,-0.1325198420746648,0.4852899165258246
F01894,60,0.005867070681778297,0.4204810571044988,0.55,-0.36030124913428896,5,-0.09561459479750165,0.22511615315775305
F00797,60,0.005866048920822434,0.4203944841188685,0.48333333333333334,-0.2396965332404669,7,-0.0739878018017102,0.2698941627223817
F01832,60,0.005864219344662846,0.4202394785621173,0.45,-0.5488887594171683,8,-0.13041641867651213,0.3862345571941288
F02739,60,0.0058578677817433065,0.41970148983151967,0.55,-0.4574713632716948,7,-0.08318168281707715,0.16408534283082485
F04260,60,0.005856844634367959,0.4196148461626703,0.5,-0.6275968063166049,13,-0.13663448060826255,0.531996796829131
F00634,60,0.005855483158892429,0.4194995597597273,0.5,-0.6815409727655952,10,-0.1511247265848067,0.514283019106543
F01185,60,0.005850161072567953,0.41904898687443937,0.4666666666666667,-0.3988230209518425,7,-0.09667510894084354,0.18896659804712176
F04014,60,0.005850144968084058,0.4190476236669771,0.4666666666666667,-0.43520392759824056,6,-0.09670352193193316,0.2319595384668
F03179,60,0.005849354767071336,0.41898073655334067,0.55,-0.5804743481662068,7,-0.12872012795890264,0.211023883758081
F04620,60,0.005848668504384961,0.41892264988688876,0.5,-0.13885763260742845,3,-0.03288335089102811,0.12162496918446089
F03302,60,0.005846695159925358,0.41875563503514446,0.48333333333333334,-0.42951604534746357,12,-0.11992670267324285,0.24316217363045806
F03288,60,0.005846489325631492,0.41873821527508803,0.5,-0.20522804447826382,3,-0.07498345396179765,0.16619683870776236
F00014,60,0.00583906094860891,0.41810969232926887,0.5333333333333333,-0.33916039521512786,4,-0.08459484746233037,0.3835293421288339
F04042,60,0.005833762461671098,0.41766154897571317,0.5833333333333334,-0.5177864145766363,6,-0.1607716041262571,0.26589216303610447
F03035,60,0.005833755061562079,0.41766092317561987,0.55,-0.3421539719299437,5,-0.07576250631279294,0.19676109444999165
F04505,60,0.005823040596380735,0.41675512499703427,0.5833333333333334,-0.37764679994083183,5,-0.11010917104343917,0.17017580413315525
F00478,60,0.00581286975254845,0.4158958109650295,0.5333333333333333,-0.41691954937000963,8,-0.12821411969638566,0.3159612071368663
F02037,60,0.005810463001088418,0.4156925444005828,0.55,-0.4138279367042442,6,-0.10128276615161612,0.22117540752802198
F01418,60,0.005809273517683024,0.4155920950154848,0.45,-0.37183627985990775,6,-0.05815617099578358,0.1386464784645091
F04044,60,0.005806995481295599,0.41539973917206874,0.45,-0.46966795673064543,9,-0.12979413610189905,0.34316148788246137
F02205,60,0.005805256634356075,0.4152529294162597,0.5166666666666667,-0.4112358924790839,11,-0.13145869866315943,0.17134168346837958
F00352,60,0.005797255627935437,0.41457760240647445,0.5,-0.21167518289229004,2,-0.059209627432006216,0.2493006622784018
F00198,60,0.005789655935002727,0.41393644180734124,0.43333333333333335,-0.48886524204114334,8,-0.10029141337407199,0.28405516294408056
F02408,60,0.005788109039408981,0.4138059704226169,0.45,-0.16761302857411953,2,-0.0494146262985316,0.2782375058851659
F00126,60,0.005783850835617562,0.4134468775647302,0.4666666666666667,-0.4426227855255994,9,-0.10171750098898347,0.4492081986549311
F02607,60,0.005783155528092498,0.4133882510393241,0.5166666666666667,-0.5725230244390052,9,-0.11687699192218105,0.3585941728460975
F03998,60,0.0057786680233118375,0.41300993379919015,0.48333333333333334,-0.3473838469156856,5,-0.08435760532060901,0.23960646995548687
F02992,60,0.00577027834791571,0.41230291275782016,0.5,-0.2607462083026084,6,-0.09551721242079171,0.26331119636937317
F03321,60,0.005761819952318958,0.4115904526368679,0.5666666666666667,-0.520208114418168,9,-0.12088402009816727,0.3865111565198202
F01938,60,0.0057540131079688245,0.4109331870473294,0.45,-0.5585946971884903,13,-0.15174620987516732,0.47122958478441873
F00977,60,0.005748006434881443,0.4104276844307604,0.5,-0.3017451263813026,6,-0.10635103876863417,0.17072939580812665
F04222,60,0.005738897243745712,0.40966142351128676,0.35,-0.5390456449261729,7,-0.10065795429675375,0.36341976853096497
F03501,60,0.005737677459537434,0.4095588469143554,0.5,-0.4349840128466018,5,-0.09814439665942414,0.20408725046610124
F01338,60,0.005717740749916892,0.4078833282012042,0.4666666666666667,-0.4786079681276606,11,-0.11934986882463121,0.41517304470449584
F00439,60,0.005717645790432259,0.40787535231508043,0.48333333333333334,-0.14980582753880045,2,-0.047149373484425265,0.2760351982099974
F00889,60,0.005717645790432259,0.40787535231508043,0.48333333333333334,-0.14980582753880045,2,-0.047149373484425265,0.2760351982099974
F01159,60,0.005717645790432259,0.40787535231508043,0.48333333333333334,-0.14980582753880045,2,-0.047149373484425265,0.2760351982099974
F01207,60,0.005717645790432259,0.40787535231508043,0.48333333333333334,-0.14980582753880045,2,-0.047149373484425265,0.2760351982099974
F01423,60,0.005717645790432259,0.40787535231508043,0.48333333333333334,-0.14980582753880045,2,-0.047149373484425265,0.2760351982099974
F01495,60,0.005717645790432259,0.40787535231508043,0.48333333333333334,-0.14980582753880045,2,-0.047149373484425265,0.2760351982099974
F01981,60,0.005717645790432259,0.40787535231508043,0.48333333333333334,-0.14980582753880045,2,-0.047149373484425265,0.2760351982099974
F02491,60,0.005717645790432259,0.40787535231508043,0.48333333333333334,-0.14980582753880045,2,-0.047149373484425265,0.2760351982099974
F03271,60,0.005717645790432259,0.40787535231508043,0.48333333333333334,-0.14980582753880045,2,-0.047149373484425265,0.2760351982099974
F03631,60,0.005717645790432259,0.40787535231508043,0.48333333333333334,-0.14980582753880045,2,-0.047149373484425265,0.2760351982099974
F03865,60,0.005717645790432259,0.40787535231508043,0.48333333333333334,-0.14980582753880045,2,-0.047149373484425265,0.2760351982099974
F04195,60,0.005717645790432259,0.40787535231508043,0.48333333333333334,-0.14980582753880045,2,-0.047149373484425265,0.2760351982099974
F04339,60,0.005717645790432259,0.40787535231508043,0.48333333333333334,-0.14980582753880045,2,-0.047149373484425265,0.2760351982099974
F04393,60,0.005717645790432259,0.40787535231508043,0.48333333333333334,-0.14980582753880045,2,-0.047149373484425265,0.2760351982099974
F04459,60,0.005717645790432259,0.40787535231508043,0.48333333333333334,-0.14980582753880045,2,-0.047149373484425265,0.2760351982099974
F04783,60,0.005717645790432259,0.40787535231508043,0.48333333333333334,-0.14980582753880045,2,-0.047149373484425265,0.2760351982099974
F04993,60,0.005717645790432259,0.40787535231508043,0.48333333333333334,-0.14980582753880045,2,-0.047149373484425265,0.2760351982099974
F00753,60,0.005717547181567436,0.40786706995535615,0.4666666666666667,-0.6758042362085943,11,-0.22104148350552852,0.35665804952392033
F03750,60,0.005699107930092834,0.40631916145254543,0.5666666666666667,-0.5773011697225148,10,-0.12904649543555094,0.17246577615809752
F03210,60,0.005696736320343887,0.4061201948909783,0.5166666666666667,-0.31820164809847307,3,-0.07371034589562236,0.15090903040857706
F04313,60,0.005686883544997895,0.4052938911369883,0.5,-0.4487313981690172,7,-0.09506737224692734,0.2449244272912263
F03070,60,0.005680311036991074,0.4047429527662385,0.48333333333333334,-0.5163067296473345,11,-0.15926992039597232,0.40875267500323953
F02824,60,0.005677753129652404,0.40452859442534495,0.5333333333333333,-0.4069418320573791,5,-0.09102654282825692,0.2261613152315122
F04673,60,0.005670695311995742,0.40393730036380315,0.43333333333333335,-0.12500384118914298,4,-0.08534617628573293,0.2115097875658197
F02741,60,0.005665586398588611,0.40350943549740337,0.45,-0.45964794168282397,8,-0.12463456794887048,0.5024569549202081
F00922,60,0.005661420474931921,0.40316063970748006,0.5333333333333333,-0.433091946103071,9,-0.13066991303640932,0.3109628332915606
F03161,60,0.005660059306172171,0.40304669307713525,0.45,-0.5323918285798179,7,-0.12674232226859108,0.4689223955828469
F04083,60,0.005657922724529408,0.4028678531655101,0.5333333333333333,-0.4277106077735393,12,-0.16672074210171925,0.3242791615535074
F03185,60,0.005651931297995544,0.4023664678081491,0.48333333333333334,-0.4433111731312067,6,-0.14101202415625158,0.41982501788553644
F00010,60,0.00563752801365855,0.40116186705565027,0.48333333333333334,-0.374056648807772,5,-0.09006806304470823,0.28486732253783054
F03771,60,0.00563694733298981,0.4011133238940403,0.45,-0.24897645601247098,2,-0.062259157544361086,0.23311517003330987
F00962,60,0.005633819162166958,0.40085184664849804,0.4666666666666667,-0.18724454045966843,1,-0.06091701096251625,0.26702116962011857
F03584,60,0.00563171430824224,0.40067593332515994,0.5,-0.21244342989067466,2,-0.05891992492114425,0.2769358845047284
F04251,60,0.00562262157730646,0.39991625723136526,0.5333333333333333,-0.42363899601833555,6,-0.1012992861606323,0.2760324417094768
F03412,60,0.00561602202378539,0.3993651339567059,0.5333333333333333,-0.504546472008515,8,-0.10803879702468734,0.19357485846927563
F01635,60,0.0056138404208830464,0.3991829970215812,0.5833333333333334,-0.1915805292243038,1,-0.04249994277955868,0.08127957098214961
F02036,60,0.0056133459797424795,0.39914172052509356,0.5166666666666667,-0.44593880085902393,8,-0.15353687565936547,0.3349340115081932
F03201,60,0.005613062292380775,0.3991180385291211,0.48333333333333334,-0.5975511544552166,11,-0.11881795198691383,0.4438389704388881
F01167,60,0.005610776120279863,0.3989272050821133,0.48333333333333334,-0.4994142899062526,8,-0.1287556319443979,0.45555541224241103
F01611,60,0.005610359859388711,0.3988924613270861,0.43333333333333335,-0.44459339094194406,9,-0.12535501809861635,0.5010914084178538
F02031,60,0.005607889440440513,0.3986862820665309,0.55,-0.3415042715680219,4,-0.07270312658299258,0.14465299821599384
F02970,60,0.005606194911836655,0.39854487529415494,0.5166666666666667,-0.1327526138880576,3,-0.058755471873459884,0.11117408039926162
F03219,60,0.005605145438826195,0.39845730483634245,0.48333333333333334,-0.5456136896233005,14,-0.16764534052489866,0.2194258808684939
F01559,60,0.005604078039133247,0.39836824406545057,0.5333333333333333,-0.5658919518243187,11,-0.22104148350552852,0.39949076129679206
F01214,60,0.00560402480424685,0.3983638024451359,0.5666666666666667,-0.4502214140206008,6,-0.11840808698715374,0.247973232078986
F00351,60,0.005600495806245397,0.3980693935864914,0.5666666666666667,-0.513125907208446,6,-0.22104148350552852,0.28419440208210855
F02151,60,0.005591308943662565,0.3973032596833024,0.5333333333333333,-0.4007737950065626,5,-0.09325339688169117,0.24861043888687906
F00394,60,0.0055906669451781035,0.3972497359701055,0.5,-0.5338107283223457,10,-0.15439186076125216,0.36170562112663174
F04932,60,0.005579032976039941,0.396280155752879,0.4666666666666667,-0.22611405365757842,3,-0.05611251436074067,0.25955463694460656
F02952,60,0.005574519590811949,0.39590418634553504,0.5833333333333334,-0.38725964049969985,5,-0.07017762223599361,0.15009434430262927
F04995,60,0.005569405198457755,0.3954782727700872,0.5666666666666667,-0.41131910440662656,9,-0.11674259831361959,0.15554101450221117
F02744,60,0.005556022241579718,0.3943643787858697,0.43333333333333335,-0.34929568479548434,5,-0.05918780135948415,0.2781345124927472
F02487,60,0.0055553739620615985,0.3943104432125437,0.45,-0.6102609726818458,11,-0.1311597327135533,0.43539849852108237
F02721,60,0.005552555631286772,0.3940759875131066,0.5,-0.3730324463080603,7,-0.09677510894084354,0.15553666951655484
F00504,60,0.0055519225450981705,0.39402332668358064,0.5166666666666667,-0.3904865449811137,5,-0.11929285770583453,0.4535003474473387
F01468,60,0.0055475011438452055,0.39365560402699296,0.5,-0.42939939430132235,9,-0.11339734083190865,0.2133975999204909
F02178,60,0.005544380687752534,0.3933961368398753,0.48333333333333334,-0.4171924499629628,5,-0.0778359797885229,0.16668281935645388
F01868,60,0.005533596574216041,0.3924997991331023,0.5333333333333333,-0.1699874691152895,2,-0.055489485052844324,0.07784844326663912
F03404,60,0.005531938270552932,0.392362017052889,0.5666666666666667,-0.5384372057296583,8,-0.22104148350552852,0.28419440208210855
F04751,60,0.0055306259926872275,0.39225299442851713,0.45,-0.23642761190775763,2,-0.05260453681659385,0.399486229170386
F04875,60,0.005517719425821375,0.3911811780029224,0.5166666666666667,-0.4457221088374784,9,-0.1356573174586382,0.16636919984366724
F03540,60,0.005512499118157551,0.39074789185757464,0.5,-0.6328073625483519,10,-0.13982550554844003,0.42924047188347897
F01413,60,0.005509867416826152,0.39052951065356756,0.5333333333333333,-0.23607396749838772,4,-0.06903102393978279,0.2183727280417909
F01202,60,0.005504307622378174,0.39006826422017404,0.5166666666666667,-0.15904668785246523,2,-0.03758422859389284,0.08064870916016165
F04060,60,0.00550426730916957,0.3900649203431614,0.55,-0.45246416810621026,6,-0.12216836774719103,0.27525253974025155
F00544,60,0.00549324445213731,0.3891508993950692,0.5,-0.26126088926356306,4,-0.05462621015379721,0.17050488166174355
F03239,60,0.0054911537677142285,0.38897760546037596,0.5,-0.6964575978683496,11,-0.17721743174546298,0.383667858986166
F00738,60,0.005489682521962704,0.3888556686822635,0.4166666666666667,-0.4462793640347087,6,-0.11022467114517673,0.30871411778485863
F04097,60,0.005488809227370854,0.38878329504640696,0.4,-0.21893964099834373,4,-0.05248632410769333,0.190271607496871
F04247,60,0.005487850234302669,0.38870382348574917,0.45,-0.3669605721028051,6,-0.11664425381848019,0.24002346918250506
F02439,60,0.005480661779504814,0.3881082600728103,0.48333333333333334,-0.6432860942583953,10,-0.12462515447681351,0.41497364274789317
F03467,60,0.005477763402640726,0.3878682006316554,0.5166666666666667,-0.3968295003222819,6,-0.0820388341512477,0.20310657536577778
F00614,60,0.0054766833933064364,0.38777875878591095,0.5333333333333333,-0.6928084954383247,10,-0.13671702117387083,0.5186131033405741
F00031,60,0.00547293749093522,0.3874685827741535,0.48333333333333334,-0.7031773136890008,11,-0.1569034875107965,0.44796345850619734
F00613,60,0.00547293749093522,0.3874685827741535,0.48333333333333334,-0.7031773136890008,11,-0.1569034875107965,0.44796345850619734
F00781,60,0.00547293749093522,0.3874685827741535,0.48333333333333334,-0.7031773136890008,11,-0.1569034875107965,0.44796345850619734
F01333,60,0.00547293749093522,0.3874685827741535,0.48333333333333334,-0.7031773136890008,11,-0.1569034875107965,0.44796345850619734
F01837,60,0.00547293749093522,0.3874685827741535,0.48333333333333334,-0.7031773136890008,11,-0.1569034875107965,0.44796345850619734
F01849,60,0.00547293749093522,0.3874685827741535,0.48333333333333334,-0.7031773136890008,11,-0.1569034875107965,0.44796345850619734
F02161,60,0.00547293749093522,0.3874685827741535,0.48333333333333334,-0.7031773136890008,11,-0.1569034875107965,0.44796345850619734
F02293,60,0.00547293749093522,0.3874685827741535,0.48333333333333334,-0.7031773136890008,11,-0.1569034875107965,0.44796345850619734
F02431,60,0.00547293749093522,0.3874685827741535,0.48333333333333334,-0.7031773136890008,11,-0.1569034875107965,0.44796345850619734
F02539,60,0.00547293749093522,0.3874685827741535,0.48333333333333334,-0.7031773136890008,11,-0.1569034875107965,0.44796345850619734
F03565,60,0.00547293749093522,0.3874685827741535,0.48333333333333334,-0.7031773136890008,11,-0.1569034875107965,0.44796345850619734
F03775,60,0.00547293749093522,0.3874685827741535,0.48333333333333334,-0.7031773136890008,11,-0.1569034875107965,0.44796345850619734
F03781,60,0.00547293749093522,0.3874685827741535,0.48333333333333334,-0.7031773136890008,11,-0.1569034875107965,0.44796345850619734
F04063,60,0.00547293749093522,0.3874685827741535,0.48333333333333334,-0.7031773136890008,11,-0.1569034875107965,0.44796345850619734
F04369,60,0.00547293749093522,0.3874685827741535,0.48333333333333334,-0.7031773136890008,11,-0.1569034875107965,0.44796345850619734
F04471,60,0.00547293749093522,0.3874685827741535,0.48333333333333334,-0.7031773136890008,11,-0.1569034875107965,0.44796345850619734
F04945,60,0.00547293749093522,0.3874685827741535,0.48333333333333334,-0.7031773136890008,11,-0.1569034875107965,0.44796345850619734
F04080,60,0.005463140214930344,0.386657650594616,0.48333333333333334,-0.33689276774584676,4,-0.05980495735272675,0.2589929198150268
F04299,60,0.005463051303574995,0.386650293430465,0.5333333333333333,-0.482634420691352,6,-0.16623751417170463,0.3448376809779177
F02753,60,0.005460389153683465,0.3864300258069331,0.55,-0.5511834995170481,10,-0.22104148350552852,0.28419440208210855
F03262,60,0.005459505745940519,0.38635693980841146,0.4666666666666667,-0.5524267419696871,12,-0.16026696171717494,0.43316511450486356
F04709,60,0.005457002935387387,0.38614989811385136,0.5166666666666667,-0.568589917987248,11,-0.12722412741853084,0.2046582387342427
F04991,60,0.005450981304842965,0.3856518912551816,0.5333333333333333,-0.511497286414943,15,-0.1691586453018661,0.43886676568018346
F01490,60,0.005449482844919249,0.3855279914779335,0.5666666666666667,-0.16483551400137197,4,-0.052726857092374284,0.11687979885060164
F01982,60,0.005440846421773742,0.38481410333462795,0.5666666666666667,-0.5429307901330229,5,-0.22104148350552852,0.28419440208210855
F04188,60,0.0054369191582861135,0.38448959474133737,0.48333333333333334,-0.6872303820398542,10,-0.22104148350552852,0.39786248020098125
F04799,60,0.005428321460085033,0.38377943056077846,0.48333333333333334,-0.39788205805953525,9,-0.1310615143455464,0.13375517505162735
F02906,60,0.005427564103854761,0.38371689060664793,0.5166666666666667,-0.41606499880168446,9,-0.12806557567125273,0.30477380909739005
F00726,60,0.005427274190756796,0.38369295128456593,0.5666666666666667,-0.5762287419436769,9,-0.22104148350552852,0.28419440208210855
F04266,60,0.005426921782438202,0.38366385202237385,0.48333333333333334,-0.3272442910927852,4,-0.06781083897478611,0.23535929613636633
F03618,60,0.005424208719384938,0.3834398475692853,0.5,-0.5893843546378041,10,-0.14318993641390682,0.27239375708131813
F03959,60,0.005404876994641263,0.38184475283392527,0.5666666666666667,-0.5526986754407329,10,-0.22104148350552852,0.2913189293272897
F02961,60,0.005401775305520573,0.3815889954036886,0.48333333333333334,-0.5937901185834553,9,-0.17782846823621065,0.36999356834022906
F01133,60,0.00539687774583693,0.38118524980813184,0.48333333333333334,-0.5707401887211478,10,-0.22104148350552852,0.3969336328675712
F00046,60,0.005392903989612408,0.38085774609007217,0.5166666666666667,-0.5743325365745545,10,-0.17392882533968387,0.43272178689952107
F04686,60,0.00538579726625058,0.38027222407640515,0.48333333333333334,-0.5566228154849684,7,-0.22104148350552852,0.28419440208210855
F03834,60,0.005382728902332118,0.38001949743814123,0.4666666666666667,-0.5691740245498307,8,-0.13614085959802627,0.2895649797516847
F00456,60,0.00538260695089975,0.3800094538151084,0.5333333333333333,-0.40487811215881564,4,-0.12946070433298568,0.3579454318116574
F00566,60,0.00537243555440936,0.379172015322899,0.45,-0.20492728233057478,2,-0.06282639241895493,0.2684532025911599
F04864,60,0.005372391186156956,0.379168363459951,0.43333333333333335,-0.5666152054892489,9,-0.11516738087571828,0.3644324231402408
F03282,60,0.005372377616878168,0.37916724660139756,0.5,-0.6523024500435352,12,-0.16587476245160138,0.45601341027223186
F01534,60,0.005371657767113185,0.3791079985692756,0.5166666666666667,-0.7186967331974152,9,-0.1432636474679996,0.4375077877659031
F02063,60,0.005371388119733908,0.37908580558746063,0.5333333333333333,-0.4498447209683245,10,-0.13686479036664426,0.18440116753178493
F02480,60,0.005360519035467996,0.37819153185853627,0.55,-0.3895001507069519,6,-0.08131814129269668,0.14461735817650231
F03890,60,0.005360101380357729,0.37815717990192876,0.5,-0.3459628972351939,7,-0.11252328573553388,0.23082116118057677
F01187,60,0.005354925416299967,0.37773152890910744,0.48333333333333334,-0.7182193010951816,12,-0.22104148350552852,0.3804928622794167
F02312,60,0.005352420304772737,0.3775255647848579,0.5333333333333333,-0.6324495139898421,12,-0.14031720771965212,0.2646163787491572
F04370,60,0.0053520663700038435,0.3774964675776036,0.5166666666666667,-0.17282990268206277,1,-0.045406208461550135,0.0923976243634219
F01666,60,0.005346190631596906,0.37701350759597574,0.36666666666666664,-0.46382250782874046,6,-0.10425010280705917,0.3628467396260091
F02648,60,0.005345050770451128,0.37691983528419293,0.48333333333333334,-0.48467908636207546,11,-0.11518596056645503,0.3862777860018214
F02225,60,0.005342516711513756,0.3767116120531291,0.5333333333333333,-0.51997490965444,7,-0.13348826449828138,0.2594979595902482
F01836,60,0.005341223166031276,0.37660533355817516,0.45,-0.4916512208396012,8,-0.11880763722448984,0.5654817979573872
F00656,60,0.005339392601624849,0.3764549470438612,0.5333333333333333,-0.39587970603512657,5,-0.08686965952211115,0.2558469419206003
F00449,60,0.00533682596161741,0.37624411685250014,0.5166666666666667,-0.46097776976117566,7,-0.14693135738596647,0.1852027302143528
F01494,60,0.005331299470648079,0.37579026493647194,0.5666666666666667,-0.3543527701896936,5,-0.12052364953720236,0.17058472339891204
F02897,60,0.00532768006058794,0.37549310795120205,0.55,-0.19052154045255876,3,-0.07169085497040388,0.1212525505681977
F04811,60,0.005323848887591734,0.3751786337889498,0.5,-0.24492978980443447,2,-0.05521207172130996,0.37981347094716544
F04384,60,0.005323079688225526,0.37511550412225336,0.5666666666666667,-0.3727061557732714,8,-0.10919895916758433,0.14000613870020542
F01434,60,0.00532047017852975,0.37490135789078516,0.5166666666666667,-0.32462623606158847,8,-0.11522533160487668,0.40053628470008246
F02811,60,0.005316765216003179,0.37459737098942236,0.43333333333333335,-0.33223498685103303,5,-0.06721629878713307,0.18249839340554455
F00212,60,0.005312468512693822,0.3742449153655072,0.45,-0.49384301994385715,10,-0.16318192902286716,0.37046735248614016
F02115,60,0.005312132687502343,0.37421737160005675,0.4166666666666667,-0.5639143952677558,10,-0.16043596676853744,0.22072822002226702
F03246,60,0.005310566627737948,0.37408893342248506,0.5333333333333333,-0.6118065014601382,10,-0.15339315007557555,0.5784374129101936
F03867,60,0.005309944382016182,0.3740379040962243,0.43333333333333335,-0.3645373208622861,6,-0.056883235985255,0.24502017010024452
F00131,60,0.005308087476100602,0.37388563343955106,0.48333333333333334,-0.5528534579042705,10,-0.16371386454631373,0.5377818841079018
F02796,60,0.0053079942185933265,0.3738779865420212,0.36666666666666664,-0.3314579228417752,6,-0.057739898847705605,0.22561317444145407
F03033,60,0.0053062252343401665,0.37373294189602335,0.43333333333333335,-0.7539963139366428,11,-0.22104148350552852,0.32086174524474365
F02972,60,0.005305659490331724,0.3736865579230937,0.5666666666666667,-0.5481843398141442,5,-0.22104148350552852,0.28419440208210855
F03281,60,0.00529616538841228,0.3729083893765148,0.5333333333333333,-0.3819862637296121,7,-0.08424782626433507,0.23582815286611397
F00664,60,0.0052912087272903915,0.37250229699310444,0.45,-0.6136092346635034,10,-0.22104148350552852,0.28419440208210855
F01821,60,0.005288611710916867,0.37228957419509356,0.5,-0.40213890428257115,7,-0.11569324245422154,0.1334550721197918
F00888,60,0.005285786864762351,0.3720582265667103,0.5166666666666667,-0.18815430090758012,4,-0.07095180364784069,0.12767550264745814
F00088,60,0.005283985459897943,0.3719107161724582,0.5333333333333333,-0.3706304108715801,5,-0.07960654922024385,0.1679913900661357
F02253,60,0.0052805159596414,0.3716266555444827,0.5166666666666667,-0.4299317852110648,7,-0.0921144690421752,0.16977847160688692
F03098,60,0.005279765574592523,0.3715652263938223,0.5,-0.5287811234606237,6,-0.12371616458724513,0.2760324417094768
F03146,60,0.005271211429378872,0.3708651452500087,0.5333333333333333,-0.4861646158912648,6,-0.11841064021810288,0.2566255810029137
F04241,60,0.005260071644288023,0.36995397907765093,0.55,-0.43730337296941846,7,-0.09881563727429081,0.2070410275847688
F02231,60,0.005257484718554563,0.36974246962203394,0.5333333333333333,-0.47745579258210136,6,-0.11533752821097316,0.1926552434309264
F02819,60,0.005250511976100717,0.36917253161644137,0.5166666666666667,-0.21128102946399152,2,-0.055259958145889534,0.24819517069651087
F00498,60,0.00524072122803215,0.368372649060821,0.5166666666666667,-0.5781274042386054,10,-0.22104148350552852,0.28419440208210855
F01895,60,0.005236482197430098,0.36802647215716977,0.55,-0.24928844251929916,4,-0.08120132136527564,0.1630207873780199
F03790,60,0.005225744180568972,0.3671499462784287,0.4666666666666667,-0.4583457438739791,11,-0.1623960435010058,0.5619839786989372
F04626,60,0.0052236350277549744,0.36697784465648997,0.55,-0.6427964573354277,9,-0.22104148350552852,0.28419440208210855
F03080,60,0.005222418869306027,0.366878618836576,0.48333333333333334,-0.33582961424940283,7,-0.1125232857355339,0.21953772215994363
F03812,60,0.005221968063795403,0.3668418396173625,0.5333333333333333,-0.4920448899451443,8,-0.10954290862870658,0.2598502006069469
F01330,60,0.005221887353806655,0.366835254950588,0.5333333333333333,-0.27828692555980905,3,-0.06409011005137727,0.23127547173864488
F04647,60,0.00522065871515184,0.3667350211952305,0.55,-0.22299268277425854,2,-0.0576299470205347,0.23772557734501162
F01917,60,0.005218748721488628,0.36657921606583144,0.5666666666666667,-0.47828368491008877,5,-0.22104148350552852,0.28419440208210855
F01083,60,0.005217345780207375,0.36646478416939976,0.5,-0.2231705250344107,2,-0.05892712414535554,0.11568930475630944
F04794,60,0.005213687402552558,0.36616643033076657,0.5333333333333333,-0.5408079706588285,11,-0.22104148350552852,0.2841944020821086
F00717,60,0.005209475310608638,0.36582299843593047,0.5333333333333333,-0.5359466849054695,7,-0.22104148350552852,0.31276625214084486
F03639,60,0.005204944604982805,0.3654536832212376,0.48333333333333334,-0.5906778081723527,7,-0.22104148350552852,0.2841944020821086
F01151,60,0.005202602921483858,0.3652628421007367,0.5333333333333333,-0.6347854419194292,11,-0.14457287091132792,0.34951758072980305
F02034,60,0.005202254696401042,0.3652344649015695,0.55,-0.5860669859533116,10,-0.22104148350552852,0.28419440208210855
F01092,60,0.005199989634595116,0.3650498969773526,0.55,-0.3462070347807561,4,-0.07298081189537794,0.14480296399444403
F00899,60,0.00519768803118606,0.364862376603988,0.55,-0.25978882830340666,4,-0.06868845268349101,0.26494668313644876
F02016,60,0.005195982528095243,0.3647234391279255,0.5166666666666667,-0.6470896801039192,9,-0.22104148350552852,0.28419440208210855
F03284,60,0.005194695512412826,0.3646186026089224,0.5166666666666667,-0.42352945459937996,6,-0.10555955127497037,0.2923683841313088
F00786,60,0.005193893618039719,0.3645532866518182,0.5666666666666667,-0.46409094480356905,6,-0.13023439138475507,0.3203760728348489
F04835,60,0.00519267890140752,0.36445435132233217,0.38333333333333336,-0.1959720318336695,2,-0.0655571862092248,0.2223315543676652
F01682,60,0.005192616774668735,0.36444929145990335,0.4666666666666667,-0.32677190795266975,3,-0.0665473697006638,0.2379142837054311
F01131,60,0.005188778539410066,0.3641367252463197,0.4166666666666667,-0.39639230954062654,2,-0.06358446583694499,0.37552192601988194
F01584,60,0.005184234885693096,0.3637668043753224,0.5166666666666667,-0.6468613465333694,11,-0.1485051384136406,0.4582552752236493
F01948,60,0.005179608821739302,0.3633902754294027,0.5333333333333333,-0.5603236935532433,9,-0.22104148350552852,0.28419440208210855
F03746,60,0.00517934568352952,0.36336886090989173,0.55,-0.1756969776681948,2,-0.055489485052844324,0.07456231370962976
F01571,60,0.00517933546085102,0.36336802898209175,0.43333333333333335,-0.6433159714201124,8,-0.22104148350552852,0.5161684416815041
F04560,60,0.005175554725774922,0.36306038468875945,0.5666666666666667,-0.3354480310927598,5,-0.1322694924072933,0.34765326371206406
F01882,60,0.005172154152418794,0.3627837330585859,0.5166666666666667,-0.3313392736155667,5,-0.0811288054681698,0.13079242156580095
F04310,60,0.005168433222113137,0.3624810822401865,0.55,-0.3641369181974713,8,-0.12495520092396808,0.3425173225980013
F04869,60,0.005165896371080246,0.36227477925048035,0.4666666666666667,-0.6077065240103083,12,-0.11887872785445568,0.3419379943594314
F03279,60,0.005163171149994689,0.36205319176609585,0.5666666666666667,-0.39489897001577334,5,-0.09869025700215216,0.22693530524291003
F01217,60,0.005160685849089854,0.36185114307014987,0.5,-0.47208567060036055,4,-0.08849222822990475,0.3348245357585864
F04542,60,0.005158044628819081,0.36163645082708706,0.48333333333333334,-0.40795248651346416,6,-0.10913371624928113,0.2380007904133067
F04552,60,0.005157198221407642,0.36156765743317965,0.5166666666666667,-0.5935969635437521,11,-0.125217319696845,0.15623136451624398
F02836,60,0.0051533302858013195,0.36125332700394974,0.5166666666666667,-0.18497094193636776,1,-0.06413604535293388,0.13680063022109984
F04658,60,0.005144918628844071,0.36056999426141356,0.5166666666666667,-0.47608187745654085,6,-0.11048272285596765,0.3856815740072828
F03516,60,0.005139361143067828,0.36011870917349253,0.55,-0.40407784113482137,5,-0.14506237772120117,0.27637758813930446
F03633,60,0.005138471055196291,0.36004644495290794,0.38333333333333336,-0.3577328411433037,5,-0.047560943873703895,0.2678069914938031
F04271,60,0.0051280363899567525,0.35919955960494265,0.6,-0.5343451759490431,9,-0.22104148350552852,0.28419440208210855
F00896,60,0.0051244472261657605,0.3589083802240487,0.4666666666666667,-0.2519631775291057,3,-0.0633655459687555,0.40963099732592445
F03222,60,0.005123470471409093,0.3588291493082436,0.5666666666666667,-0.3074755160274256,5,-0.06949019112785533,0.10078362207623522
F01474,60,0.005121764200673093,0.35869075351650515,0.5333333333333333,-0.5359616253435391,11,-0.17222573034123362,0.3201945338534976
F04396,60,0.005118096330686494,0.3583932991319738,0.55,-0.461255128953591,6,-0.09874124776343389,0.32238947444207566
F04551,60,0.005101241743268842,0.3570272604573663,0.4,-0.40152163993041645,8,-0.07568575401646475,0.15617270020966892
F00954,60,0.00510003940699448,0.35692986456588804,0.5,-0.5419162141661478,11,-0.13039552014607192,0.42970482189962883
F02877,60,0.005098163856233816,0.3567779482999487,0.5166666666666667,-0.6246665789935676,13,-0.16065768738335112,0.36515722982898335
F00079,60,0.005086893662414665,0.3558654348348942,0.5166666666666667,-0.23220862017338362,5,-0.07142877485228899,0.187340179912993
F00085,60,0.005086893662414665,0.3558654348348942,0.5166666666666667,-0.23220862017338362,5,-0.07142877485228899,0.187340179912993
F00661,60,0.005086893662414665,0.3558654348348942,0.5166666666666667,-0.23220862017338362,5,-0.07142877485228899,0.187340179912993
F00679,60,0.005086893662414665,0.3558654348348942,0.5166666666666667,-0.23220862017338362,5,-0.07142877485228899,0.187340179912993
F00793,60,0.005086893662414665,0.3558654348348942,0.5166666666666667,-0.23220862017338362,5,-0.07142877485228899,0.187340179912993
F00859,60,0.005086893662414665,0.3558654348348942,0.5166666666666667,-0.23220862017338362,5,-0.07142877485228899,0.187340179912993
F01003,60,0.005086893662414665,0.3558654348348942,0.5166666666666667,-0.23220862017338362,5,-0.07142877485228899,0.187340179912993
F01099,60,0.005086893662414665,0.3558654348348942,0.5166666666666667,-0.23220862017338362,5,-0.07142877485228899,0.187340179912993
F01183,60,0.005086893662414665,0.3558654348348942,0.5166666666666667,-0.23220862017338362,5,-0.07142877485228899,0.187340179912993
F01339,60,0.005086893662414665,0.3558654348348942,0.5166666666666667,-0.23220862017338362,5,-0.07142877485228899,0.187340179912993
F01447,60,0.005086893662414665,0.3558654348348942,0.5166666666666667,-0.23220862017338362,5,-0.07142877485228899,0.187340179912993
F01519,60,0.005086893662414665,0.3558654348348942,0.5166666666666667,-0.23220862017338362,5,-0.07142877485228899,0.187340179912993
F01759,60,0.005086893662414665,0.3558654348348942,0.5166666666666667,-0.23220862017338362,5,-0.07142877485228899,0.187340179912993
F02077,60,0.005086893662414665,0.3558654348348942,0.5166666666666667,-0.23220862017338362,5,-0.07142877485228899,0.187340179912993
F02233,60,0.005086893662414665,0.3558654348348942,0.5166666666666667,-0.23220862017338362,5,-0.07142877485228899,0.187340179912993
F02467,60,0.005086893662414665,0.3558654348348942,0.5166666666666667,-0.23220862017338362,5,-0.07142877485228899,0.187340179912993
F02521,60,0.005086893662414665,0.3558654348348942,0.5166666666666667,-0.23220862017338362,5,-0.07142877485228899,0.187340179912993
F02611,60,0.005086893662414665,0.3558654348348942,0.5166666666666667,-0.23220862017338362,5,-0.07142877485228899,0.187340179912993
F02863,60,0.005086893662414665,0.3558654348348942,0.5166666666666667,-0.23220862017338362,5,-0.07142877485228899,0.187340179912993
F02887,60,0.005086893662414665,0.3558654348348942,0.5166666666666667,-0.23220862017338362,5,-0.07142877485228899,0.187340179912993
F02989,60,0.005086893662414665,0.3558654348348942,0.5166666666666667,-0.23220862017338362,5,-0.07142877485228899,0.187340179912993
F03055,60,0.005086893662414665,0.3558654348348942,0.5166666666666667,-0.23220862017338362,5,-0.07142877485228899,0.187340179912993
F03151,60,0.005086893662414665,0.3558654348348942,0.5166666666666667,-0.23220862017338362,5,-0.07142877485228899,0.187340179912993
F03283,60,0.005086893662414665,0.3558654348348942,0.5166666666666667,-0.23220862017338362,5,-0.07142877485228899,0.187340179912993
F03355,60,0.005086893662414665,0.3558654348348942,0.5166666666666667,-0.23220862017338362,5,-0.07142877485228899,0.187340179912993
F03463,60,0.005086893662414665,0.3558654348348942,0.5166666666666667,-0.23220862017338362,5,-0.07142877485228899,0.187340179912993
F03679,60,0.005086893662414665,0.3558654348348942,0.5166666666666667,-0.23220862017338362,5,-0.07142877485228899,0.187340179912993
F03811,60,0.005086893662414665,0.3558654348348942,0.5166666666666667,-0.23220862017338362,5,-0.07142877485228899,0.187340179912993
F04237,60,0.005086893662414665,0.3558654348348942,0.5166666666666667,-0.23220862017338362,5,-0.07142877485228899,0.187340179912993
F04261,60,0.005086893662414665,0.3558654348348942,0.5166666666666667,-0.23220862017338362,5,-0.07142877485228899,0.187340179912993
F04303,60,0.005086893662414665,0.3558654348348942,0.5166666666666667,-0.23220862017338362,5,-0.07142877485228899,0.187340179912993
F04441,60,0.005086893662414665,0.3558654348348942,0.5166666666666667,-0.23220862017338362,5,-0.07142877485228899,0.187340179912993
F04663,60,0.005086893662414665,0.3558654348348942,0.5166666666666667,-0.23220862017338362,5,-0.07142877485228899,0.187340179912993
F04771,60,0.005086893662414665,0.3558654348348942,0.5166666666666667,-0.23220862017338362,5,-0.07142877485228899,0.187340179912993
F04975,60,0.005086893662414665,0.3558654348348942,0.5166666666666667,-0.23220862017338362,5,-0.07142877485228899,0.187340179912993
F02882,60,0.005086679160740926,0.3558480731375555,0.45,-0.49068148229802333,10,-0.10602502351985704,0.22072289324272756
F02778,60,0.005086120893572458,0.3558028881951327,0.48333333333333334,-0.4413877605397577,7,-0.12874866280321648,0.2164576556700923
F02722,60,0.005084313049877903,0.3556565753808516,0.5333333333333333,-0.6049449597013534,8,-0.22104148350552852,0.28419440208210855
F03682,60,0.005083254839974368,0.35557093930199946,0.55,-0.6699074330746833,12,-0.22104148350552852,0.28419440208210855
F03660,60,0.005082581769393918,0.35551647355160854,0.5166666666666667,-0.38341014551407304,7,-0.11561684256156785,0.15618166285249804
F00410,60,0.005082273212449934,0.355491505440114,0.5166666666666667,-0.12227332820851511,4,-0.06096002991530527,0.13837929664721405
F02282,60,0.005080728039611338,0.35536647844119473,0.5333333333333333,-0.6358893039138415,11,-0.18378883016555955,0.27991645319454855
F02858,60,0.005080609153405754,0.35535685928458105,0.4666666666666667,-0.4170796353937075,6,-0.166375405259217,0.3229233572795794
F04856,60,0.005079991355791435,0.3553068739773284,0.5,-0.21231949308913856,2,-0.05881992492114425,0.2769358845047284
F04446,60,0.00506729501016207,0.3542800283204559,0.5666666666666667,-0.5406732725156445,8,-0.10111012174294415,0.21677948881811568
F01947,60,0.0050607931119083256,0.3537544688404042,0.5666666666666667,-0.21487389478615115,1,-0.03818257208998439,0.11363714410229928
F04134,60,0.005055942654877291,0.3533625287799218,0.5333333333333333,-0.5535332840466499,7,-0.12254065677795693,0.3260351823240885
F00692,60,0.00505572359992833,0.353344830729039,0.5333333333333333,-0.24621624227848748,3,-0.04788889249938194,0.1731829768980463
F02238,60,0.005054569224562259,0.35325156933278556,0.45,-0.6547623999183285,13,-0.1521894859236048,0.40437215786325076
F02506,60,0.005050134380099414,0.35289333928620015,0.5166666666666667,-0.44572286159383145,5,-0.10662723491183648,0.23103164602367285
F03940,60,0.005048580381240128,0.3527678351700636,0.5,-0.5948140131435411,9,-0.128516088203616,0.29471881096615987
F00333,60,0.005040668459365917,0.3521290297353057,0.5833333333333334,-0.3539613272137818,5,-0.08316364096602345,0.14751792263802904
F04665,60,0.005031027913127062,0.35135105676724954,0.5333333333333333,-0.33515347629932357,4,-0.06046279249197891,0.250123475335256
F01222,60,0.005028914227417894,0.35118054536213195,0.5666666666666667,-0.44835769874137166,6,-0.1080845727354937,0.19091226578206716
F04576,60,0.005024941453894829,0.3508601182593636,0.55,-0.5516944256000174,6,-0.13371152259651845,0.3061418924454692
F00093,60,0.00501131711644132,0.349761804269594,0.5166666666666667,-0.5989766010079243,10,-0.14153027596375423,0.3345659311280365
F01102,60,0.005008761410748405,0.34955587613117056,0.5666666666666667,-0.4881657311632168,5,-0.10030037017353549,0.38975813924053193
F04082,60,0.005008686187344491,0.34954981541011887,0.5666666666666667,-0.5366993682453223,8,-0.22104148350552852,0.28419440208210855
F01281,60,0.005008100555516963,0.3495026321917174,0.4666666666666667,-0.3738804989762837,3,-0.0792821774465597,0.19455993337036556
F00609,60,0.005007568835949989,0.3494597939844075,0.48333333333333334,-0.6148989775031131,7,-0.1171897998079082,0.4689982756050626
F04595,60,0.005004424882801409,0.3492065274224232,0.5,-0.6269026635719637,11,-0.22104148350552852,0.30909063649701796
F02145,60,0.005002289848511635,0.349034562706102,0.55,-0.6684279362584349,12,-0.13299887310444147,0.4639546226155774
F02219,60,0.004999639722141599,0.34882114026841493,0.5166666666666667,-0.40944845195409596,6,-0.09570391248564145,0.20781771674595267
F04985,60,0.004972155949561643,0.3466097482552051,0.5333333333333333,-0.5170488229677204,7,-0.11927310541358244,0.25691075165987226
F02531,60,0.004971437519269086,0.34655198994850966,0.4666666666666667,-0.1431994238106712,4,-0.08355526220584436,0.18463970426964849
F00468,60,0.004968366432028199,0.34630511691093013,0.45,-0.24659310592347794,2,-0.06081927845149595,0.2513611116782572
F00714,60,0.004965532119821342,0.34607731681109377,0.5333333333333333,-0.4672345140115577,7,-0.1226707139205722,0.2180182733746435
F02997,60,0.004959995915351568,0.3456324688183783,0.5,-0.32237025810823194,4,-0.08607282783415081,0.2203272628482808
F02838,60,0.004959966542817362,0.34563010904673797,0.5333333333333333,-0.39616379256705136,5,-0.09578192166358428,0.19375108347872766
F01068,60,0.004959680056575712,0.3456070931286819,0.55,-0.5387288351950716,10,-0.16646895048438484,0.17524074771381312
F01402,60,0.004956460279954629,0.34534844724182134,0.4166666666666667,-0.5831426177576136,10,-0.13167859554065944,0.4297032117075029
F01467,60,0.004951831269447882,0.34497668272103077,0.5166666666666667,-0.5255846980521781,7,-0.12944634413193257,0.2977129727945944
F02502,60,0.00494905961327799,0.3447541341656042,0.55,-0.3240090301595038,5,-0.07738661911750182,0.13764676574034043
F04901,60,0.004946572075553613,0.34455442957238014,0.4666666666666667,-0.34321342950505873,4,-0.07729982800835515,0.25381267490683196
F04780,60,0.004944491500262264,0.34438741914884496,0.48333333333333334,-0.1937784860078643,5,-0.0641687738703754,0.17752233392812605
F03047,60,0.004943324644537776,0.34429376308498894,0.4666666666666667,-0.5199326675441595,5,-0.10334314770251318,0.3310933725668907
F03332,60,0.004935044081539896,0.34362931941582375,0.5333333333333333,-0.3700179512200248,5,-0.0946244036656913,0.18809285328720404
F02092,60,0.004929002453355365,0.34314473470862783,0.45,-0.5088732026177343,8,-0.0865741963138106,0.25112395902907436
F00987,60,0.004927185675870947,0.34299904889578303,0.5,-0.520223395386001,14,-0.1799112459334953,0.3943440931348385
F00878,60,0.004919395944569665,0.3423745732136849,0.48333333333333334,-0.47691633631289565,7,-0.14294280556473604,0.29741961147262935
F00116,60,0.00490987930148844,0.34161204450630067,0.48333333333333334,-0.5656876712268679,9,-0.16173930980497941,0.4027152940045061
F00489,60,0.004907547533759191,0.3414252747108846,0.5,-0.22208279211158888,2,-0.06167111360858466,0.24372920288411767
F02933,60,0.0049005330099280335,0.3408635799202213,0.4666666666666667,-0.5667438619494712,11,-0.12918466068500192,0.2664072056429423
F00345,60,0.004888560676439721,0.3399054179166041,0.5166666666666667,-0.4440510470982626,3,-0.10916135855010475,0.1745141833974198
F04580,60,0.004888059262658015,0.33986530378775237,0.48333333333333334,-0.20103645687146465,2,-0.04872681050287172,0.2591392661477725
F04528,60,0.004886050156685965,0.339704583043154,0.43333333333333335,-0.43478927314011084,6,-0.1173226968366606,0.3061308429660147
F03729,60,0.00488106780049066,0.3393060955198799,0.45,-0.40682450604114306,6,-0.10534840222408344,0.2023503418331553
F00843,60,0.004877756331036514,0.33904130955200795,0.4666666666666667,-0.5254379378395886,13,-0.1433342119962695,0.4545976661554125
F00891,60,0.00487546501455974,0.33885812541704774,0.5166666666666667,-0.49703175726126614,5,-0.22104148350552852,0.28419440208210855
F02292,60,0.0048754435920639935,0.33885641286665913,0.5166666666666667,-0.5438887038326401,10,-0.22104148350552852,0.28419440208210855
F03233,60,0.0048741358973587254,0.3387518776284917,0.5,-0.29059675390728,3,-0.05783377778011245,0.2526279472181358
F00155,60,0.0048687434323888236,0.33832089649612485,0.5333333333333333,-0.6626306125384751,10,-0.22104148350552852,0.2841944020821086
F01714,60,0.004864633154132469,0.3379924830031562,0.5333333333333333,-0.6843595645602611,11,-0.15805171617752706,0.41386747013921543
F01653,60,0.0048629238466077794,0.33785593172354456,0.5166666666666667,-0.528683586160044,13,-0.1471474178114283,0.2689116255532086
F01695,60,0.0048585839041053805,0.337509288734853,0.5833333333333334,-0.4704567999357159,5,-0.10993366474774344,0.18783127463466054
F00868,60,0.004857003883346804,0.3373831101191411,0.48333333333333334,-0.4375275411821975,6,-0.08070110785026617,0.17251037281353318
F02854,60,0.004855385184076849,0.33725385482103865,0.4166666666666667,-0.2977121742973986,5,-0.08754122656414783,0.2587156386959234
F00623,60,0.004853810402618417,0.33712811820750077,0.6,-0.6129250378623298,8,-0.22104148350552852,0.28419440208210855
F01209,60,0.004849281208695767,0.3367665547264309,0.4666666666666667,-0.5237231155190073,6,-0.11746538109624,0.25899494862580713
F02192,60,0.004849249961801499,0.3367640606350881,0.5666666666666667,-0.3840216246350123,7,-0.09747488412248774,0.13378065349366858
F01371,60,0.004847758703803413,0.33664503544839963,0.48333333333333334,-0.3320504984956145,3,-0.09104581170373303,0.3192260181059662
F04038,60,0.004842051953440504,0.3361896457641256,0.5166666666666667,-0.21164782686976313,4,-0.06461416812333329,0.19613564655381457
F03483,60,0.00484073747638173,0.33608477418629046,0.48333333333333334,-0.3938215379158908,5,-0.07607690491436786,0.18020057780661297
F01350,60,0.004835419906579751,0.3356606105496276,0.5,-0.4940815999816274,12,-0.15401105194692066,0.3818520493284328
F01218,60,0.004833961827898846,0.33554432793102085,0.5666666666666667,-0.574099491332698,9,-0.17537152912361598,0.43083053402727145
F03758,60,0.004831069556776473,0.3353136970926114,0.48333333333333334,-0.49224145164959476,11,-0.11528596056645503,0.3862777860018215
F01391,60,0.004828989595361167,0.33514786435956445,0.55,-0.4866736169203367,10,-0.16124919697605583,0.36450505202467526
F04444,60,0.0048111118476568075,0.33372332865448984,0.5666666666666667,-0.4386810100864905,6,-0.09197744048304764,0.14194265406005796
F03822,60,0.0048102464164141235,0.33365440725239726,0.5166666666666667,-0.5433916117485389,7,-0.11834305444723991,0.26792142166855143
F00938,60,0.004805719340638122,0.33329393607661495,0.5,-0.43246214879266265,6,-0.10983300501396726,0.23565219668860402
F00819,60,0.004805016003486098,0.3332379410253443,0.4,-0.5742946211083402,9,-0.12131739657891591,0.37708471537774685
F00173,60,0.004803253847992742,0.33309766001657315,0.48333333333333334,-0.2554605995889607,2,-0.05383374565016511,0.12507890471181718
F00599,60,0.004799619734414695,0.3328084027057976,0.48333333333333334,-0.6456499290850239,13,-0.22104148350552852,0.3769747904301118
F04050,60,0.004799080541303158,0.33276549088221596,0.45,-0.546671775352714,10,-0.15798507033600423,0.347709020184957
F00622,60,0.004796711646475214,0.3325769778687153,0.48333333333333334,-0.11204387698069418,2,-0.04844967074118454,0.25491650311995095
F02176,60,0.004796473776587591,0.33255804999691985,0.55,-0.2805767021889206,3,-0.060457179593051635,0.12910413400865356
F00305,60,0.0047929119229499885,0.3322746564608816,0.5666666666666667,-0.4583723461381124,6,-0.14195237584811443,0.26436225733833124
F00910,60,0.004792373090101691,0.33223179019563154,0.5333333333333333,-0.3694555978986488,6,-0.0893805045446907,0.19235230544876852
F03116,60,0.004787323100350426,0.3318301096288625,0.5833333333333334,-0.49759737594483777,6,-0.1093839507482631,0.2085086365403407
F02079,60,0.004776810242555763,0.33099428977540546,0.5166666666666667,-0.2325543756096744,2,-0.05613345548099276,0.24195342363733496
F02541,60,0.004766288607257535,0.33015828851730267,0.5666666666666667,-0.4290244403388065,5,-0.10924767868845903,0.2420438913850805
F02676,60,0.004764925589114248,0.3300500270828499,0.4666666666666667,-0.574215741490044,9,-0.11798536842892707,0.23190765426269536
F00335,60,0.004762525067176849,0.32985938014631033,0.5,-0.4947589955049384,7,-0.10572299784359174,0.1929729007930427
F01476,60,0.004755436945702598,0.32929660576791275,0.48333333333333334,-0.5430499301431311,8,-0.14353128004879231,0.20373155648358784
F00966,60,0.004754705196157934,0.32923852051140234,0.4666666666666667,-0.33895397601806576,6,-0.05905342500499169,0.26985989905294616
F04992,60,0.004753652761993315,0.3291549841339019,0.5333333333333333,-0.5160326016434891,12,-0.1679668074849287,0.35742400211098946
F00617,60,0.0047499950888129135,0.3288646985020851,0.5,-0.23155302044367698,3,-0.060289525971519486,0.25326282155097934
F02679,60,0.004749970502786874,0.32886274748071864,0.5333333333333333,-0.4019397899947017,5,-0.1368841888154815,0.37917302924540275
F01595,60,0.004746408282453706,0.32858009764860974,0.48333333333333334,-0.16793131278562967,5,-0.06590448213824197,0.12784500964015658
F02266,60,0.004743806668885538,0.3283737059876739,0.55,-0.2663131218813415,4,-0.04156638551120442,0.09936468880953382
F00996,60,0.004742652780713118,0.32828217562325457,0.48333333333333334,-0.5531869605575801,9,-0.1490654977306684,0.2874390927057647
F01499,60,0.004741415943984471,0.3281840723815266,0.55,-0.15537616297172685,0,-0.05265576099522212,0.06753608267182987
F03058,60,0.004736079454611264,0.32776087515037844,0.4166666666666667,-0.542836054120323,7,-0.13523897330745047,0.28816434317014467
F00032,60,0.004734301554243181,0.32761991256083056,0.48333333333333334,-0.2526896050219709,2,-0.05671788448864746,0.4381879515020095
F02165,60,0.0047253967560945956,0.32691410823651235,0.48333333333333334,-0.7015814435696324,10,-0.22104148350552852,0.33126455321587417
F01312,60,0.004724735777494946,0.32686173304160526,0.5333333333333333,-0.2806256448558685,1,-0.07146285386311568,0.14927980530653423
F01192,60,0.004723213746977446,0.32674113679881867,0.48333333333333334,-0.4196829619400757,5,-0.09919841973642929,0.24924918065798918
F04962,60,0.004710467664671717,0.32573163939664207,0.48333333333333334,-0.6169668925567933,10,-0.17311151878718178,0.32707045550189073
F03969,60,0.004708951188462722,0.32561158385583844,0.5166666666666667,-0.4828666012381052,6,-0.1332470814387289,0.3680405942942895
F01932,60,0.004704024566278507,0.3252216295623429,0.5333333333333333,-0.6145107845687975,9,-0.22104148350552852,0.28419440208210855
F02943,60,0.004702498720086205,0.32510087795364306,0.48333333333333334,-0.2226875121846088,3,-0.049589398000699336,0.13456601384239822
F01311,60,0.004701325676895091,0.32500805363832286,0.5,-0.5739501415921303,8,-0.1553993204894599,0.6032728695841697
F00881,60,0.004694160507016583,0.32444120394081044,0.55,-0.4949684946093912,6,-0.09222891368022687,0.15063649762725603
F02358,60,0.004686969562484194,0.3238725549144994,0.45,-0.20079183694536484,3,-0.05912739174007828,0.24201751444380568
F01223,60,0.004683937811572311,0.3236328805875661,0.5333333333333333,-0.535885466724692,6,-0.12039354610795146,0.31676734157310943
F00078,60,0.004681950094979393,0.3234757652964928,0.4666666666666667,-0.18036008916880752,2,-0.055568652310592555,0.09781370281511809
F04056,60,0.004680192131760224,0.3233368257072291,0.4666666666666667,-0.5067761525337027,6,-0.10843093555282833,0.2848826872595941
F02114,60,0.0046789965097272235,0.3232423386176877,0.4166666666666667,-0.7026797171354,10,-0.22104148350552852,0.28419440208210855
F00807,60,0.004678898799875916,0.3232346171399829,0.55,-0.550475578379237,8,-0.22104148350552852,0.28419440208210855
F04688,60,0.004677982382989241,0.32316219985799366,0.5833333333333334,-0.5358117120390624,7,-0.22104148350552852,0.28419440208210855
F04133,60,0.004676385388373951,0.3230360111371249,0.48333333333333334,-0.3961140753183131,4,-0.07620697505627022,0.2028715048620457
F01456,60,0.0046758654855869,0.3229949328584387,0.4666666666666667,-0.465936488886854,6,-0.10970557967063066,0.3490965002560018
F02904,60,0.004675131248877264,0.32293692187971734,0.48333333333333334,-0.5896093563721061,9,-0.22104148350552852,0.4207962363090124
F02544,60,0.004674738416888665,0.3229058858205227,0.5833333333333334,-0.591688101867867,6,-0.22104148350552852,0.318914612266766
F03839,60,0.004673518089592478,0.32280947728615317,0.5,-0.497452126134982,9,-0.10822856053455346,0.26670740361446305
F03316,60,0.0046735095529034055,0.32280880289331804,0.48333333333333334,-0.5065875374911348,7,-0.12798521596424817,0.2145416385843389
F01258,60,0.004668138587041398,0.3223845671289267,0.4666666666666667,-0.5826029522532497,9,-0.13584959076103936,0.4577198538395312
F01815,60,0.004666078932142638,0.3222219169342757,0.5,-0.215835342997588,2,-0.06405559924153852,0.26702116962011857
F01078,60,0.004664729096900033,0.32211533160959216,0.45,-0.4940999394269895,7,-0.12681787533175162,0.25929331452023047
F04190,60,0.004664239346403481,0.32207666215241026,0.4666666666666667,-0.5144204811081208,10,-0.13346525856276262,0.21737376150732232
F03808,60,0.00465372994582529,0.3212471344773631,0.45,-0.36747669927975246,4,-0.0901072403495094,0.41422438267770756
F03414,60,0.0046511002194220994,0.32103964506539184,0.48333333333333334,-0.5456404020776042,7,-0.12247883611870364,0.36075083490214715
F04960,60,0.004643891615605044,0.32047103954592826,0.5,-0.5407126736763859,11,-0.22104148350552852,0.28419440208210855
F04026,60,0.004643055302345007,0.32040508779942223,0.38333333333333336,-0.3320290617679541,2,-0.06859321781983427,0.515100914373518
F01415,60,0.0046390033822419005,0.32008559883976595,0.5333333333333333,-0.14114017731573292,1,-0.044397831799305315,0.26352114403349636
F02644,60,0.004635148106473799,0.31978168561855824,0.5,-0.2291392935427301,1,-0.06979886870421578,0.21108687281246294
F04145,60,0.004634859481040209,0.31975893590686755,0.45,-0.2573651805689693,3,-0.07404136922232682,0.18383749021603996
F00228,60,0.004633856295331434,0.3196798669222807,0.5,-0.5730786145929794,6,-0.1744591999450025,0.33001383423183156
F00970,60,0.004626308377048945,0.3190851052565764,0.5166666666666667,-0.6079204055770311,8,-0.13075639428091837,0.3414810671060827
F01863,60,0.004623612511638492,0.3188727400583955,0.55,-0.550697912553964,11,-0.13404665663430784,0.22917601244332247
F04376,60,0.0046214466421375475,0.3187021493290456,0.5166666666666667,-0.5892710397566715,9,-0.18747820191830922,0.5013767848710042
F03725,60,0.004621369870438729,0.3186961029455233,0.4166666666666667,-0.637746002901223,11,-0.11260651264539515,0.45537852405217094
F03576,60,0.004621188827148018,0.3186818444505386,0.5833333333333334,-0.3228437392805864,5,-0.08043851194439967,0.2483059910260087
F00098,60,0.0046170745310680095,0.3183578541432248,0.43333333333333335,-0.5302404975089463,7,-0.11448864373018575,0.23643945644105646
F04025,60,0.004600910070133943,0.31708570185043805,0.48333333333333334,-0.5546271279021895,9,-0.12192834828963181,0.2673128005664865
F02184,60,0.004599399006769679,0.31696684201517256,0.43333333333333335,-0.4294723717221435,6,-0.1308495840917837,0.359749740989001
F04323,60,0.004596468894682766,0.31673639024754485,0.4,-0.39847238877373303,6,-0.08329374412886928,0.32348223941283993
F04550,60,0.00459461092545615,0.31659028249406096,0.48333333333333334,-0.6700846412684225,7,-0.22104148350552852,0.3187427368913276
F04238,60,0.004586103551700372,0.31592147970789686,0.55,-0.5487851914321654,9,-0.22104148350552852,0.28419440208210855
F00438,60,0.004578096021316098,0.31529227706608487,0.45,-0.47603039488701104,5,-0.10739425196155944,0.2573976266011523
F02692,60,0.00457716863886071,0.3152194258401706,0.5333333333333333,-0.43721846452369784,9,-0.1441819842801503,0.25707596804774807
F01724,60,0.004575951841403415,0.315123845419637,0.5333333333333333,-0.35885873420125614,4,-0.094604749572595,0.24366726046906848
F02451,60,0.004575499025540899,0.3150882781127309,0.5,-0.5310970127022403,6,-0.22104148350552852,0.28565796430692625
F03090,60,0.004570447264239442,0.31469154178257286,0.45,-0.28911922511984767,7,-0.06759064061241375,0.20120734335847762
F00618,60,0.0045702214276699725,0.314673808623521,0.4666666666666667,-0.23477926074433875,4,-0.04262893321370721,0.13231105040419205
F01733,60,0.004567135803083367,0.3144315424969135,0.48333333333333334,-0.46073454346126996,10,-0.12515930075300952,0.39490145337245514
F00696,60,0.004565369281776982,0.31429286480418783,0.5333333333333333,-0.5845623562742581,10,-0.13405030392911715,0.255866525446356
F00107,60,0.00456472365375494,0.31424218448566066,0.48333333333333334,-0.3962388514151519,5,-0.08423580907908035,0.17929840901042693
F04716,60,0.00456460458527338,0.3142328380929107,0.4666666666666667,-0.5450751934106794,10,-0.22104148350552852,0.45447802220528033
F01155,60,0.004563712949654367,0.314162850391408,0.48333333333333334,-0.6397328801341267,9,-0.15977034809242177,0.35334736045084264
F01098,60,0.0045635664396075845,0.314151350639039,0.5,-0.5720547499111857,12,-0.14912361129453844,0.25907004885404467
F04637,60,0.004559765151878904,0.3138530175136709,0.48333333333333334,-0.40051489386792105,3,-0.08235580818947194,0.3341963524264655
F03952,60,0.004558918455505388,0.3137865760555605,0.48333333333333334,-0.40416023283379876,11,-0.12806557567125273,0.2939677609427663
F04098,60,0.004558281902258927,0.31373662700058635,0.5166666666666667,-0.5873930660144984,14,-0.1641153212755095,0.31836327826799937
F04426,60,0.00455524557852542,0.3134983984705284,0.45,-0.46862636597349705,6,-0.10540996354498602,0.3558839016651277
F01643,60,0.004552368360831221,0.3132726925245486,0.5333333333333333,-0.6767787378525117,11,-0.16611104248072703,0.2890016181175924
F00792,60,0.0045494753322233355,0.31304578473011,0.5,-0.41537713114638575,6,-0.10157333522092797,0.25447675128975733
F03208,60,0.004540983028023686,0.3123799337739894,0.5166666666666667,-0.4792791427465598,4,-0.22104148350552852,0.2841944020821086
F02903,60,0.004534144166070007,0.31184396462626585,0.5666666666666667,-0.505032238014276,7,-0.10539620531577504,0.22637184104074098
F04176,60,0.004533683869886389,0.3118078984390684,0.5166666666666667,-0.6109588658700291,9,-0.11747961480452997,0.3552689669354218
F02528,60,0.004531502459522783,0.3116369888071786,0.43333333333333335,-0.3321537203420525,4,-0.050304468683400216,0.2561482359893199
F02295,60,0.004529321241253662,0.31146611611864583,0.4166666666666667,-0.325774290365904,2,-0.06022318480977481,0.39660636833727175
F01455,60,0.004524700222324468,0.31110418617140745,0.55,-0.4882227028130106,3,-0.22104148350552852,0.28419440208210855
F02076,60,0.004524343276900766,0.31107623338537205,0.55,-0.4803821533050602,4,-0.10432734843266582,0.19438926754359623
F02333,60,0.004516543511062567,0.31046557149259013,0.43333333333333335,-0.18636509695772485,2,-0.05744010819856624,0.255799059256022
F03156,60,0.004512638330636797,0.31015993087389027,0.5833333333333334,-0.25528812975843485,2,-0.05937808312111481,0.10518091866264272
F02286,60,0.004503860866822427,0.30947321472322553,0.4666666666666667,-0.5767864742627985,11,-0.22104148350552852,0.5371408881329449
F04246,60,0.004498357213883008,0.309042809923574,0.5333333333333333,-0.20501830185797876,2,-0.02873164613877661,0.24494689024471103
F00989,60,0.004498251111586529,0.30903451372192126,0.5333333333333333,-0.5229527811239679,10,-0.11128433515655557,0.18121667952576118
F02374,60,0.004494931251984989,0.30877495804126376,0.5,-0.6748543110938178,12,-0.22104148350552852,0.42886384849454307
F04668,60,0.004485213601816901,0.3080154964741142,0.5166666666666667,-0.5689288818479343,6,-0.22104148350552852,0.28419440208210855
F04756,60,0.0044839752198174475,0.30791874459083735,0.5666666666666667,-0.5249990447661818,8,-0.22104148350552852,0.28419440208210855
F03454,60,0.004482435435179937,0.30779845464068356,0.48333333333333334,-0.3280992700565095,4,-0.09387768878757667,0.19425860069340303
F02799,60,0.004477884042621247,0.3074429576172468,0.5,-0.4596712540798704,10,-0.15273630905445845,0.3723263329533678
F02368,60,0.004473829795072706,0.3071263712752055,0.5,-0.3863568273835696,4,-0.09168680029556302,0.24818396231994116
F01136,60,0.00447269101288695,0.30703746010201627,0.4666666666666667,-0.5313597187362947,12,-0.160286222956728,0.34977856945661295
F01367,60,0.00446842783435191,0.3067046624162668,0.55,-0.42119629800603675,4,-0.10094082142878474,0.2948547971596202
F04697,60,0.0044625375376937185,0.3062449836515446,0.55,-0.22786374080398675,4,-0.07862615984827656,0.09023832416034738
F02720,60,0.004459382486439466,0.3059988288455131,0.4666666666666667,-0.3902116108464565,4,-0.07709060717461554,0.2339822442465759
F04538,60,0.004456591226878656,0.30578109483091365,0.48333333333333334,-0.45339698364460157,10,-0.11335264641338587,0.18800039262648532
F01082,60,0.004456497757104478,0.3057738042781857,0.5,-0.6570925207155232,7,-0.17717930572405655,0.33195946488480893
F01607,60,0.004455124849661625,0.30566672342620604,0.5666666666666667,-0.34567094349714556,5,-0.17238039751863504,0.10180433852454332
F04527,60,0.004449360435385147,0.3052172182368109,0.45,-0.3891540546997073,4,-0.0733950081899639,0.15991967026336545
F00578,60,0.004445123709891467,0.30488693822910196,0.55,-0.5388840498652787,10,-0.12596291406493124,0.3563230263611147
F01342,60,0.004442420822239978,0.30467627368936245,0.48333333333333334,-0.5625391351779332,12,-0.22104148350552852,0.5660007596821302
F03069,60,0.004433741323732807,0.30400001493715667,0.55,-0.3987596577360015,8,-0.1440028478603742,0.26046718684391135
F02627,60,0.004430532426017192,0.30375008257245195,0.5333333333333333,-0.6325003594226268,11,-0.22104148350552852,0.28419440208210855
F03063,60,0.0044274991048486,0.3035138687000005,0.4666666666666667,-0.616946716783768,8,-0.11485588580270782,0.43643129276999554
F03522,60,0.004418324616227714,0.3027996796932144,0.43333333333333335,-0.3263006095228108,6,-0.11017563805035972,0.2643485778583394
F01599,60,0.00441151544265751,0.3022698676570086,0.5333333333333333,-0.28470092552477233,5,-0.10031699552961769,0.11500235610919056
F02009,60,0.004410328970945351,0.30217757167108505,0.55,-0.6554267837075229,7,-0.15855081156386144,0.3644050241923575
F03347,60,0.0043910603584856964,0.3006795607645829,0.5,-0.2718026361671039,4,-0.0640191458640915,0.14891375545871705
F02476,60,0.004384068012023329,0.30013636987524905,0.5166666666666667,-0.5058726564109473,9,-0.12445484396490075,0.27667476785983625
F01708,60,0.004380162619698413,0.2998330818972643,0.4666666666666667,-0.26161959075096153,3,-0.05632821873369211,0.22583031161868458
F04889,60,0.004361115038739735,0.29835486694205304,0.5333333333333333,-0.4295926282952056,5,-0.09105729953510941,0.1986317203634885
F03987,60,0.0043585195983386615,0.29815357206422144,0.5166666666666667,-0.3899855391135565,7,-0.06380973317811016,0.13225973664809174
F03652,60,0.004355189641599016,0.2978953551599408,0.48333333333333334,-0.39226962987612524,6,-0.12200860370189666,0.18699643003220862
F01940,60,0.0043549203290985114,0.29787447390106836,0.45,-0.23330516753552366,1,-0.05900767366389078,0.3980124323803251
F02825,60,0.004345245700946564,0.2971245665580924,0.4666666666666667,-0.602349534957858,10,-0.22104148350552852,0.28419440208210855
F01379,60,0.004326939805597006,0.29570679132001354,0.5166666666666667,-0.48718549618157236,8,-0.13847135159874066,0.27665437470037185
F04719,60,0.004319607888650793,0.2951393683879431,0.4666666666666667,-0.5524719730392652,13,-0.14279559057104446,0.4243368739779388
F02313,60,0.00431486582404684,0.29477250633791363,0.5666666666666667,-0.40485593159716704,4,-0.0997349790562704,0.1570927313362595
F01050,60,0.004310723733500197,0.2944521439085601,0.43333333333333335,-0.5036325848801082,9,-0.12948180737168027,0.26808855448956825
F03052,60,0.0043095038042035416,0.29435780556457325,0.48333333333333334,-0.3295946088898899,4,-0.06646809152957737,0.23394883483115556
F00237,60,0.004308484297189034,0.29427897126058444,0.5166666666666667,-0.4904012009491112,6,-0.14458105342510563,0.21087995902933193
F04526,60,0.004307144412847242,0.2941753706694892,0.4,-0.5635954778001464,7,-0.11448864373018576,0.2606090819094785
F02000,60,0.004306684646981634,0.29413982320013465,0.4166666666666667,-0.34667412662433417,5,-0.058056845948687465,0.27853451249274713
F03266,60,0.004300102128026264,0.2936309913969588,0.5,-0.4178863798264937,5,-0.16049411200308467,0.32715487745881944
F03999,60,0.004287608449692907,0.2926657651910598,0.43333333333333335,-0.23625213787124588,3,-0.05945899337285923,0.26010823417720186
F02924,60,0.0042836325004527945,0.29235874318541,0.45,-0.4107808851808,9,-0.09259924120302838,0.20303233935077164
F01140,60,0.004283325796890376,0.29233506257686437,0.55,-0.31412479559093764,5,-0.09121392955464755,0.22982250707216234
F01996,60,0.004279395258825676,0.2920316231628499,0.4666666666666667,-0.27555851070507,4,-0.0618797866982316,0.2190651155437116
F00730,60,0.004278827800737594,0.2919878209155575,0.5,-0.717528361142623,10,-0.22104148350552852,0.45387696491817375
F02768,60,0.0042774496148791875,0.29188144444646125,0.5,-0.5190164445300331,6,-0.11599046206757592,0.14371682250296022
F00376,60,0.004271438971116703,0.2914176083827278,0.5166666666666667,-0.4721632155455364,8,-0.1407926920479816,0.1929902133187416
F01763,60,0.004271290498764867,0.29140615297540395,0.5166666666666667,-0.32859904897130565,4,-0.0665168479869539,0.09145361581984277
F04055,60,0.004268789198947603,0.29121317982086725,0.48333333333333334,-0.44813567655827957,8,-0.1060342336056146,0.33626303369818566
F03490,60,0.0042551526667601244,0.2901616315264439,0.4666666666666667,-0.2343298195315261,3,-0.0755565485087961,0.2332897454058656
F00060,60,0.004254070948702728,0.29007825350530414,0.48333333333333334,-0.3405138264696702,5,-0.0904877111426926,0.10503101723864364
F01146,60,0.00425350870141358,0.2900349179963646,0.4,-0.49606546870705237,6,-0.22104148350552852,0.28419440208210855
F02628,60,0.004251773701537347,0.2899012009815589,0.48333333333333334,-0.34153801967058617,7,-0.09144904884928522,0.27064159577275115
F02354,60,0.0042472629230138285,0.289553617563832,0.55,-0.6339187798902166,14,-0.16244734984422898,0.3785138691720946
F00699,60,0.004236345531422478,0.2887127461003236,0.43333333333333335,-0.5040679137632871,8,-0.11037174267113609,0.4327368931833925
F04236,60,0.004233140063927291,0.28846595930261243,0.5,-0.4431387082894286,8,-0.12802602108671857,0.37092388738331167
F02931,60,0.004225200987805034,0.28785493520829863,0.4166666666666667,-0.18706599876889973,5,-0.06725900300472287,0.24500929981640995
F03453,60,0.0042217645413750934,0.28759054046356547,0.5166666666666667,-0.44798044752749244,6,-0.09667510894084354,0.15543118398299183
F03819,60,0.004201772214920715,0.2860534207318479,0.4666666666666667,-0.6008310122243792,7,-0.14827530371178588,0.6261027934581125
F00096,60,0.0041842639225144465,0.28470876931871403,0.55,-0.5999244965020825,7,-0.13573414537598022,0.20586486590362724
F01750,60,0.004184158666058878,0.2847006897174944,0.4666666666666667,-0.5212996713765885,9,-0.1614107808115739,0.4281740146192018
F01428,60,0.004177586147400106,0.2841962749209319,0.5166666666666667,-0.4210856239703247,6,-0.09995886390612535,0.3055342966927356
F01022,60,0.004176652754638674,0.2841246565145943,0.4166666666666667,-0.3369442953394205,3,-0.052386671254978805,0.37706024253635895
F02350,60,0.004176565481508871,0.28411796032482606,0.48333333333333334,-0.2344720706602328,4,-0.05184903410878744,0.10034208225518389
F01902,60,0.00417429818721683,0.28394401007509096,0.5166666666666667,-0.3673347778310907,4,-0.07926108588950725,0.21143567447239292
F04452,60,0.0041639500533997825,0.2831503797557706,0.5166666666666667,-0.5226054100709294,8,-0.22104148350552852,0.28419440208210855
F03041,60,0.004160163377236981,0.28286008844570776,0.5666666666666667,-0.4215966648008822,6,-0.12197287276191487,0.26062875545498
F04401,60,0.004158231760075159,0.2827120331429285,0.48333333333333334,-0.5744000371436842,8,-0.22104148350552852,0.28419440208210855
F01205,60,0.0041534956737558915,0.2823490909566857,0.5166666666666667,-0.5323396622718055,8,-0.11772096458024153,0.167726949594097
F01341,60,0.004152196745317794,0.2822495673590433,0.4666666666666667,-0.4675673599097354,9,-0.11804130050758214,0.32529562989422045
F04094,60,0.004147951203153967,0.2819243278770738,0.5833333333333334,-0.5421110842018265,6,-0.22104148350552852,0.28419440208210855
F03484,60,0.004146035739827823,0.28177761597894024,0.5166666666666667,-0.5142197102723489,8,-0.15027487324400368,0.3815988552679372
F00287,60,0.004139649589093453,0.28128859809349915,0.5333333333333333,-0.37173107851276377,4,-0.09736776994886018,0.21181937767392775
F01528,60,0.004136435900724227,0.28104258011002603,0.5166666666666667,-0.5402940645686898,7,-0.13230052153610034,0.28272331042027743
F01620,60,0.004129746718578561,0.28053065106865405,0.5333333333333333,-0.433967175184065,3,-0.11891012741212692,0.32925267607952197
F03130,60,0.004119755261637951,0.2797663706344953,0.4,-0.22475333561404942,2,-0.08262029133960617,0.25605769798415634
F02873,60,0.00411776363773374,0.2796140781921581,0.55,-0.5801395393945179,7,-0.10975390948941659,0.28265543854307473
F00440,60,0.0041157634323803465,0.2794611474928801,0.4166666666666667,-0.34593469015141987,7,-0.06979986200089429,0.1799557454902507
F00695,60,0.0040916344816682194,0.27761772376791827,0.5833333333333334,-0.3545544273110054,2,-0.07220007136583531,0.21947340901525614
F02757,60,0.00408291338210009,0.2769520847026381,0.55,-0.16205662302036228,1,-0.03193077999456671,0.0789227239701116
F01294,60,0.004079167913329428,0.27666631599837266,0.5333333333333333,-0.5572213808085978,5,-0.22104148350552852,0.28419440208210855
F03435,60,0.004078367228023436,0.27660523412676996,0.5333333333333333,-0.6360016690110989,11,-0.13472862219953352,0.44212296034403115
F02020,60,0.004070545917731234,0.2760087210303921,0.5333333333333333,-0.36695426642110485,5,-0.07931786306313994,0.1753695530628576
F03354,60,0.004070277961454401,0.27598828948666876,0.55,-0.6478961502740459,9,-0.22104148350552852,0.3438032730949383
F03174,60,0.004068603671593068,0.2758606329342075,0.48333333333333334,-0.5893611425151943,9,-0.15445587084437865,0.4717223761180596
F00174,60,0.004061751641742153,0.27533832945458947,0.5,-0.5360752982517267,10,-0.1478551946868886,0.20515777888925948
F03028,60,0.00406154295245786,0.2753224251851021,0.55,-0.44325181483074294,6,-0.11217293271533377,0.18886464224129146
F03572,60,0.004055750494608378,0.27488105815682373,0.5,-0.6832869752211574,9,-0.15396305674932367,0.36640694277487007
F03015,60,0.004053096704621607,0.274678897900102,0.5166666666666667,-0.6502883175895943,8,-0.13801343655657103,0.24164146567227665
F03474,60,0.004049627923026405,0.2744147007904776,0.45,-0.6693760696665225,11,-0.148120345557836,0.5317181018778339
F03336,60,0.004034415758069014,0.2732567135458934,0.5166666666666667,-0.1870696343380701,1,-0.05078382386088761,0.1128861854824898
F02844,60,0.004025022837694271,0.2725422181808095,0.43333333333333335,-0.6688848160300966,11,-0.14496483013738504,0.5071694274605822
F03087,60,0.004023557126164858,0.27243076083045814,0.5,-0.5524824172623701,9,-0.15731949898777556,0.38045202157233415
F03264,60,0.0040216376730252,0.2722848140467795,0.55,-0.46721623925604905,5,-0.12852819417176248,0.2638761542144626
F02261,60,0.0040163679478570306,0.27188421192471157,0.5,-0.1552399527088364,1,-0.030518120690512796,0.23629955577995407
F00648,60,0.004014409429595232,0.27173535787041225,0.4666666666666667,-0.6321845464543241,10,-0.131182680546154,0.5844234955878086
F00737,60,0.004012878115878018,0.27161898474896895,0.5166666666666667,-0.5838191227803025,12,-0.22104148350552852,0.28419440208210855
F00920,60,0.004009823373010265,0.27138686897755715,0.5166666666666667,-0.5868416289247247,9,-0.16642092678081805,0.4060316829577935
F03138,60,0.0040043458499692515,0.27097076168340894,0.43333333333333335,-0.6264096786095219,9,-0.181900579367037,0.6122082052157439
F00856,60,0.003996093926398462,0.2703441462041829,0.5166666666666667,-0.5551360803936864,8,-0.22104148350552852,0.28419440208210855
F04451,60,0.0039937028322151865,0.2701626335993901,0.5666666666666667,-0.6010503336778844,8,-0.1343453791961441,0.3917364282062545
F01233,60,0.00397321965238619,0.2686087602582208,0.5166666666666667,-0.3624704837993252,5,-0.12084380842191547,0.22600075021029525
F03831,60,0.003962636936403972,0.2678066779642154,0.5,-0.43824165000539705,7,-0.11889192302849817,0.15103358347168125
F02428,60,0.003961343062313072,0.26770864723344734,0.5333333333333333,-0.5818836506937324,6,-0.22104148350552852,0.28419440208210855
F04569,60,0.003952974692967528,0.2670747953774444,0.5166666666666667,-0.3769658034192028,6,-0.09682692542161052,0.15515600456585393
F03203,60,0.003946352722311186,0.26657344322771803,0.4666666666666667,-0.5827276672163619,10,-0.22104148350552852,0.5121133928667213
F04618,60,0.0039459498379272205,0.26654294697943604,0.4666666666666667,-0.6137337554477382,8,-0.1606858789488813,0.3471800804198728
F01833,60,0.00394498303051033,0.2664697676416907,0.5333333333333333,-0.6132631105563353,11,-0.16028650034188496,0.2569613233622608
F03840,60,0.003938762255501639,0.2659990057767698,0.5,-0.28221548770474336,3,-0.09865245065133206,0.1683996816796124
F00818,60,0.003938650021262026,0.26599051394604367,0.5,-0.5312191816894491,7,-0.15475850280254255,0.17207278015124025
F01745,60,0.003925883697848196,0.2650249579544912,0.45,-0.7759610861211513,13,-0.1458895021133531,0.4528163577173511
F04814,60,0.003923412644050247,0.2648381482819624,0.5,-0.4148277744684249,5,-0.10883177856176314,0.19669364191647865
F01301,60,0.003912257380035028,0.263995156919276,0.4666666666666667,-0.7124943234816945,11,-0.22104148350552852,0.3870873142396562
F04660,60,0.00390653675244545,0.2635630695448785,0.5333333333333333,-0.6149008337602293,10,-0.22104148350552852,0.31062496486923175
F02216,60,0.0039012347782732496,0.2631627333665296,0.4166666666666667,-0.4429997771169847,4,-0.1035112949589255,0.2186146713597039
F01612,60,0.0038997233087155704,0.26304862967850684,0.45,-0.4304926215018756,9,-0.12891741016156846,0.3781107912764488
F04707,60,0.0038955726420738914,0.2627353401543695,0.5166666666666667,-0.5840468969883057,9,-0.22104148350552852,0.4905104981542178
F04006,60,0.0038880076333812495,0.26216453493316516,0.48333333333333334,-0.427039649913568,6,-0.12601035201691477,0.22348360933518308
F00677,60,0.0038851721061019776,0.26195065029164777,0.5333333333333333,-0.5631845631113617,9,-0.22104148350552852,0.28419440208210855
F00425,60,0.003884074268212259,0.26186784963375365,0.5,-0.47273438523806266,5,-0.10152678674622188,0.320917002067525
F00114,60,0.003880283003842926,0.2615819475986325,0.48333333333333334,-0.7165727756438709,11,-0.22104148350552852,0.4392484751181845
F01128,60,0.003876287773463942,0.2612807332664753,0.5166666666666667,-0.5370063485133857,7,-0.16022811292676947,0.3812391698726372
F03383,60,0.0038754387980047857,0.26121673516100263,0.43333333333333335,-0.5548859857393724,8,-0.11592053750525193,0.26988566507099454
F04200,60,0.003872038161251248,0.2609604178184799,0.5,-0.6038568535258527,13,-0.15000507202250635,0.42349012712396694
F03588,60,0.003861718344564712,0.26018289233556136,0.4666666666666667,-0.6432789957899768,10,-0.1794363669629622,0.36680012165758663
F00104,60,0.003858639374216524,0.25995100493675727,0.5,-0.5683144122360926,10,-0.22104148350552852,0.28419440208210855
F03888,60,0.0038525115872181464,0.25948962595717884,0.48333333333333334,-0.2879306376590204,4,-0.08618943796714032,0.28177744346441813
F01115,60,0.0038336651933640227,0.2580716668993319,0.5,-0.5112955168691699,8,-0.1300435717085325,0.33305022824512237
F01324,60,0.0038263470273183844,0.2575214882433714,0.5166666666666667,-0.668129211095976,11,-0.1367047019696782,0.3891281276626154
F02879,60,0.003823565962800625,0.2573124702638312,0.5166666666666667,-0.5272777817233003,9,-0.1446243325192792,0.36828027645408956
F04546,60,0.003818053374237463,0.2568982586121935,0.5166666666666667,-0.6323448555490669,10,-0.14863658814898384,0.2531861341459056
F01660,60,0.0038073326737684573,0.25609309764310506,0.43333333333333335,-0.5364805043164967,10,-0.22104148350552852,0.5383060450430567
F00983,60,0.0038048704547548064,0.255908248274622,0.5,-0.5080538747437509,9,-0.22104148350552852,0.32985341680884217
F01121,60,0.0038017897447963885,0.2556770038034104,0.36666666666666664,-0.6209257764700762,9,-0.14452870567492318,0.4039588752234749
F02820,60,0.003800195472470007,0.2555573508603539,0.5166666666666667,-0.5506367518018254,6,-0.1434482758743554,0.19394882181362494
F00381,60,0.003794690692666062,0.25514429363420743,0.48333333333333334,-0.38716714268960595,4,-0.06830588731519407,0.15408216549095696
F02070,60,0.003791641389194828,0.2549155432976393,0.48333333333333334,-0.40392160600486804,5,-0.10457743765434725,0.28464410326020145
F04667,60,0.003781563588271283,0.25415982605911136,0.43333333333333335,-0.7153070445633352,11,-0.1459544175441444,0.4757808899337162
F02938,60,0.0037806869576778317,0.2540941101750178,0.48333333333333334,-0.4312318597186775,5,-0.10313622773467888,0.3231527143769321
F01989,60,0.0037786086440396403,0.25393832464920907,0.4166666666666667,-0.3216303687784404,4,-0.06463786656094764,0.16002715653650793
F04806,60,0.003773287382933749,0.25353954210136664,0.5166666666666667,-0.49811450450354633,8,-0.13952024350109637,0.13755386451679882
F03398,60,0.0037631960219046594,0.25278362424772993,0.5666666666666667,-0.6509633965019013,8,-0.17614199660674154,0.2954633793966103
F03791,60,0.0037571155156504534,0.25232836562245,0.48333333333333334,-0.5180446700462182,5,-0.16413885085614413,0.31235231040049455
F04052,60,0.003752792953239857,0.2520048264036312,0.43333333333333335,-0.3068407914996607,4,-0.05403282861480305,0.15810236860326582
F04714,60,0.0037511389516441296,0.25188104787959165,0.45,-0.2514042388046296,1,-0.05805312363986634,0.22097507918245507
F02859,60,0.003749374406901387,0.251749010037819,0.5,-0.4153174221869883,5,-0.13929144506528288,0.19454106530827459
F02615,60,0.0037486724380173253,0.25169648672371236,0.45,-0.5826931142931178,10,-0.16724238869524924,0.37857454798428325
F03542,60,0.003733982881192271,0.25059786922852534,0.4666666666666667,-0.4371973125436033,7,-0.09358575819531717,0.25982169128479277
F04350,60,0.003726808473825731,0.2500616470560004,0.5166666666666667,-0.5613535756015724,10,-0.11504739470625892,0.3533009511481055
F03124,60,0.003724996250440298,0.249926235491281,0.4666666666666667,-0.3103273594180157,8,-0.0832294218512947,0.30183360674650267
F01270,60,0.0037158334739366377,0.24924180233845328,0.4,-0.5643059492242272,9,-0.10318597582569375,0.22116931831311715
F04168,60,0.0037105054425841206,0.24884398313037348,0.48333333333333334,-0.6036114274248606,4,-0.12621713953138822,0.3172139405900449
F04737,60,0.0037067825949765334,0.2485660894269317,0.45,-0.6844875931914471,10,-0.22104148350552852,0.28419440208210855
F00483,60,0.003704729478427162,0.2484128595953885,0.48333333333333334,-0.6089633376667261,8,-0.15530101155314388,0.3321642223018759
F03382,60,0.003704366041312174,0.24838573719326207,0.5,-0.5597357178443159,6,-0.22104148350552852,0.28419440208210855
F02054,60,0.003701225732200513,0.24815140791710077,0.5166666666666667,-0.5506408312970252,6,-0.12210755149709868,0.2557409038031978
F02444,60,0.0037003791401828225,0.24808824278192554,0.38333333333333336,-0.3162914056140028,2,-0.04758714518220857,0.24390900068917135
F00507,60,0.00369720742565402,0.24785162571792552,0.55,-0.5581197435481517,8,-0.22104148350552852,0.34431564379804425
F00135,60,0.0036960890078361485,0.24776819974405062,0.5166666666666667,-0.2568344219402542,2,-0.06387507683687191,0.10133088630132862
F02574,60,0.0036957497203102723,0.24774289240441072,0.48333333333333334,-0.4691416974342386,4,-0.13192458949095373,0.17412241854399668
F03143,60,0.0036926472179466315,0.24751150123037258,0.55,-0.5788821489807006,8,-0.12718943276880051,0.25415172512874956
F03546,60,0.003692100627509515,0.24747073973405231,0.5333333333333333,-0.5316364011275251,5,-0.12618491925476488,0.3346552327060638
F02660,60,0.0036911868000934983,0.2474025947913414,0.4166666666666667,-0.31776917936735327,7,-0.06521840442084699,0.1576452120455153
F01276,60,0.003681390784136532,0.2466723268588631,0.4,-0.6631090622367719,9,-0.1320790944017626,0.35021664121927715
F03706,60,0.0036636669911945838,0.24535213167247183,0.4666666666666667,-0.5981175431592305,8,-0.22104148350552852,0.28419440208210855
F03879,60,0.0036594190823118753,0.24503592124631868,0.5333333333333333,-0.2830046847809059,5,-0.09726577848971692,0.18458621990434013
F02714,60,0.0036582364089713993,0.24494789818313834,0.48333333333333334,-0.5745082524619106,11,-0.22104148350552852,0.4158799350002117
F02870,60,0.0036540854975338458,0.24463900590197785,0.45,-0.5655081577237643,9,-0.14192036509002195,0.3044839508187796
F04886,60,0.003651223685392203,0.2444260865223633,0.4,-0.5413982374028138,11,-0.1274390533296691,0.4055858136980994
F03340,60,0.0036404096490754035,0.24362184345307436,0.55,-0.5143639804133512,5,-0.22104148350552852,0.28419440208210855
F03953,60,0.003635238157844121,0.24323741879929472,0.43333333333333335,-0.3232183818236216,3,-0.07219560910736939,0.30931111680163476
F03928,60,0.00362932258892579,0.24279782614292378,0.55,-0.3840205726564364,3,-0.10833483650169727,0.22134211899671835
F00372,60,0.003625687617140309,0.24252778307259049,0.48333333333333334,-0.533789559209618,7,-0.13522244597168556,0.3882529362024967
F04113,60,0.0036248666207151963,0.24246679900669132,0.45,-0.39306943723243615,7,-0.10210745024262932,0.4132035764392493
F01856,60,0.0036246939688263052,0.2424539747040113,0.48333333333333334,-0.5309929069805499,10,-0.13992439665433673,0.2024160932084195
F02662,60,0.003616335089945366,0.24183324639324244,0.5166666666666667,-0.5904036587798656,10,-0.18499193952178952,0.2037816003490906
F02392,60,0.0036159851301704867,0.24180726511746697,0.5666666666666667,-0.5293948873263417,6,-0.12718523703851045,0.35367949197504245
F04194,60,0.0036152001142736733,0.24174898689363955,0.4666666666666667,-0.5658486013560353,10,-0.15242271781570652,0.2509786253256223
F02129,60,0.00361348938206745,0.24162199440684717,0.48333333333333334,-0.5486163394994827,6,-0.12762598127232375,0.24787566758587443
F00125,60,0.0036071850008998403,0.24115411261546194,0.5,-0.6425893877097532,10,-0.22104148350552852,0.46591748251461207
F03425,60,0.0035964094789609348,0.2403548049737625,0.5166666666666667,-0.35502927117457916,1,-0.0647108901150316,0.28290912514295186
F03257,60,0.0035914872242025445,0.23998984995747885,0.5333333333333333,-0.5787541394289004,10,-0.22104148350552852,0.2927873722390088
F01445,60,0.003591055220988697,0.2399578246082268,0.5,-0.6438064318833103,8,-0.1481810041500041,0.31078981625950863
F04784,60,0.003587998861257488,0.23973127316426468,0.55,-0.45748468939346365,4,-0.10784153673157464,0.23738583864521273
F00635,60,0.0035753606092419083,0.23879489984624658,0.45,-0.44039851044542266,7,-0.11010000097698035,0.15997708679497963
F00647,60,0.00356924193724775,0.23834181479636984,0.55,-0.5757075504147706,7,-0.13249184593910582,0.3211099927575575
F03868,60,0.0035656430629118427,0.23807539580151893,0.48333333333333334,-0.4120193961524934,6,-0.09349640179465146,0.13816397258172863
F03780,60,0.0035645402342695826,0.23799376641801273,0.4666666666666667,-0.6803400847935515,8,-0.1392294094949831,0.33719704064546885
F01080,60,0.00355343920277981,0.2371723828230783,0.48333333333333334,-0.5526359062025983,9,-0.1219563320196984,0.19716586981054654
F00105,60,0.0035530921899913914,0.23714671541510657,0.5166666666666667,-0.4032051537493042,4,-0.07718111860828628,0.17997968754382132
F04966,60,0.0035454772732645442,0.2365835965840175,0.4166666666666667,-0.6008274651450225,9,-0.13026866385959424,0.325953901436686
F04392,60,0.003544463479722442,0.23650864613283007,0.4666666666666667,-0.643735117984324,10,-0.1298227847745421,0.512509289572828
F02981,60,0.003540098213526549,0.2361859700373996,0.5166666666666667,-0.13739950406901613,1,-0.041809283124826596,0.07363644662401055
F00300,60,0.003535984461584591,0.23588196140642936,0.45,-0.5456372960794633,8,-0.1259140899573147,0.36711517618979106
F04382,60,0.0035304277686414426,0.23547143532409365,0.5833333333333334,-0.5580493606583536,6,-0.22104148350552852,0.28419440208210855
F02966,60,0.003526004326910914,0.23514472921646545,0.43333333333333335,-0.6647155352994277,8,-0.22104148350552852,0.3176172600078537
F03088,60,0.003521936961811467,0.23484439715227245,0.5833333333333334,-0.5533506021131274,6,-0.16307628160106283,0.21793092795085145
F02067,60,0.0035207700476790013,0.23475824609385798,0.48333333333333334,-0.6072986715893647,10,-0.1483097891426497,0.38227950422165125
F01344,60,0.003518889537362457,0.23461942401855818,0.48333333333333334,-0.5832993239736377,10,-0.15952048805410676,0.32335919098472643
F01194,60,0.0035160360118825992,0.23440880182620427,0.38333333333333336,-0.26719760984683616,7,-0.0892161074782309,0.21643284919333938
F03726,60,0.0035139546264159618,0.23425519451446464,0.4666666666666667,-0.7412243682272799,12,-0.22104148350552852,0.32972757370883304
F02592,60,0.003504705725653109,0.2335728482103756,0.4166666666666667,-0.39860917303672583,5,-0.06717036350976789,0.27668461616631534
F03390,60,0.0035029976763046207,0.23344687585596313,0.5666666666666667,-0.4479968645383444,5,-0.10131017285016873,0.15387928412696036
F02516,60,0.003502854075277669,0.23343628554437879,0.5333333333333333,-0.45186704246189446,3,-0.22104148350552852,0.28419440208210855
F02668,60,0.0034976218981650695,0.23305048307939957,0.5,-0.2364654184724455,0,-0.04788449357797929,0.06766549204602887
F01850,60,0.003492466943090088,0.23267049074707224,0.5666666666666667,-0.4968029946649807,5,-0.10831098373317433,0.1661902767586911
F04979,60,0.0034897900418781273,0.2324732110912291,0.5333333333333333,-0.2861185484095633,4,-0.07159678196948696,0.12431970528781702
F02522,60,0.003484264981965836,0.23206612877690302,0.48333333333333334,-0.6940554827214045,11,-0.1725910165443858,0.3719658828167381
F03479,60,0.003483110640513374,0.23198109445445225,0.5666666666666667,-0.5227654099894627,6,-0.12350713173539171,0.2491557890742076
F04343,60,0.0034825344883321766,0.2319386544832167,0.55,-0.3393391420060371,5,-0.1328293260364726,0.23258610979986932
F00862,60,0.0034813230857177195,0.231849425990847,0.5166666666666667,-0.6738220536055272,14,-0.22104148350552852,0.5607167943614648
F01641,60,0.0034769777424182814,0.23152941256559068,0.48333333333333334,-0.6581660862772367,7,-0.12554069863315137,0.49693261918465575
F03658,60,0.0034698469671611957,0.23100444274567145,0.48333333333333334,-0.6395785025815426,8,-0.16680794056722364,0.24829320423830728
F02105,60,0.0034667121381117324,0.23077372532741425,0.5833333333333334,-0.3177845608485209,3,-0.07357694570375015,0.11893293987381758
F02699,60,0.0034636890870588175,0.23055127482962523,0.35,-0.5203805921053797,8,-0.09360430329627391,0.17612792143110548
F03478,60,0.003457959103403691,0.23012974381792417,0.4666666666666667,-0.6770960982049634,11,-0.22104148350552852,0.3615127501731888
F04746,60,0.0034463758695789273,0.22927804718609068,0.48333333333333334,-0.3646474254895462,7,-0.09009280208373291,0.27032792817607515
F02490,60,0.003442075642106796,0.22896200596286898,0.5166666666666667,-0.37089670778927875,3,-0.08671708066049168,0.18806176684465362
F02546,60,0.00343913156115523,0.22874567954543878,0.5333333333333333,-0.4921457626268111,5,-0.22104148350552852,0.28419440208210855
F04768,60,0.0034383797131040733,0.22869044094076996,0.5166666666666667,-0.3286958365023056,5,-0.08398197099262891,0.13513671061292573
F04078,60,0.003432841137669037,0.22828359462879244,0.55,-0.5402387194784126,11,-0.22104148350552852,0.28419440208210855
F03014,60,0.0034309911319729694,0.22814772855171683,0.4666666666666667,-0.21504143159758615,1,-0.05704292416077193,0.25155932889822286
F02880,60,0.0034284511334441584,0.22796121285596738,0.48333333333333334,-0.24918800431894217,3,-0.04359588705657878,0.1122009273961657
F00558,60,0.003417151266224941,0.2271317851072816,0.4,-0.5177593428201086,9,-0.077646701480533,0.17568661536875135
F03581,60,0.0034122028768868943,0.226768739138959,0.5166666666666667,-0.5110194195137907,9,-0.12311822013383032,0.18815283774001706
F02088,60,0.0034083239844653473,0.2264842322529006,0.4666666666666667,-0.3168577408062231,2,-0.08143426170528652,0.22490902273479088
F04828,60,0.0034039457417284866,0.22616317724021084,0.4666666666666667,-0.5735808450778326,8,-0.10663889265380973,0.28118998341892365
F03774,60,0.003403884038304691,0.2261586531402664,0.48333333333333334,-0.5546722123020483,9,-0.1060585046715064,0.3321804309715265
F03809,60,0.0033998352819100018,0.2258618338704208,0.43333333333333335,-0.530393082146644,7,-0.08929516124906964,0.2619146771451982
F00419,60,0.003399728089398455,0.22585397641678728,0.5333333333333333,-0.5451529715439115,8,-0.11226249790558279,0.20661927426159515
F02748,60,0.0033881212905317076,0.22500346474248833,0.5333333333333333,-0.534884474797991,8,-0.22104148350552852,0.28419440208210855
F01622,60,0.0033799346986054016,0.22440392465220071,0.5166666666666667,-0.3791983381541766,5,-0.1069690463455758,0.2054474549542895
F00262,60,0.0033759611454568655,0.22411302792020127,0.4666666666666667,-0.18317440163469856,2,-0.031783635076024885,0.08046562069149864
F01596,60,0.003362290365787746,0.22311273356796768,0.5166666666666667,-0.30104511681929313,4,-0.08757738286382029,0.12659967230157906
F02426,60,0.0033620971160285536,0.22309859919792951,0.5,-0.49479110698838125,8,-0.13562504135678533,0.3261071237796433
F00480,60,0.003361583065285949,0.22306100208861523,0.5333333333333333,-0.6323230659635817,10,-0.15421345396847558,0.47039118004418434
F02758,60,0.0033574613272347566,0.22275958375846372,0.43333333333333335,-0.25671763588486707,4,-0.07674404160313093,0.11992737936656463
F01001,60,0.003355464530150828,0.22261358637299455,0.48333333333333334,-0.5090572804434906,6,-0.13443056394657082,0.2092711562752004
F02702,60,0.003354320378772081,0.22252993857234227,0.4166666666666667,-0.5446156632909067,12,-0.1274390533296691,0.4055858136980995
F01576,60,0.003343910000047507,0.22176910435583186,0.4666666666666667,-0.7368963301909034,9,-0.22104148350552852,0.6058608163337527
F03531,60,0.0033354777249093854,0.22115317958392522,0.5333333333333333,-0.5971322001051489,7,-0.13630638445557336,0.30844693324479555
F03042,60,0.00333159189165133,0.2208694466367247,0.5333333333333333,-0.3196382557977041,6,-0.12742379354792904,0.149457717760074
F01362,60,0.0033288198152175495,0.2206670767946577,0.4666666666666667,-0.6556821213787627,10,-0.13928737797271193,0.44146362624018753
F01776,60,0.003327877487370815,0.22059829156576338,0.5166666666666667,-0.48850469813744657,6,-0.14616182196091837,0.1597544500638568
F00990,60,0.0033171259322041656,0.21981375148731708,0.48333333333333334,-0.7729433432433938,13,-0.14904181511400102,0.5096328730575271
F04394,60,0.0033069631705312523,0.21907263150088263,0.5,-0.46787068393791176,4,-0.22104148350552852,0.28419440208210855
F02764,60,0.003302469098652524,0.21874504225672897,0.5333333333333333,-0.2741558259042517,2,-0.06066870312431772,0.13216495606229522
F02794,60,0.0033002313407773627,0.21858195623050358,0.4166666666666667,-0.5469168077600723,10,-0.11268216393112387,0.3981202053998437
F02709,60,0.0032960640789458837,0.21827830667031645,0.5833333333333334,-0.5575993286898515,4,-0.22104148350552852,0.28419440208210855
F01101,60,0.0032949648337717327,0.21819822203842398,0.48333333333333334,-0.4650735705028338,4,-0.12457172287537316,0.342930833870036
F04674,60,0.0032924933862372935,0.2180181855989929,0.5,-0.44088903029853144,4,-0.10045235073084174,0.33228247676476225
F00587,60,0.003289729218071006,0.21781685646559046,0.4666666666666667,-0.6634135673774384,9,-0.13454536119097732,0.6592507384790693
F01995,60,0.0032848481638586675,0.21746142312099148,0.45,-0.5870053771634196,8,-0.10794631465638538,0.3321754941648042
F00122,60,0.0032770448084947137,0.21689340270229374,0.5333333333333333,-0.6968158694199712,10,-0.17038187040723385,0.3494517170663744
F03644,60,0.0032690531777945053,0.21631194748750548,0.5666666666666667,-0.4581653463342512,3,-0.22104148350552852,0.28419440208210855
F00460,60,0.0032690012061048525,0.21630816702461342,0.43333333333333335,-0.39582583278768946,2,-0.07333932146261046,0.2227657237428645
F04614,60,0.0032615467909204708,0.21576604647734543,0.4666666666666667,-0.4051305448440311,4,-0.08540351401257368,0.11970749801536142
F03801,60,0.0032548026141726956,0.21527578257616065,0.43333333333333335,-0.7169885795788165,9,-0.22104148350552852,0.3064020019395588
F01967,60,0.0032535173962329623,0.21518237648174843,0.55,-0.4883238463141554,9,-0.1346704016974769,0.1793657939745035
F02949,60,0.003247261020984863,0.21472778120567826,0.5166666666666667,-0.4129539377105722,8,-0.1266229572220921,0.3263886864550266
F04822,60,0.0032466281404124014,0.21468180470494969,0.4,-0.6163703538148801,9,-0.10144243736816874,0.32829405019261315
F04612,60,0.003244986018409711,0.21456251841873097,0.5,-0.5673068950625932,8,-0.22104148350552852,0.43023897650480536
F01527,60,0.0032448405955878847,0.21455195523490778,0.48333333333333334,-0.12640467278958423,4,-0.05825596132426627,0.10268684400455179
F01346,60,0.0032447511934248566,0.21454546130947283,0.48333333333333334,-0.5541293924994823,7,-0.13137237545424302,0.25962744188568493
F00574,60,0.0032375439265803353,0.21402205772107563,0.5333333333333333,-0.3713474057134244,1,-0.06058309017029674,0.10724115186169089
F00935,60,0.003234306269127143,0.21378700590857935,0.5166666666666667,-0.5475306143604699,6,-0.12047796859156573,0.26688156051843615
F04649,60,0.0032332903584428984,0.2137132606820844,0.55,-0.4717141665132357,7,-0.12184796882689371,0.33041652455209164
F00082,60,0.003225706344214281,0.21316287426940428,0.5166666666666667,-0.2733777510387154,4,-0.07698314988538334,0.16596148738972075
F02920,60,0.003211476083070568,0.21213081921695176,0.43333333333333335,-0.41345000315103797,6,-0.07855643541654732,0.20163917158389605
F00002,60,0.0032114095320033777,0.21212599460457504,0.43333333333333335,-0.46239832750225174,5,-0.11129037095995677,0.3387835951157953
F03495,60,0.0032057944806432328,0.21171900006787636,0.4166666666666667,-0.6407419803164907,8,-0.15547613864853527,0.3374619376095556
F04432,60,0.003203611631743857,0.21156081738615273,0.48333333333333334,-0.4488927469086984,9,-0.12442800962448741,0.33539903024648426
F02985,60,0.00319975625568071,0.21128148268257463,0.45,-0.6187950838771741,9,-0.13534209808774675,0.30137913426608187
F04644,60,0.0031853974434599194,0.21024169644561308,0.5333333333333333,-0.6430914992959098,7,-0.22104148350552852,0.28419440208210855
F03218,60,0.003185240558114154,0.21023034052008516,0.38333333333333336,-0.3265796837333277,2,-0.0492520424126171,0.26624244488845045
F00796,60,0.003181985974459449,0.2099947856822446,0.5166666666666667,-0.5133351625603644,10,-0.1533771035737958,0.20589404811751844
F04935,60,0.0031769342891404223,0.2096292525062553,0.48333333333333334,-0.2610493926430607,1,-0.06288780533982047,0.274921746740889
F03186,60,0.003169196349593279,0.20906955611456768,0.5,-0.6022305670511379,6,-0.12583771522537304,0.2543488593500124
F00605,60,0.0031691822098131118,0.20906853359689004,0.38333333333333336,-0.6186821006077456,9,-0.1201988457286152,0.3869632115593883
F04070,60,0.0031674254054431107,0.2089414969699832,0.4666666666666667,-0.49475247323553095,9,-0.16690741580722818,0.3472025297147494
F04295,60,0.0031645071751617458,0.20873050525376247,0.48333333333333334,-0.26734276256134093,3,-0.06115058811479376,0.29116694572828394
F03039,60,0.0031625969980796234,0.20859241665901052,0.43333333333333335,-0.3924433731958018,6,-0.09586549514961473,0.21067170587364834
F00167,60,0.0031600983453219434,0.20841180999152642,0.5333333333333333,-0.5195092895494355,6,-0.22104148350552852,0.28419440208210855
F04684,60,0.00315426922471002,0.20799057488400652,0.55,-0.6278382147231654,11,-0.22104148350552852,0.2841944020821086
F00153,60,0.0031479001489342546,0.20753048556981923,0.5,-0.6698967448414497,10,-0.15682444648844437,0.602594658853907
F03650,60,0.0031397426168780773,0.20694145342615466,0.55,-0.6378805007234223,14,-0.1548397061457107,0.38248559801156234
F03696,60,0.0031343252572204362,0.20655043745185542,0.4666666666666667,-0.5628450693555218,11,-0.17827714639193815,0.34659235935672517
F04623,60,0.0031329404709068754,0.2064505058803412,0.48333333333333334,-0.4615935220416717,9,-0.14534464154356688,0.1481626105956899
F00036,60,0.0031301380638304797,0.20624829817613066,0.43333333333333335,-0.46564832414005763,8,-0.07387506509211252,0.21228838546767162
F04839,60,0.00312606678770219,0.20595459459086563,0.4666666666666667,-0.501011905103147,7,-0.1151579719175014,0.28077176128332504
F03030,60,0.0031127538680856296,0.20499468577214297,0.5,-0.21505168904102778,1,-0.05704292416077193,0.25681186372983444
F01436,60,0.0031122842675112544,0.20496083962395928,0.5166666666666667,-0.4133782363308095,5,-0.12798032119803107,0.25466486046039233
F02478,60,0.0031080179976910524,0.20465339389383352,0.4666666666666667,-0.41890662311778626,4,-0.09809301032000671,0.22453823638109793
F02456,60,0.003097449870373883,0.20389214140718948,0.5,-0.5899602918862612,8,-0.1525040063741091,0.43498560705430367
F00342,60,0.0030968259294753627,0.20384721194825817,0.4166666666666667,-0.5295038208935365,9,-0.0868005092845959,0.21343524681356915
F00288,60,0.003092794495570966,0.20355695152759656,0.5166666666666667,-0.43585009528753904,3,-0.08704759063638333,0.31855487591396175
F04544,60,0.003091669987945711,0.2034760000411744,0.48333333333333334,-0.40586081991784995,4,-0.06863450183584754,0.1642243413118406
F03471,60,0.003085665011077263,0.20304380208924333,0.4666666666666667,-0.6382559619814665,8,-0.1318731396056431,0.38618587119796305
F02700,60,0.003079257860915104,0.2025828267024128,0.5,-0.5580652262071297,7,-0.1286626576259107,0.3496642733343419
F01787,60,0.003069710185995711,0.20189622214659675,0.5166666666666667,-0.330184237342783,5,-0.10468170428791546,0.24127950643502877
F02782,60,0.0030695437717199506,0.20188425816991096,0.38333333333333336,-0.6564109624622629,11,-0.12631072030566512,0.4772422083180596
F00801,60,0.0030631865615593176,0.20142730864817726,0.55,-0.5835540204576496,7,-0.22104148350552852,0.28419440208210855
F01820,60,0.0030591140958814837,0.2011346739121609,0.5,-0.4639155657324293,5,-0.09952996176307471,0.3099973532726493
F03935,60,0.0030486654428481482,0.20038418672197778,0.5333333333333333,-0.4326409220222259,7,-0.10121469128085327,0.16083902756288398
F04800,60,0.003047065339874574,0.20026929810372152,0.5,-0.44956750218135355,6,-0.10533143226235685,0.21971981606511126
F02398,60,0.0030422220920847034,0.1999216150969727,0.38333333333333336,-0.43284451144965796,8,-0.06717175837884216,0.2169707343275625
F03732,60,0.003037338263490013,0.19957111919311976,0.5,-0.531676158080344,7,-0.11719413774234208,0.20833606457053336
F00012,60,0.003036404688870272,0.19950413115426402,0.45,-0.27305473074065567,3,-0.06169875996197814,0.20670632935153835
F03306,60,0.003034088941843233,0.19933798211311404,0.45,-0.6155039043603905,9,-0.14746090235477588,0.44650955736031206
F02171,60,0.003030271679257812,0.19906415249309384,0.4666666666666667,-0.6128685412824451,10,-0.16416970265402606,0.34364816121020975
F03980,60,0.0030189392358320856,0.1982515868650334,0.5,-0.697994090543087,11,-0.17259101654438574,0.26582405972547485
F01719,60,0.0030142290235408223,0.19791401173143086,0.5,-0.431273224642708,7,-0.10531108093588716,0.1585440288804831
F03760,60,0.0030094856835066056,0.19757415688010016,0.5,-0.41067336701583135,6,-0.14480463029547655,0.14375222567375023
F00471,60,0.0030077602869347394,0.19745055772051945,0.5,-0.4542924754229031,5,-0.10683135313921786,0.22572837918148525
F04126,60,0.003007632546333895,0.19744140749346673,0.55,-0.501297382766142,6,-0.14041419347096512,0.18890307495409997
F04947,60,0.0030013139220825976,0.19698888194093378,0.5333333333333333,-0.3823719021433515,3,-0.07986885506317012,0.21609166535983723
F04301,60,0.0030009422718513595,0.1969622704305063,0.45,-0.605588104938007,8,-0.1084057836082144,0.19730966687229873
F01846,60,0.0029962704063343985,0.19662779745846515,0.43333333333333335,-0.6831236510245304,9,-0.15152559936495275,0.41098901161745105
F03932,60,0.002995305293876348,0.19655871359559485,0.5,-0.540036762758755,7,-0.1000993193628483,0.3419539892499958
F00188,60,0.0029919896959551,0.19632140915140583,0.55,-0.5718290037679953,6,-0.22104148350552852,0.28419440208210855
F00668,60,0.002987948986396855,0.19603226948029162,0.5166666666666667,-0.5800122464420633,6,-0.12133680970616774,0.3958903888225226
F00597,60,0.002985038787314941,0.19582406792995877,0.5166666666666667,-0.5146207566099095,6,-0.11797491411574894,0.2887911330151729
F00071,60,0.002984976848775542,0.19581963710846173,0.5333333333333333,-0.5497578206466339,4,-0.12627711882705298,0.30112030625023717
F04506,60,0.0029830741603221766,0.19568353467759825,0.45,-0.5044661170265297,9,-0.14945338812159534,0.22421052227504895
F03338,60,0.002982964401406499,0.19567568390675483,0.48333333333333334,-0.6614625118436981,10,-0.22104148350552852,0.28419440208210855
F04306,60,0.002976195177382071,0.19519159680246623,0.4166666666666667,-0.24098479426692954,3,-0.05976454314639979,0.19494775184795063
F03446,60,0.0029743189816761393,0.19505745864768276,0.43333333333333335,-0.45042386149161673,4,-0.07666246204134722,0.24530614477389864
F01439,60,0.002955851708186806,0.19373793514662796,0.4666666666666667,-0.21659443985914628,2,-0.06173658268652344,0.13087315636429298
F03129,60,0.0029523936442569024,0.1934910088888555,0.5333333333333333,-0.5823812804040587,7,-0.22104148350552852,0.28419440208210855
F03521,60,0.0029521691520648144,0.19347498055219425,0.45,-0.5332414025136436,11,-0.12819821309344442,0.293275124330722
F00275,60,0.002943694490652036,0.19287005984324979,0.4666666666666667,-0.5998105189762669,10,-0.15964035530647536,0.5025050912860095
F02373,60,0.0029427428413091746,0.1928021500150181,0.43333333333333335,-0.5288261804353167,5,-0.11935970924248783,0.29179808887558434
F01616,60,0.0029372650656049235,0.19241132910019765,0.5333333333333333,-0.6299555942178253,7,-0.14169907488400624,0.2075843146192729
F04761,60,0.002935387708996453,0.19227741498071782,0.55,-0.6516680483543384,12,-0.17161492132305126,0.3581366541605659
F02804,60,0.0029342713251609043,0.1921977889822577,0.5833333333333334,-0.5406462897368824,6,-0.11330837588458664,0.183308849648978
F02841,60,0.002919181966146223,0.19112205437374974,0.5666666666666667,-0.4071636910294919,6,-0.11128002035276952,0.18669345442764526
F00564,60,0.002917592089573394,0.19100876617309992,0.5833333333333334,-0.4935595208408853,3,-0.22104148350552852,0.2841944020821086
F01162,60,0.002915401777054934,0.19085271067839615,0.55,-0.658819914090633,10,-0.1840801529053331,0.202555811282609
F00611,60,0.0029141556204448607,0.1907639334247737,0.5,-0.5658161563795601,10,-0.12674680365827665,0.27549679010636724
F04520,60,0.002910238547248312,0.19048492018583119,0.48333333333333334,-0.489786715971837,9,-0.14914669959081292,0.2353847706031967
F04834,60,0.0029100275289608186,0.19046989117205415,0.48333333333333334,-0.5694480791783411,9,-0.12954608484165442,0.36555774322560514
F03140,60,0.0029080980607619766,0.1903324804347577,0.48333333333333334,-0.5315877827227233,9,-0.12642722799456202,0.30965359718136387
F03177,60,0.0029078615781222643,0.19031563994800194,0.4166666666666667,-0.46723149472105396,5,-0.09405920306778537,0.29451451300541515
F01180,60,0.0028966580170741493,0.18951807634497508,0.45,-0.2477561151458284,1,-0.06857427883230133,0.2105857481085012
F03365,60,0.0028952606748562245,0.18941863865138275,0.48333333333333334,-0.49939564364115163,8,-0.17102684653269773,0.13605513048473708
F03424,60,0.0028944208562305717,0.189358879394949,0.55,-0.6057897957860214,8,-0.22104148350552852,0.28419440208210855
F03587,60,0.0028872450893538833,0.18884839130982756,0.43333333333333335,-0.4181994762475505,7,-0.10565642045907381,0.19937695071289033
F00323,60,0.0028837683055203704,0.1886011284477076,0.5,-0.5221896935978392,9,-0.22104148350552852,0.28419440208210855
F04602,60,0.0028762634127145748,0.18806756581198814,0.5333333333333333,-0.5874748756224142,9,-0.1504164077027378,0.17413353174445068
F02867,60,0.0028537130671772866,0.18646575880502825,0.4666666666666667,-0.5492410392212024,7,-0.10844111493098192,0.3534864421628163
F00035,60,0.0028533367874279776,0.18643904874207506,0.5,-0.3616490753586814,3,-0.07801145018205277,0.21199979153194057
F03896,60,0.0028426486365673003,0.18568060163932154,0.5166666666666667,-0.4972842118013986,4,-0.22104148350552852,0.28419440208210855
F00309,60,0.0028313524189905845,0.1848795234406173,0.48333333333333334,-0.6549187167528467,11,-0.22104148350552852,0.28419440208210855
F02608,60,0.0028308979686670842,0.18484730695578144,0.5166666666666667,-0.4308627712428885,3,-0.08713076174851672,0.30260087333932345
F00169,60,0.0028252358077548723,0.18444598233692822,0.48333333333333334,-0.5910287116021434,8,-0.17150780829238005,0.37963453527449975
F00289,60,0.0028252358077548723,0.18444598233692822,0.48333333333333334,-0.5910287116021434,8,-0.17150780829238005,0.37963453527449975
F00853,60,0.0028252358077548723,0.18444598233692822,0.48333333333333334,-0.5910287116021434,8,-0.17150780829238005,0.37963453527449975
F01087,60,0.0028252358077548723,0.18444598233692822,0.48333333333333334,-0.5910287116021434,8,-0.17150780829238005,0.37963453527449975
F01465,60,0.0028252358077548723,0.18444598233692822,0.48333333333333334,-0.5910287116021434,8,-0.17150780829238005,0.37963453527449975
F01477,60,0.0028252358077548723,0.18444598233692822,0.48333333333333334,-0.5910287116021434,8,-0.17150780829238005,0.37963453527449975
F02071,60,0.0028252358077548723,0.18444598233692822,0.48333333333333334,-0.5910287116021434,8,-0.17150780829238005,0.37963453527449975
F02401,60,0.0028252358077548723,0.18444598233692822,0.48333333333333334,-0.5910287116021434,8,-0.17150780829238005,0.37963453527449975
F02563,60,0.0028252358077548723,0.18444598233692822,0.48333333333333334,-0.5910287116021434,8,-0.17150780829238005,0.37963453527449975
F03265,60,0.0028252358077548723,0.18444598233692822,0.48333333333333334,-0.5910287116021434,8,-0.17150780829238005,0.37963453527449975
F03877,60,0.0028252358077548723,0.18444598233692822,0.48333333333333334,-0.5910287116021434,8,-0.17150780829238005,0.37963453527449975
F03931,60,0.0028252358077548723,0.18444598233692822,0.48333333333333334,-0.5910287116021434,8,-0.17150780829238005,0.37963453527449975
F04033,60,0.0028252358077548723,0.18444598233692822,0.48333333333333334,-0.5910287116021434,8,-0.17150780829238005,0.37963453527449975
F04279,60,0.0028252358077548723,0.18444598233692822,0.48333333333333334,-0.5910287116021434,8,-0.17150780829238005,0.37963453527449975
F04297,60,0.0028252358077548723,0.18444598233692822,0.48333333333333334,-0.5910287116021434,8,-0.17150780829238005,0.37963453527449975
F04351,60,0.0028252358077548723,0.18444598233692822,0.48333333333333334,-0.5910287116021434,8,-0.17150780829238005,0.37963453527449975
F03334,60,0.002817722402835867,0.18391365096020929,0.5,-0.6593976396752474,8,-0.1528847401175164,0.28286710580137825
F02937,60,0.0028127837199138977,0.18356386906342737,0.4666666666666667,-0.4579543336969373,8,-0.12054814816525426,0.33423546120894665
F04212,60,0.0028103345499360124,0.18339044445397357,0.5333333333333333,-0.6075398658367148,6,-0.14214159492976178,0.25112118195831384
F00371,60,0.0028066711646022578,0.18313108844882664,0.48333333333333334,-0.24276604255303547,4,-0.07428652601879573,0.17051973509416066
F03742,60,0.0028022643938264103,0.1828191771811074,0.48333333333333334,-0.3460211366160453,5,-0.07663866725877708,0.1676962705785548
F04924,60,0.0027980997837509947,0.18252448036653623,0.45,-0.45098073521277127,5,-0.11174045095815906,0.23101679189159252
F03195,60,0.002797164740321467,0.18245832459708766,0.4666666666666667,-0.6163280556855748,10,-0.14256784900368533,0.18975683390696513
F00151,60,0.0027882600226002575,0.18182848437523425,0.5166666666666667,-0.715472521375763,11,-0.17272172575219225,0.4054856865956728
F00589,60,0.0027882600226002575,0.18182848437523425,0.5166666666666667,-0.715472521375763,11,-0.17272172575219225,0.4054856865956728
F00841,60,0.0027882600226002575,0.18182848437523425,0.5166666666666667,-0.715472521375763,11,-0.17272172575219225,0.4054856865956728
F01147,60,0.0027882600226002575,0.18182848437523425,0.5166666666666667,-0.715472521375763,11,-0.17272172575219225,0.4054856865956728
F01177,60,0.0027882600226002575,0.18182848437523425,0.5166666666666667,-0.715472521375763,11,-0.17272172575219225,0.4054856865956728
F01219,60,0.0027882600226002575,0.18182848437523425,0.5166666666666667,-0.715472521375763,11,-0.17272172575219225,0.4054856865956728
F01507,60,0.0027882600226002575,0.18182848437523425,0.5166666666666667,-0.715472521375763,11,-0.17272172575219225,0.4054856865956728
F01807,60,0.0027882600226002575,0.18182848437523425,0.5166666666666667,-0.715472521375763,11,-0.17272172575219225,0.4054856865956728
F02047,60,0.0027882600226002575,0.18182848437523425,0.5166666666666667,-0.715472521375763,11,-0.17272172575219225,0.4054856865956728
F02281,60,0.0027882600226002575,0.18182848437523425,0.5166666666666667,-0.715472521375763,11,-0.17272172575219225,0.4054856865956728
F02413,60,0.0027882600226002575,0.18182848437523425,0.5166666666666667,-0.715472521375763,11,-0.17272172575219225,0.4054856865956728
F02581,60,0.0027882600226002575,0.18182848437523425,0.5166666666666667,-0.715472521375763,11,-0.17272172575219225,0.4054856865956728
F03067,60,0.0027882600226002575,0.18182848437523425,0.5166666666666667,-0.715472521375763,11,-0.17272172575219225,0.4054856865956728
F03901,60,0.0027882600226002575,0.18182848437523425,0.5166666666666667,-0.715472521375763,11,-0.17272172575219225,0.4054856865956728
F04171,60,0.0027882600226002575,0.18182848437523425,0.5166666666666667,-0.715472521375763,11,-0.17272172575219225,0.4054856865956728
F04699,60,0.0027882600226002575,0.18182848437523425,0.5166666666666667,-0.715472521375763,11,-0.17272172575219225,0.4054856865956728
F04705,60,0.0027882600226002575,0.18182848437523425,0.5166666666666667,-0.715472521375763,11,-0.17272172575219225,0.4054856865956728
F03555,60,0.0027879537614455474,0.18180682806493986,0.45,-0.523746638589097,9,-0.10341881663865513,0.2291467166324776
F02298,60,0.002787068980903025,0.18174426573758096,0.4666666666666667,-0.33339165808230276,4,-0.061503532830891924,0.17164642710581668
F02816,60,0.0027853882611527415,0.18162543197187575,0.45,-0.1496458296818831,5,-0.06676204113518311,0.20670153370891334
F04466,60,0.0027822415469550372,0.18140297799182337,0.5833333333333334,-0.5419421993588804,5,-0.11487244598875661,0.183308849648978
F02208,60,0.0027758916887825236,0.18095420617185143,0.45,-0.5883647486314918,6,-0.12096712534535291,0.3117243145473867
F02244,60,0.002773734086906318,0.18080175731617398,0.4666666666666667,-0.5050083329508535,8,-0.1384754294015848,0.17664123316946237
F02775,60,0.002770393886220904,0.18056578819364733,0.5,-0.5308980243088921,9,-0.11457824604493713,0.2581760116537521
F01859,60,0.0027683396345438206,0.18042068821602286,0.5666666666666667,-0.5916155691183149,7,-0.13194129514137082,0.2530189908305648
F00413,60,0.0027650374004277514,0.18018747502071508,0.55,-0.5876155413287922,6,-0.22104148350552852,0.3110439920669039
F04474,60,0.002762566282887101,0.180012987287695,0.5333333333333333,-0.5532479872101435,7,-0.22104148350552852,0.28419440208210855
F04124,60,0.002745214265901369,0.1787884607260013,0.5,-0.47496387775167004,12,-0.15575988952887748,0.23245768378539458
F03443,60,0.002745159723711505,0.178784613670939,0.5166666666666667,-0.6390841396420855,8,-0.16949470228393893,0.436997043364448
F04175,60,0.0027451468181594195,0.17878370339815763,0.45,-0.21939246210857644,1,-0.047579683362863626,0.21884207420075874
F00582,60,0.0027438073961154126,0.1786892331331067,0.5666666666666667,-0.6217075722971303,8,-0.13908605629590176,0.23982720956102116
F04028,60,0.0027406384815736994,0.17846575727262404,0.5333333333333333,-0.4977620270126768,8,-0.09692778006500814,0.2272580361110418
F03814,60,0.002739463867603319,0.17838293259459959,0.5,-0.1570516849411655,4,-0.06316425165169705,0.18740477366188277
F00887,60,0.0027328760870318175,0.17791851940626757,0.5333333333333333,-0.5838194397262926,8,-0.22104148350552852,0.28419440208210855
F02876,60,0.002732152699028731,0.1778675343027325,0.5166666666666667,-0.44704025033804906,7,-0.12495520092396808,0.3542142142771641
F02019,60,0.0027303257653474716,0.17773877986657416,0.45,-0.14727353504825114,2,-0.04853393251611591,0.08114785948670399
F00164,60,0.0027294582931334183,0.17767764899812066,0.5,-0.39483236454954485,6,-0.10087657053804935,0.15143245488606435
F03526,60,0.0027225438516161613,0.1771904990337001,0.55,-0.5610422176620358,7,-0.22104148350552852,0.28419440208210855
F01550,60,0.0027049707679994385,0.17595329683388106,0.4,-0.5513142940869381,5,-0.15160586696224057,0.33909413053139015
F00615,60,0.0027029093958530048,0.1758082533503167,0.45,-0.29690964233960293,3,-0.05347384305104509,0.25553585111697896
F03994,60,0.0026964017962597822,0.17535047720608787,0.5833333333333334,-0.5268847545264295,8,-0.22104148350552852,0.28419440208210855
F01700,60,0.0026930847290270654,0.17511720603277015,0.4166666666666667,-0.31046463499497834,3,-0.04858694348360598,0.2691558200920654
F02423,60,0.002685172679969997,0.17456097873798138,0.4666666666666667,-0.672020101995381,11,-0.1727858078111225,0.32856214689927216
F01215,60,0.0026834565251090473,0.17444036500106974,0.5166666666666667,-0.5712557374562257,6,-0.146509455680424,0.3847654360396899
F02382,60,0.002683277203002455,0.17442776269824978,0.5166666666666667,-0.4198109149144663,3,-0.09083837695726876,0.1515555256383334
F01662,60,0.0026767765132943845,0.17397100048890257,0.43333333333333335,-0.5380213566021248,6,-0.14173582371960125,0.24993677668734393
F03828,60,0.0026762968290097956,0.17393730303991872,0.4666666666666667,-0.7014087435183965,11,-0.15836249970075825,0.3953128820204665
F02464,60,0.0026747565194976054,0.173829103921749,0.3333333333333333,-0.6784296051405039,12,-0.15740532772013124,0.373654780601545
F00766,60,0.0026616576393077083,0.17290936863049966,0.4,-0.41407465521704023,5,-0.10444912894861053,0.29943411533566844
F00316,60,0.002660293216238242,0.17281360669444767,0.4666666666666667,-0.6918576379684582,11,-0.16154290086662537,0.36657688095960494
F02078,60,0.0026552811551279476,0.17246190152954055,0.55,-0.6172058112684085,8,-0.1397242268940359,0.32236052558028966
F00080,60,0.002653867132109292,0.17236269579990404,0.5833333333333334,-0.5581163461719629,5,-0.22104148350552852,0.28419440208210855
F00866,60,0.002646804662415508,0.17186732709599495,0.4666666666666667,-0.20150308044965826,5,-0.08629815549378747,0.2128756792564525
F01118,60,0.0026463214751730455,0.17183344338200968,0.5,-0.24018623139237083,3,-0.07774076168444742,0.1293557979746282
F00744,60,0.0026368718133386727,0.17117097538991444,0.5,-0.5528447863224806,8,-0.12492878876866052,0.2527479265346465
F04596,60,0.0026085667708812435,0.16918885487980218,0.5333333333333333,-0.412843186911232,4,-0.10511423885191841,0.2773166523053938
F00860,60,0.0026060776846851996,0.1690147092275056,0.5,-0.6051364813581315,10,-0.22104148350552852,0.3334140521382837
F04359,60,0.0026057516642439727,0.1689919015240322,0.5166666666666667,-0.535538249239232,6,-0.1105062131704142,0.24396127243594717
F02057,60,0.0025967246777405056,0.1683605663172283,0.45,-0.5495581881382745,7,-0.14346788210556985,0.3559181011267187
F01125,60,0.00259275702851986,0.16808318038681902,0.4666666666666667,-0.6643256252555769,10,-0.1468519916502987,0.4316294452812576
F00942,60,0.0025913396942957973,0.16798410754496884,0.5833333333333334,-0.5950929599974428,5,-0.12520213777216418,0.3581755953148889
F04415,60,0.0025863704092192663,0.1676368156499688,0.48333333333333334,-0.5185982440173975,11,-0.14857647676810692,0.16602447451894936
F01632,60,0.0025822018360630054,0.16734556198848582,0.5333333333333333,-0.640635312607106,8,-0.17174148645059062,0.29128650402427425
F04704,60,0.002569212542906765,0.16643847228221187,0.45,-0.5231986450696136,8,-0.17099367430086493,0.38416009587053845
F01061,60,0.0025622887714573392,0.16595524330370814,0.5166666666666667,-0.5044721706310213,10,-0.22104148350552852,0.28419440208210855
F03113,60,0.0025610681357597378,0.16587007220808525,0.4666666666666667,-0.58670843902148,6,-0.11844643533473175,0.34462526971794666
F02582,60,0.002543697633818753,0.16465869059519211,0.43333333333333335,-0.275873210383493,3,-0.07721504669253501,0.16502653583356405
F04092,60,0.002535920359589516,0.1641167213534449,0.4666666666666667,-0.5487212107059428,10,-0.12026326476764627,0.21398151260583131
F00209,60,0.0025323517374766704,0.16386812039749565,0.4,-0.7819184568759319,12,-0.12804690967096458,0.4673457360990495
F02459,60,0.0025295303323131803,0.16367160977637152,0.48333333333333334,-0.44014506398579667,4,-0.10530511702763472,0.3227903206833606
F02736,60,0.0025290513906331734,0.1636382547699935,0.48333333333333334,-0.49632089750921116,5,-0.11880251740023873,0.2523947030325976
F03158,60,0.002517749247210563,0.16285141072645337,0.5,-0.5309992736111774,7,-0.11904926542582672,0.2999166799979525
F01014,60,0.0025170071526016114,0.1627997651419324,0.48333333333333334,-0.5112551410457451,5,-0.11330903468802084,0.30059835784630884
F00227,60,0.0025037657599711765,0.16187861824851635,0.5,-0.6473850575522472,8,-0.1427356266246936,0.2781081054240788
F01335,60,0.0025033850839273897,0.16185214686259553,0.5,-0.3336942251436318,4,-0.08976156764162893,0.24569692658744197
F04000,60,0.0025029245478305046,0.161820122974619,0.48333333333333334,-0.37284575855751256,3,-0.08584920932675015,0.15363492118087987
F00788,60,0.002496377409953542,0.1613649543526976,0.4666666666666667,-0.38895656191892514,4,-0.09305223454046485,0.28042375162111377
F01668,60,0.002495737146929944,0.1613204515468296,0.48333333333333334,-0.7052394940163323,8,-0.13406199778802463,0.2781298729130111
F04683,60,0.002484781923688851,0.16055924586115689,0.4166666666666667,-0.607333236288761,7,-0.18675039458562614,0.38522449765792355
F02140,60,0.0024845761305386017,0.16054495135806546,0.43333333333333335,-0.6433504464051719,7,-0.1356416964623256,0.33926972774541464
F00944,60,0.0024792106876909592,0.16017232590044128,0.5166666666666667,-0.5647210092208591,7,-0.11086283160361772,0.2906529191756404
F03930,60,0.002478502842831874,0.16012317546008448,0.45,-0.2865002293622936,2,-0.07705982727670228,0.1538100128691515
F02183,60,0.0024782539321945712,0.1601058924031611,0.5,-0.6295416769976698,7,-0.16305286191390064,0.259394858304162
F04984,60,0.0024725321308481907,0.15970867014564005,0.5,-0.4974206735074769,4,-0.1126584507797342,0.33197126322304754
F03602,60,0.0024715599619122793,0.15964119295572687,0.5,-0.3665264667645016,2,-0.06400743190526464,0.24696096733643985
F02098,60,0.002457533216879893,0.15866804141422075,0.5333333333333333,-0.3495646299182711,3,-0.11082321049246373,0.18864415023863365
F01659,60,0.0024551894364010594,0.15850551226057918,0.5166666666666667,-0.5679034958160714,7,-0.22104148350552852,0.28419440208210855
F04677,60,0.002430344971622192,0.15678405379845306,0.5333333333333333,-0.5872054886085871,6,-0.17662488995739506,0.2296563016805088
F02066,60,0.0024088382345553916,0.1552958958721702,0.5166666666666667,-0.353499762710645,3,-0.08661163411372105,0.2185555483501792
F04523,60,0.0024053627479012018,0.15505558644966988,0.45,-0.6259590156479404,7,-0.14442202961365339,0.3552495360749048
F03536,60,0.002387252078101735,0.15380413555239159,0.5,-0.5778472439135054,6,-0.12133680970616777,0.38975508434077344
F03064,60,0.0023784121484756774,0.15319377896757636,0.5,-0.5959820006651974,5,-0.1252946504920999,0.27203824108708985
F02406,60,0.002378106831537923,0.15317270390698434,0.5,-0.4641304699392802,10,-0.15525795121544678,0.28800038207440165
F02512,60,0.0023773581245780675,0.15312102464147914,0.5,-0.6344998182804535,9,-0.22104148350552852,0.28419440208210855
F00934,60,0.0023768500584655993,0.15308595683284398,0.5166666666666667,-0.3112392708344215,2,-0.07585756175646378,0.21433438170001043
F00062,60,0.0023763738475900253,0.15305308869283984,0.5,-0.5056353779747078,6,-0.22104148350552852,0.28419440208210855
F01220,60,0.002376348203181499,0.15305131873838373,0.48333333333333334,-0.4519002128021341,9,-0.13172809668379026,0.19797247654976707
F03687,60,0.002374438869665697,0.15291954572754696,0.5166666666666667,-0.6652030678320746,10,-0.1541603802823137,0.4023745756706608
F02813,60,0.002373775864042155,0.1528737917339622,0.5166666666666667,-0.5867594793424757,12,-0.22104148350552852,0.2977024644897452
F00795,60,0.002371897031933075,0.15274414329840402,0.5166666666666667,-0.5631296134482514,9,-0.15392574867209544,0.3499602782050219
F04455,60,0.0023704622665023482,0.1526451472501258,0.43333333333333335,-0.5222115318350197,9,-0.12887887001157713,0.42526220061494446
F01408,60,0.002367727308188808,0.15245646355568465,0.5166666666666667,-0.2677140067687771,2,-0.07149271792324909,0.11332679990263646
F00234,60,0.002367327939690783,0.152428913822104,0.48333333333333334,-0.6364058616053205,7,-0.16577401760872756,0.3582742290627856
F04318,60,0.002366156616755294,0.1523481159041009,0.5,-0.2942162830648437,3,-0.07962818995420315,0.12178979070350185
F00318,60,0.0023658039612238528,0.15232379079794245,0.55,-0.47523544712814836,8,-0.12261300935783251,0.21278747438450635
F01142,60,0.0023638880104887476,0.152191643165692,0.48333333333333334,-0.5905273887227072,10,-0.22104148350552852,0.3971856497577452
F00066,60,0.002349784537717,0.15121935192727465,0.5333333333333333,-0.5037747236701993,7,-0.11479552945275318,0.3032554407950164
F01390,60,0.0023449722231633687,0.1508877763537826,0.38333333333333336,-0.5255623547358993,6,-0.08541200411538433,0.36001238064725666
F04732,60,0.002344613378987693,0.1508630552233181,0.5333333333333333,-0.576157563985499,6,-0.22104148350552852,0.28419440208210855
F04007,60,0.0023430372677641378,0.15075448154417725,0.45,-0.34614553696501404,1,-0.06402723474912131,0.1572787978766684
F02325,60,0.002342594996819091,0.15072401660581702,0.48333333333333334,-0.6697585107500519,9,-0.12566071492807532,0.2962973636051908
F00658,60,0.002336198367197737,0.15028348640352274,0.45,-0.5325781828500985,5,-0.14165550056372608,0.25947804052654844
F01361,60,0.002335318521814574,0.15022290520874582,0.45,-0.706593949097698,11,-0.15677618647981972,0.37409617522394256
F01572,60,0.0023345451214182864,0.1501696558069301,0.5,-0.6806645763351284,8,-0.13603658169783162,0.4660015940911263
F00099,60,0.0023229132676789934,0.14936908320772124,0.5,-0.7111527172587168,10,-0.12877177179722643,0.4600672126819908
F02675,60,0.0023196534527661124,0.14914482188535239,0.55,-0.597920195865373,8,-0.22104148350552852,0.28419440208210855
F04476,60,0.0023176540555974842,0.14900729320195616,0.5166666666666667,-0.5977069587075732,7,-0.12534673446234423,0.24824186747943094
F02810,60,0.0023171073257253574,0.14896968916497566,0.43333333333333335,-0.44348734407663504,5,-0.07486460327743455,0.17472617904993873
F02499,60,0.002312471707409561,0.14865090033344863,0.43333333333333335,-0.5031009889694313,5,-0.12199904223165292,0.19269703210511877
F01960,60,0.0022968453213969044,0.14757692329190375,0.45,-0.39611547595307994,3,-0.051493499000773144,0.15715056925514592
F03514,60,0.0022961188033029773,0.14752701486955289,0.5166666666666667,-0.4177525807991763,3,-0.09826286106557375,0.23847647907564345
F00039,60,0.0022944697186888952,0.1474137383280525,0.45,-0.4842764142405471,4,-0.08710540685073025,0.25369111063970123
F02345,60,0.0022784956876054775,0.14631704218500463,0.4666666666666667,-0.16326053824743825,3,-0.046223112178444305,0.0935972021719327
F04787,60,0.00227175634221926,0.14585466206035558,0.45,-0.7176903533432202,8,-0.22104148350552852,0.5099176677191003
F02033,60,0.0022656240923079737,0.14543409354671066,0.4166666666666667,-0.2140199343268291,2,-0.06048894428131199,0.27335871813116563
F04571,60,0.002261983089053276,0.1451844541945364,0.55,-0.34303699813869515,4,-0.07649394169967749,0.1887235174227235
F04047,60,0.002260689640835718,0.1450957839410978,0.4666666666666667,-0.7057985865042615,10,-0.12750254687076185,0.45500644987077493
F04748,60,0.0022568641034009075,0.14483356991124463,0.5333333333333333,-0.5470318073910152,6,-0.1200213483283858,0.16613913897267546
F01299,60,0.002253675176314674,0.14461503622412009,0.55,-0.5698262830897804,8,-0.11760892862444312,0.19525897635538442
F00090,60,0.0022529965428645677,0.14456853550949855,0.5166666666666667,-0.7117805058143015,13,-0.14927052873658958,0.3751431026298593
F02733,60,0.002252505880454807,0.14453491593556578,0.48333333333333334,-0.7920792417828816,11,-0.16295073526096912,0.4417009298383365
F01566,60,0.0022518090721840036,0.14448717317407844,0.6166666666666667,-0.6274172627877912,9,-0.1864028741933511,0.34263968667015204
F00171,60,0.0022512192054564752,0.14444675918769856,0.5333333333333333,-0.5594427968721871,7,-0.22104148350552852,0.28419440208210855
F00842,60,0.0022452980246039605,0.14404115457154032,0.4,-0.6013872008340759,6,-0.11806991716485193,0.4006932472327721
F02096,60,0.0022452891296308986,0.14404054536663202,0.43333333333333335,-0.6289590330388735,6,-0.11806991716485192,0.4364766964293901
F02483,60,0.0022420875008412793,0.14382129077662853,0.5333333333333333,-0.5255310443039733,6,-0.22104148350552852,0.28419440208210855
F02706,60,0.0022387715182865136,0.14359424854876512,0.45,-0.6572025149713595,11,-0.14576636919924102,0.5117810155740603
F02555,60,0.002231467569213251,0.14309431027515074,0.5,-0.5346639821292212,9,-0.11719165912876647,0.20363621601950646
F02241,60,0.0022314366999088477,0.14309219779942173,0.43333333333333335,-0.5853245627369256,8,-0.1679820853499501,0.37653130974471266
F00052,60,0.0022261456072391337,0.14273016974817754,0.55,-0.6901173346404288,7,-0.22104148350552852,0.4064662660608608
F00503,60,0.002210124035772951,0.14163462647987668,0.4666666666666667,-0.2907797955992738,2,-0.06362772648014928,0.26215181460832404
F04622,60,0.0022089099114882427,0.14155164766595107,0.55,-0.6318281131276384,8,-0.13427020312926594,0.21369217362558096
F02056,60,0.002208731408588768,0.14153944846039623,0.43333333333333335,-0.6834303824235471,10,-0.22104148350552852,0.4228124305576518
F01040,60,0.0022018409572923,0.1410686407368278,0.48333333333333334,-0.4502214620345777,4,-0.10390376920453065,0.21810081881501392
F04361,60,0.002201630541117832,0.14105426651790487,0.4666666666666667,-0.5970847577322125,8,-0.12090699568927854,0.20232764600823483
F02340,60,0.002190918966321829,0.14032275891532775,0.48333333333333334,-0.6895305037762599,10,-0.15993134604269013,0.2989078860196109
F04307,60,0.002190233711653282,0.14027597766529265,0.5833333333333334,-0.6270752142210825,13,-0.22104148350552852,0.28419440208210855
F03148,60,0.0021753163673021866,0.13925806178765354,0.5,-0.5372871550955756,7,-0.15375127535745248,0.28071128234595394
F01056,60,0.0021703628784395116,0.138920247879057,0.5333333333333333,-0.4088835366300224,5,-0.11439468114120964,0.18743729603232592
F02979,60,0.0021659625108049426,0.1386202378880661,0.5333333333333333,-0.5712887895700804,7,-0.12904774928479465,0.34025413945133154
F00994,60,0.002164725569108753,0.13853591918512276,0.55,-0.4498933048348466,6,-0.09651137690726919,0.15858037040648423
F02351,60,0.002164507650073967,0.13852106491711313,0.48333333333333334,-0.5793534139976544,7,-0.10397783621378326,0.2649243750771977
F01234,60,0.002163006699745769,0.13841875907489976,0.48333333333333334,-0.3144623891610301,2,-0.04849993150335347,0.13283240913160735
F00789,60,0.0021618957651923323,0.1383430428069954,0.4166666666666667,-0.616091023014001,10,-0.11193815840023474,0.35892334765684897
F01606,60,0.0021596402105285425,0.1381893296494019,0.5333333333333333,-0.5973651889455667,7,-0.15858163649090357,0.3422912122449786
F02021,60,0.0021591273805084007,0.13815438378915634,0.45,-0.5577993031630948,6,-0.12863079615081682,0.3009317614811868
F00569,60,0.0021586066438252865,0.1381189002234644,0.5,-0.531678240771511,8,-0.22104148350552852,0.4578503575257896
F01028,60,0.00215580910427983,0.13792829144588614,0.45,-0.7156776268744267,9,-0.22104148350552852,0.2942589653445619
F00740,60,0.0021534308807664047,0.13776627721528412,0.5,-0.579304164217989,12,-0.12259232617016351,0.2838618965739292
F03498,60,0.002149551833019593,0.13750206942065724,0.48333333333333334,-0.6953097777771038,12,-0.22104148350552852,0.4607882887248889
F00034,60,0.002146893024133461,0.13732100878511777,0.4666666666666667,-0.5816091240344357,9,-0.22104148350552852,0.4500382099873889
F00874,60,0.0021385284004235574,0.1367515760827498,0.48333333333333334,-0.3315700416884664,3,-0.07789115251761361,0.1175503259705741
F02051,60,0.002128444888429136,0.13606550048916022,0.5666666666666667,-0.5917126292566773,9,-0.22104148350552852,0.4333501241896546
F03593,60,0.0021146247571246753,0.13512584916578274,0.48333333333333334,-0.4973554700377556,10,-0.10544627338436391,0.2235568860821536
F00231,60,0.0021105207471285047,0.13484695861095108,0.5,-0.26467867331430983,1,-0.07121435874983095,0.0948814669985917
F00370,60,0.0021026039997280956,0.1343091614498637,0.5666666666666667,-0.6244355565936338,8,-0.22104148350552852,0.41673838412276026
F01005,60,0.002101331809742627,0.13422276294890523,0.5,-0.6728891154589751,7,-0.14974984136604683,0.45769580902947415
F04740,60,0.002093936229744153,0.13372063353624042,0.5333333333333333,-0.7088462606739538,13,-0.22104148350552852,0.32676764813186593
F01858,60,0.002090462096659488,0.1334848296804374,0.48333333333333334,-0.566412218446026,6,-0.16349484996666788,0.19362019133867409
F01184,60,0.0020833384810959215,0.13300147109634386,0.45,-0.36761707148811185,8,-0.14716851105602272,0.26854827107087526
F04425,60,0.002075793634953725,0.13248975177779454,0.48333333333333334,-0.611144585927737,8,-0.22104148350552852,0.28419440208210855
F00378,60,0.0020743925163139373,0.13239474776334514,0.5,-0.29629728752864803,3,-0.09302614757392938,0.16060747452370974
F00951,60,0.002072730660296934,0.13228207439450368,0.4666666666666667,-0.5961730517830963,9,-0.16059824925140614,0.5686610600372461
F00825,60,0.0020718217578586115,0.13222045572927588,0.45,-0.37950611572827864,5,-0.07513785913561287,0.16431052033604163
F02715,60,0.002065966510230752,0.13182358067162325,0.5166666666666667,-0.1899383478945864,2,-0.0556681654561909,0.08965715609495478
F00545,60,0.002059453026977322,0.13138225041506235,0.5166666666666667,-0.5375305300136762,7,-0.22104148350552852,0.28419440208210855
F02372,60,0.0020591362760087107,0.13136079282105206,0.48333333333333334,-0.4104971346903107,6,-0.10342461306915679,0.15143245488606433
F01316,60,0.0020545875261175333,0.13105269195112146,0.4666666666666667,-0.6582896158997895,12,-0.16704728851953907,0.41842853775656014
F01266,60,0.0020410048457786983,0.1301331860136341,0.5,-0.4216184689844795,6,-0.08751439638429266,0.11758738551342056
F04326,60,0.0020389779003014844,0.12999603104791402,0.5166666666666667,-0.7116953124447948,8,-0.22104148350552852,0.28419440208210855
F04128,60,0.002038877351274602,0.1299892277398127,0.4666666666666667,-0.2789269132406017,4,-0.072598837262287,0.21849409868822275
F00430,60,0.002037874119538012,0.12992134968042857,0.5333333333333333,-0.521812182850564,5,-0.12457165191801976,0.2718455396282825
F03866,60,0.002036100060693974,0.12980132773366937,0.5333333333333333,-0.5939724719557258,6,-0.12284151575690441,0.38975508434077344
F04106,60,0.002030717215469292,0.12943723414275277,0.5666666666666667,-0.4076999796845113,3,-0.11771336357695786,0.2151043604041784
F00851,60,0.002027536849676236,0.12922216964341526,0.5166666666666667,-0.6857385381659489,9,-0.14491889699624386,0.2511778551498182
F04590,60,0.0020082337364031914,0.1279177072428923,0.45,-0.46235812433294476,7,-0.10655381541135478,0.22890249911573168
F01785,60,0.0020052319459240254,0.1277149859486304,0.48333333333333334,-0.6040058279415685,9,-0.22104148350552852,0.4526446946794269
F00926,60,0.001994908531801871,0.12701808352831656,0.4666666666666667,-0.7051377730301609,9,-0.17928999510070334,0.5323446378900314
F00798,60,0.0019905006403787956,0.12672064915998527,0.36666666666666664,-0.2292637646954273,5,-0.05493170120703996,0.19235967785467034
F01978,60,0.0019884034755728516,0.1265791644053218,0.48333333333333334,-0.3653500152368725,3,-0.08624168372967135,0.24106010832655
F04653,60,0.001978008104941242,0.1258781009379728,0.5166666666666667,-0.5011956093132386,7,-0.22104148350552852,0.3068071552217015
F00027,60,0.0019753907954264153,0.12570165728067706,0.5333333333333333,-0.5431080570814244,8,-0.13570031202223415,0.2904368362840112
F04997,60,0.0019647462964496537,0.12498434770771949,0.4666666666666667,-0.5825654229123198,7,-0.22104148350552852,0.4184874695112181
F02639,60,0.0019646136838650033,0.12497541407007695,0.5,-0.25876302592816225,3,-0.06294792666856917,0.1046387664870876
F04876,60,0.001962534255163707,0.12483533948546399,0.48333333333333334,-0.36885384441501456,3,-0.06380111337362764,0.16289439749851903
F01590,60,0.0019610091722683178,0.12473261767387633,0.48333333333333334,-0.42956172774885226,6,-0.13953355076940993,0.1487107354748588
F04779,60,0.0019521687687785246,0.12413735483391686,0.48333333333333334,-0.43184700846548796,5,-0.1473646141767955,0.21335427584443672
F02477,60,0.0019489043671626926,0.12391762679276153,0.4666666666666667,-0.7501574921929919,10,-0.22104148350552852,0.53642135316721
F00406,60,0.0019440454819314565,0.12359065170044792,0.48333333333333334,-0.48261083524153703,7,-0.12399780372589923,0.1667739129922275
F01539,60,0.0019388160674652564,0.12323884662807227,0.4666666666666667,-0.6342206139717721,10,-0.14488257492481826,0.3906381002220728
F04636,60,0.0019348889874277512,0.12297472637679197,0.45,-0.5906644534666434,8,-0.14008091653683574,0.3669311634642344
F01007,60,0.0019243821627932128,0.12226837812801472,0.5,-0.5798321316488291,5,-0.22104148350552852,0.2841944020821086
F03155,60,0.001916326102273792,0.12172708471595084,0.48333333333333334,-0.4651514435435318,10,-0.14352753836956553,0.32494469568577833
F04010,60,0.0019158153437106341,0.12169277507852283,0.48333333333333334,-0.5991345365033579,8,-0.1245007503705129,0.31522514726914375
F01461,60,0.0019143507803064722,0.12159440038522673,0.48333333333333334,-0.5354326242554858,10,-0.12753708451599766,0.27296097938614683
F02631,60,0.0019135925387488058,0.12154347264883314,0.5333333333333333,-0.2535434643709612,4,-0.08584477349131478,0.21857336856531057
F01623,60,0.0019135518898760597,0.1215407425078101,0.48333333333333334,-0.45631193574048934,3,-0.09916162707728604,0.2559115591383229
F00660,60,0.001911666193779445,0.12141409879218723,0.5,-0.5164320105874144,7,-0.12278070442168579,0.13599817725757307
F03858,60,0.0019105181239930079,0.12133700108974255,0.6,-0.5788463324321798,7,-0.22104148350552852,0.28419440208210855
F01588,60,0.0019090456587495266,0.12123812650076893,0.5,-0.5554424491504111,10,-0.15185813523056801,0.33634093117321356
F03357,60,0.0019083562783822547,0.12119183823545332,0.4166666666666667,-0.590517123376661,5,-0.10604779098110285,0.3196881475889807
F02618,60,0.0019008099787226926,0.12068526675855118,0.4666666666666667,-0.5231283018744037,7,-0.1227920794714314,0.2005788634965323
F01488,60,0.0018978650291319218,0.12048763788614059,0.4666666666666667,-0.5092420412833967,6,-0.09378652147170545,0.2662691485537238
F04676,60,0.0018950912037752005,0.1203015241133687,0.48333333333333334,-0.3783557669993224,4,-0.10659177780250659,0.2553773079907739
F00828,60,0.0018826509491178807,0.1194672012807656,0.5,-0.5902972389578558,7,-0.22104148350552852,0.28419440208210855
F00669,60,0.0018802507845421589,0.1193063012609088,0.5166666666666667,-0.5125644037419614,4,-0.22104148350552852,0.28419440208210855
F00179,60,0.0018756045792539767,0.11899489784997153,0.48333333333333334,-0.6028192634479925,9,-0.13480047412840396,0.19202803870407126
F03062,60,0.0018685473822030927,0.1185220650925034,0.5166666666666667,-0.5501576109863255,6,-0.1339049004099443,0.3166813574339633
F03482,60,0.0018637534923995403,0.11820098616143682,0.4666666666666667,-0.43718919517330046,6,-0.1372521765796976,0.1784156480614584
F01851,60,0.0018571298809580293,0.1177575076253512,0.5,-0.42739234375121926,4,-0.08006266768126198,0.23013551860505038
F02352,60,0.001855217601257134,0.11762950466500777,0.5833333333333334,-0.5404992088413063,4,-0.22104148350552852,0.28419440208210855
F02314,60,0.001852431875960777,0.11744306135307436,0.38333333333333336,-0.318427216651037,2,-0.05106700579120875,0.18653076368301294
F03518,60,0.0018519936119431371,0.11741373195784255,0.5,-0.6038799087470593,7,-0.12218872985362758,0.23866544175035992
F03600,60,0.0018435327073355724,0.11684766175801853,0.5666666666666667,-0.5403929054967215,7,-0.12854963236482866,0.2572292822729407
F00718,60,0.0018429409524873105,0.11680808141550547,0.5333333333333333,-0.529010004530452,5,-0.11772203838972664,0.27228435349830327
F04872,60,0.001841282373949054,0.11669715244377143,0.48333333333333334,-0.5615416839169605,10,-0.11664636418015506,0.4246307790176825
F00368,60,0.001834277665020196,0.11622878332287168,0.55,-0.479760743231351,5,-0.13558075678237783,0.24637803372404524
F03605,60,0.0018324943891500688,0.11610957562283075,0.5333333333333333,-0.48520939245618233,5,-0.11583409285491236,0.1411904800443125
F04125,60,0.001828714522953693,0.11585694205230324,0.4666666666666667,-0.663011447667928,10,-0.12177132665011661,0.3795892700489241
F04919,60,0.0018224026802371501,0.11543520501041016,0.4166666666666667,-0.3791416019276427,4,-0.09002904516401397,0.1674468479703575
F00933,60,0.0018208919752310863,0.11533428780682886,0.5,-0.6039941699740862,6,-0.15697774309345755,0.25670310904301996
F02168,60,0.0018139318357564232,0.11486945672953763,0.48333333333333334,-0.5348193146816285,10,-0.15436457209310372,0.3460670142651335
F00705,60,0.0018061254331459694,0.11434833483697182,0.45,-0.5010984566887259,5,-0.22104148350552852,0.28419440208210855
F03525,60,0.0018036835323890956,0.11418537322295674,0.55,-0.616965199514989,9,-0.22104148350552852,0.28419440208210855
F01450,60,0.0018016616282321622,0.11405045805230496,0.4666666666666667,-0.6131167298330764,9,-0.16310690758691945,0.346135720492576
F00210,60,0.0017953843808316522,0.11363169984247423,0.4666666666666667,-0.6406987860686328,10,-0.1282718932136265,0.21642186617196735
F03689,60,0.0017792041139012874,0.1125530199552971,0.4666666666666667,-0.5811404470954982,9,-0.1251815148788235,0.31847445246384226
F00591,60,0.0017739636894877537,0.11220388012317328,0.4,-0.5073479122943789,8,-0.1024821478724685,0.25451954904934476
F04002,60,0.0017696083415026983,0.11191378991022138,0.5666666666666667,-0.508181634825539,8,-0.1370627676495404,0.21667055975872587
F04738,60,0.0017653739586927408,0.11163182797671167,0.5166666666666667,-0.6236107337472191,10,-0.22104148350552852,0.28419440208210855
F02006,60,0.0017643106357136836,0.1115610337556674,0.43333333333333335,-0.5885771828172731,7,-0.12218872985362758,0.2760324417094768
F03106,60,0.0017476826307786539,0.11045454625468376,0.5,-0.6718336943262253,13,-0.14665123368625563,0.41241301514658557
F03363,60,0.0017404665117425734,0.10997469670371318,0.5,-0.5388348782455065,9,-0.1413621752220967,0.1946393571439919
F04202,60,0.0017298479449702482,0.10926896567145006,0.45,-0.5859282456389552,9,-0.11946158759630651,0.32161278903214596
F03900,60,0.0017174367296819665,0.10844465089901778,0.48333333333333334,-0.43163530081195967,3,-0.10287465356681383,0.1315951734534369
F04076,60,0.0017143515701389378,0.10823983757847455,0.4166666666666667,-0.7383802364195864,10,-0.22104148350552852,0.445613536792165
F00826,60,0.0017137845504502953,0.10820219910517648,0.5,-0.6520509760229616,11,-0.15060182155399574,0.38268431600341585
F01877,60,0.0017068634497515922,0.10774288132265841,0.4666666666666667,-0.49932919861007097,10,-0.14279386227540317,0.26655463693942355
F04826,60,0.0017042046503591868,0.10756648028546945,0.48333333333333334,-0.6209094166115725,7,-0.12574278938103636,0.28500656876629543
F02310,60,0.0017014467767558676,0.10738353524399002,0.4666666666666667,-0.564934062329419,6,-0.1327434589750137,0.35507298575163476
F01011,60,0.0016996656974824342,0.107265402176417,0.5333333333333333,-0.42268541681670113,4,-0.10173571777251622,0.167768380199593
F01085,60,0.001695145111949483,0.10696562240396723,0.5166666666666667,-0.6035790479885441,6,-0.1574910023436332,0.33729313127090677
F04635,60,0.0016887358396733799,0.10654073235049699,0.4666666666666667,-0.5446306659447957,9,-0.22104148350552852,0.40656553155530306
F00680,60,0.001687663489346633,0.10646965866461655,0.5166666666666667,-0.5905223247170379,9,-0.1118379089266995,0.2906529191756404
F02364,60,0.0016815264293932011,0.10606299037507139,0.4166666666666667,-0.6963353015183207,8,-0.22104148350552852,0.28419440208210855
F04041,60,0.0016784967258252992,0.10586228322914937,0.4166666666666667,-0.34248633829656405,4,-0.057541403674578086,0.15065589757576023
F01941,60,0.0016708794170005269,0.10535782166112995,0.4666666666666667,-0.4760475602659746,4,-0.12893240678115098,0.4195232756099483
F04625,60,0.0016651708572478488,0.10497991666826012,0.5,-0.381438727639149,4,-0.10057631544959018,0.2398098638827278
F03825,60,0.0016645636445327314,0.10493972683978536,0.48333333333333334,-0.437302219292627,3,-0.09363064554404914,0.21951234106523895
F03902,60,0.0016609483340667744,0.10470046860903959,0.5,-0.3885803717472329,5,-0.11346567719890603,0.18339265611984903
F04228,60,0.001660914702588245,0.10469824314502274,0.5,-0.357330736079288,2,-0.10078427981671859,0.13442093577382805
F03990,60,0.001659420748085287,0.1045993895542272,0.5166666666666667,-0.5336402344992459,4,-0.10505718990636773,0.2859781371020807
F04317,60,0.0016508521700149736,0.10403258264499748,0.5,-0.466228119458843,10,-0.13277699027074466,0.19755595443588087
F04898,60,0.0016486511357272284,0.10388703156507884,0.4666666666666667,-0.4372548716479556,8,-0.1480671419656421,0.26622458137980154
F02896,60,0.001646434105389006,0.10374044176572128,0.5,-0.5297071622539483,8,-0.10153265635795701,0.1813457977569614
F00790,60,0.001644347861201447,0.10360251701351442,0.5666666666666667,-0.5802570406504052,5,-0.22104148350552852,0.3032264972340376
F00258,60,0.0016385207370285904,0.1032173668114762,0.5166666666666667,-0.5774816808225269,8,-0.22104148350552852,0.28419440208210855
F00867,60,0.001625858675535233,0.10238090947855971,0.48333333333333334,-0.48710035418026176,6,-0.13429216035259478,0.33234465878757147
F02742,60,0.0016240531729208283,0.1022616885681622,0.43333333333333335,-0.6095753866213024,6,-0.11234192090342597,0.3258303399862864
F02108,60,0.0016183561666628186,0.10188558708460982,0.43333333333333335,-0.5807893170286438,9,-0.16619050682379136,0.4995530165349572
F01498,60,0.0016113144296282416,0.10142088436650565,0.4166666666666667,-0.7282880222351202,12,-0.22104148350552852,0.28419440208210855
F00459,60,0.0016088009825878883,0.10125506207013224,0.5166666666666667,-0.5830113711900418,9,-0.22104148350552852,0.3124693643751986
F03728,60,0.0016012867367812573,0.10075946318408469,0.5,-0.5314970518293483,7,-0.1349910583395763,0.17538487228282681
F02927,60,0.001598757382175577,0.10059269001892535,0.5333333333333333,-0.6339629384601739,10,-0.22104148350552852,0.28419440208210855
F04617,60,0.0015913617160735,0.1001051988011128,0.48333333333333334,-0.5713729190115815,7,-0.19509513816225152,0.3710940759004761
F00914,60,0.001586124786162946,0.09976013081207102,0.5166666666666667,-0.5839214855908748,9,-0.14249697413878307,0.40588330524005767
F02075,60,0.001580133381929445,0.09936548008450385,0.4,-0.45264806990483686,7,-0.09540394904187025,0.2735377018089843
F00952,60,0.001578371805745687,0.09924947245782834,0.48333333333333334,-0.5450110831412741,9,-0.12496962642317662,0.3082359341288956
F04362,60,0.0015762984738763672,0.09911294975395268,0.43333333333333335,-0.3417752650222937,3,-0.04653777874925256,0.2690558200920654
F04953,60,0.0015675300257438588,0.09853575800195769,0.5166666666666667,-0.4647547916510387,8,-0.12205782169268735,0.20786982003569335
F02128,60,0.0015492748940187197,0.09733505197837178,0.38333333333333336,-0.7529430059715324,11,-0.22104148350552852,0.5685087996444135
F00436,60,0.0015371747161900364,0.09653989081741066,0.48333333333333334,-0.6180928772007943,10,-0.15107899610746856,0.21912689947061012
F00286,60,0.0015338270019113925,0.09631999641552569,0.5166666666666667,-0.6142849153760921,11,-0.22104148350552852,0.39375673757780344
F03749,60,0.0015267824651790441,0.09585741807861203,0.55,-0.7242464645126472,8,-0.14703401528347118,0.2625051157292834
F04089,60,0.0015264476574720796,0.0958354377643087,0.48333333333333334,-0.7153452334151953,11,-0.15886077677248084,0.519563108194081
F01722,60,0.0015221183699078154,0.09555125664342046,0.4,-0.7873004491073525,12,-0.22104148350552852,0.3073223803997143
F04689,60,0.0015155559987523476,0.0951206306396355,0.4666666666666667,-0.5739407659297813,7,-0.15819694225688433,0.30057070384404955
F04187,60,0.0015089169833626187,0.09468514457603416,0.5,-0.5165301884259466,6,-0.22104148350552852,0.28419440208210855
F01438,60,0.0015065591513077198,0.09453052361786973,0.5333333333333333,-0.6616769454095786,7,-0.22104148350552852,0.28419440208210855
F04739,60,0.0015060274086214009,0.09449565617862543,0.5,-0.45932322156042604,4,-0.09019465948088314,0.355904194414106
F02043,60,0.0014981510110377238,0.09397931281328376,0.4666666666666667,-0.6063598801792465,6,-0.1232172229534476,0.2767987239194082
F01322,60,0.0014976144141423163,0.09394414450325272,0.43333333333333335,-0.6078837042512908,8,-0.11861568119316798,0.29197470553007115
F02656,60,0.0014938987689624322,0.09370065335230016,0.5,-0.5100532968778324,8,-0.16488878784893626,0.18492058560266256
F00369,60,0.0014926376742330318,0.09361802425806443,0.48333333333333334,-0.6964259753553667,8,-0.15022772456507835,0.4537667287542978
F00247,60,0.0014919350781978737,0.09357199162094987,0.5666666666666667,-0.49985160837730747,5,-0.09489135824530677,0.2559469419206003
F00475,60,0.0014919350781978737,0.09357199162094987,0.5666666666666667,-0.49985160837730747,5,-0.09489135824530677,0.2559469419206003
F00553,60,0.0014919350781978737,0.09357199162094987,0.5666666666666667,-0.49985160837730747,5,-0.09489135824530677,0.2559469419206003
F00727,60,0.0014919350781978737,0.09357199162094987,0.5666666666666667,-0.49985160837730747,5,-0.09489135824530677,0.2559469419206003
F00913,60,0.0014919350781978737,0.09357199162094987,0.5666666666666667,-0.49985160837730747,5,-0.09489135824530677,0.2559469419206003
F00919,60,0.0014919350781978737,0.09357199162094987,0.5666666666666667,-0.49985160837730747,5,-0.09489135824530677,0.2559469419206003
F01069,60,0.0014919350781978737,0.09357199162094987,0.5666666666666667,-0.49985160837730747,5,-0.09489135824530677,0.2559469419206003
F01135,60,0.0014919350781978737,0.09357199162094987,0.5666666666666667,-0.49985160837730747,5,-0.09489135824530677,0.2559469419206003
F01627,60,0.0014919350781978737,0.09357199162094987,0.5666666666666667,-0.49985160837730747,5,-0.09489135824530677,0.2559469419206003
F01951,60,0.0014919350781978737,0.09357199162094987,0.5666666666666667,-0.49985160837730747,5,-0.09489135824530677,0.2559469419206003
F02215,60,0.0014919350781978737,0.09357199162094987,0.5666666666666667,-0.49985160837730747,5,-0.09489135824530677,0.2559469419206003
F02671,60,0.0014919350781978737,0.09357199162094987,0.5666666666666667,-0.49985160837730747,5,-0.09489135824530677,0.2559469419206003
F03025,60,0.0014919350781978737,0.09357199162094987,0.5666666666666667,-0.49985160837730747,5,-0.09489135824530677,0.2559469419206003
F03037,60,0.0014919350781978737,0.09357199162094987,0.5666666666666667,-0.49985160837730747,5,-0.09489135824530677,0.2559469419206003
F03157,60,0.0014919350781978737,0.09357199162094987,0.5666666666666667,-0.49985160837730747,5,-0.09489135824530677,0.2559469419206003
F03199,60,0.0014919350781978737,0.09357199162094987,0.5666666666666667,-0.49985160837730747,5,-0.09489135824530677,0.2559469419206003
F03541,60,0.0014919350781978737,0.09357199162094987,0.5666666666666667,-0.49985160837730747,5,-0.09489135824530677,0.2559469419206003
F03883,60,0.0014919350781978737,0.09357199162094987,0.5666666666666667,-0.49985160837730747,5,-0.09489135824530677,0.2559469419206003
F04003,60,0.0014919350781978737,0.09357199162094987,0.5666666666666667,-0.49985160837730747,5,-0.09489135824530677,0.2559469419206003
F04057,60,0.0014919350781978737,0.09357199162094987,0.5666666666666667,-0.49985160837730747,5,-0.09489135824530677,0.2559469419206003
F04219,60,0.0014919350781978737,0.09357199162094987,0.5666666666666667,-0.49985160837730747,5,-0.09489135824530677,0.2559469419206003
F04921,60,0.0014919350781978737,0.09357199162094987,0.5666666666666667,-0.49985160837730747,5,-0.09489135824530677,0.2559469419206003
F04958,60,0.001491832387949222,0.09356526372812568,0.48333333333333334,-0.4565767312102593,9,-0.1502096372252494,0.25309459497930076
F02529,60,0.001491230529981857,0.09352583299425299,0.48333333333333334,-0.39725028205547364,3,-0.09425768540600919,0.12946262917666648
F01070,60,0.0014902364441115809,0.09346070850494814,0.5333333333333333,-0.6552399602750127,8,-0.17415177631188797,0.28974897402411404
F03832,60,0.0014869323228425939,0.09324427652941214,0.4166666666666667,-0.5548252955408062,10,-0.1642989454292067,0.4793888485654167
F03768,60,0.001474457280197945,0.09242749551397966,0.5166666666666667,-0.46657024474399955,8,-0.1426579748588725,0.18511660222479645
F01053,60,0.0014740058049059765,0.09239794723384898,0.43333333333333335,-0.4083892195291342,3,-0.06418553423570654,0.1761149870166149
F02613,60,0.00147064633651459,0.09217810049524888,0.5333333333333333,-0.5938780168132445,6,-0.12463185441462121,0.3598359162684388
F02256,60,0.001467528565910283,0.09197410960961139,0.45,-0.555163871107299,5,-0.1405473922161893,0.23692864482270726
F02427,60,0.0014651768542353642,0.09182026555767897,0.5333333333333333,-0.6276598306055199,6,-0.15565960849294097,0.3654523482469698
F02276,60,0.0014632614304519612,0.091694978294939,0.5,-0.6410271958290569,7,-0.12304535522988687,0.18625776990268436
F04142,60,0.0014606704332578004,0.09152552448506834,0.48333333333333334,-0.44822524005923037,3,-0.11357594020625786,0.2406172037813706
F03874,60,0.0014536709758504365,0.09106788226697371,0.5166666666666667,-0.6694821589232467,10,-0.1531344172506118,0.40480874872324457
F03662,60,0.0014448831475604065,0.09049357897906929,0.4666666666666667,-0.520890436484509,7,-0.14172562092635155,0.15058017696983303
F04913,60,0.0014391888476213144,0.09012160307836936,0.48333333333333334,-0.36399379041843294,4,-0.10296406876221487,0.18050030631768704
F03204,60,0.00143391495495415,0.08977720126274025,0.5166666666666667,-0.6370850357615863,9,-0.16374212223332923,0.19015611408482122
F02169,60,0.0014111997400147308,0.08829504855974801,0.5666666666666667,-0.5711282084812519,6,-0.22104148350552852,0.2841944020821086
F00358,60,0.0014095128429107474,0.08818505874497218,0.6,-0.6091177853506814,6,-0.14879651058937482,0.19807837023041658
F03821,60,0.0014034028431907201,0.08778676331844526,0.5,-0.5905593362429438,10,-0.15254919877047785,0.34225197955276143
F01986,60,0.0014028910246437565,0.08775340566988477,0.5,-0.6707784825004341,10,-0.22104148350552852,0.28419440208210855
F00267,60,0.0014003129930323234,0.08758539838349577,0.48333333333333334,-0.7046995024506713,8,-0.22104148350552852,0.28419440208210855
F03765,60,0.001398074214506138,0.08743952052261417,0.45,-0.2499493243984473,1,-0.07369165062133513,0.07615315044248988
F04389,60,0.001397729454815349,0.0874170578368012,0.5166666666666667,-0.5385792096296278,7,-0.22104148350552852,0.3831445102164807
F01440,60,0.0013967776564297147,0.08735504614554124,0.5333333333333333,-0.6004564912996317,10,-0.22104148350552852,0.2841944020821086
F00467,60,0.0013906433233026175,0.08695546470103865,0.5,-0.618451045104663,9,-0.22104148350552852,0.28419440208210855
F01506,60,0.0013814412484827552,0.08635632581696484,0.43333333333333335,-0.5619077416806564,11,-0.22104148350552852,0.463861238172841
F00317,60,0.0013789232952369666,0.08619244072202892,0.4166666666666667,-0.5100151671133977,5,-0.09687799173291564,0.2194742487401637
F00688,60,0.0013682223191974962,0.08549622140367097,0.5666666666666667,-0.4950777859495845,5,-0.10111747020224593,0.2446455887292903
F00742,60,0.0013664329075642404,0.08537984280494504,0.4166666666666667,-0.5910680865090803,9,-0.22104148350552852,0.4737044953141958
F04530,60,0.0013652957367382215,0.0853058905989994,0.4666666666666667,-0.5221711988750808,5,-0.11504182294056989,0.30865295016963856
F00069,60,0.0013620276400521246,0.08509338814042944,0.5,-0.6600201680609395,9,-0.17562597947660902,0.27574276158452515
F02086,60,0.0013595847318075068,0.0849345688873171,0.35,-0.45380626112356115,5,-0.09858083882318497,0.24802583596613823
F04209,60,0.0013574202638404612,0.08479387079508016,0.5166666666666667,-0.6660499358560288,10,-0.16331176599230685,0.36604858249882954
F03051,60,0.001349602638224159,0.08428584682571016,0.4666666666666667,-0.796624388449737,10,-0.22104148350552852,0.4440362458400642
F03254,60,0.0013478754431377683,0.08417363758979146,0.48333333333333334,-0.5628758883517899,7,-0.1890745156908688,0.40635014785739937
F04624,60,0.0013435782414872497,0.08389451443361984,0.45,-0.5054676505804407,5,-0.11758093328436485,0.2315957487461533
F00130,60,0.00134280111707778,0.08384404414837743,0.5333333333333333,-0.6078287082145101,8,-0.22104148350552852,0.3670620028423363
F02922,60,0.0013407254727685904,0.08370925291650133,0.48333333333333334,-0.6433515262947267,11,-0.1539866467913603,0.18764652846634425
F02106,60,0.0013392042805927594,0.08361047797700527,0.4166666666666667,-0.7651400680411167,10,-0.22104148350552852,0.40725697955107637
F04149,60,0.0013186847789039694,0.08227895850196232,0.5,-0.6091307291536445,6,-0.22104148350552852,0.28419440208210855
F03198,60,0.0013120330301826329,0.0818476690123271,0.5,-0.5150426057321329,9,-0.1578386499284345,0.1489631705758388
F00550,60,0.001308267316494738,0.08160358066623186,0.5333333333333333,-0.571421147958993,5,-0.22104148350552852,0.28419440208210855
F04890,60,0.0012989628835839387,0.08100071239332851,0.5,-0.567706365961419,7,-0.11972373591634917,0.2140626042475608
F02883,60,0.001284425014260815,0.08005941203424549,0.4666666666666667,-0.5606501250348612,8,-0.1046041904831714,0.22106592971452832
F04702,60,0.0012613880448568715,0.07856946082076921,0.55,-0.6389976393894364,9,-0.22104148350552852,0.28419440208210855
F02334,60,0.001261220160106838,0.078558610039694,0.48333333333333334,-0.5207251005261708,5,-0.14996023366654046,0.29741976548150467
F03126,60,0.0012611125947712316,0.0785516578988037,0.48333333333333334,-0.5857685739362345,10,-0.1291640019350228,0.3827031012849578
F04810,60,0.0012551619347448406,0.07816712469100917,0.5166666666666667,-0.6816402030386247,7,-0.14487572167139295,0.4035260295520452
F02916,60,0.0012500947000945047,0.07783978494100152,0.5833333333333334,-0.3791026385441738,3,-0.09693319810606986,0.14733370940110452
F03024,60,0.0012491591783848589,0.0777793615923823,0.5333333333333333,-0.39365604433376944,1,-0.08617805055671199,0.3390783824408897
F01336,60,0.0012449492327607748,0.07750749141700597,0.48333333333333334,-0.6527211512246949,12,-0.22104148350552852,0.36557594830518714
F04634,60,0.0012413811350699975,0.07727712334321257,0.45,-0.5414740073575565,7,-0.1834761053048866,0.39150250191538627
F02614,60,0.001236331430897271,0.07695118067215456,0.4666666666666667,-0.45601141523398603,4,-0.11919009319071075,0.2666029661882879
F03708,60,0.0012357494583029242,0.07691362238709831,0.4166666666666667,-0.6522913180276265,9,-0.129312677569026,0.34690104687823786
F02685,60,0.0012351618473306297,0.0768757015294772,0.4666666666666667,-0.5571973629523002,10,-0.13474800921557115,0.17829467094558413
F02609,60,0.0012346797190050333,0.0768445888644338,0.5,-0.6441437849689767,10,-0.17398968653074093,0.2642540901770485
F02823,60,0.0012305604197087182,0.07657879862083172,0.45,-0.37949530467898707,5,-0.09522431277061616,0.27539305977210043
F00360,60,0.0012300251761146227,0.0765442677440662,0.4666666666666667,-0.7533497020764124,9,-0.22104148350552852,0.4658552146160859
F00870,60,0.0012183754646032448,0.07579296428569404,0.48333333333333334,-0.4230645423279803,5,-0.09888037584059675,0.14371019990900533
F01799,60,0.0012101086245901644,0.07526013891964878,0.45,-0.3999435478242913,2,-0.10247774434637837,0.21968626993278695
F03796,60,0.0012087613243707844,0.0751733255304925,0.5166666666666667,-0.725929341773927,13,-0.22104148350552852,0.35128402727516755
F02817,60,0.0012086593449535574,0.07516675475980494,0.4166666666666667,-0.654052733531368,8,-0.12220326402129751,0.36360091492377916
F00324,60,0.0012065170028080232,0.07502872780760605,0.48333333333333334,-0.668913473055069,11,-0.17460198884397674,0.3262475932976094
F01416,60,0.0012033779069810656,0.0748265134174273,0.4666666666666667,-0.6429399616362648,12,-0.151295163393416,0.20784354504766756
F01018,60,0.0011986823762143454,0.07452410636050688,0.48333333333333334,-0.48836213001884543,7,-0.11716732576787636,0.12610855992403364
F01638,60,0.0011941208890400225,0.0742304122531241,0.5166666666666667,-0.6053610203882809,6,-0.22104148350552852,0.41663510520288516
F02696,60,0.0011925299371283362,0.07412799642109902,0.4166666666666667,-0.6480249860371515,11,-0.13280264695010047,0.2508895549434692
F03663,60,0.0011881006043058862,0.07384291341984528,0.43333333333333335,-0.713355361258595,10,-0.22104148350552852,0.38639736174393857
F01870,60,0.0011835095997425272,0.0735475033444053,0.5166666666666667,-0.6380771509759868,12,-0.12219991859782182,0.4589924577818647
F02300,60,0.0011732233495735961,0.0728859204174821,0.5333333333333333,-0.5938845374794887,8,-0.22104148350552852,0.28419440208210855
F03166,60,0.0011701189516644854,0.07268633296839666,0.43333333333333335,-0.5693561671903087,3,-0.09002554171814754,0.42287617412350187
F01485,60,0.0011682151673734213,0.0725639532370228,0.43333333333333335,-0.5067390417912684,6,-0.12073216440233817,0.35996367942656005
F03747,60,0.001163253936460043,0.07224509815069391,0.5166666666666667,-0.481360234077832,5,-0.13107181189612602,0.23669745085988178
F03910,60,0.0011592547744280046,0.0719881424579325,0.5166666666666667,-0.5554748387890639,10,-0.13830993091360566,0.2734920686476875
F04116,60,0.0011417242746007115,0.07086248034983766,0.4666666666666667,-0.5980967972546132,7,-0.22104148350552852,0.28419440208210855
F01919,60,0.0011355778912720555,0.07046808627666423,0.43333333333333335,-0.647499156152852,9,-0.22104148350552852,0.4480646629648631
F00957,60,0.0010801760096546095,0.0669195619442553,0.5166666666666667,-0.4457585907963352,3,-0.08889659249539142,0.20567974302860967
F00223,60,0.0010707232799195597,0.06631526508283736,0.5,-0.7181359267197762,11,-0.14644968581469658,0.2958682282639551
F00565,60,0.0010707232799195597,0.06631526508283736,0.5,-0.7181359267197762,11,-0.14644968581469658,0.2958682282639551
F00835,60,0.0010707232799195597,0.06631526508283736,0.5,-0.7181359267197762,11,-0.14644968581469658,0.2958682282639551
F00871,60,0.0010707232799195597,0.06631526508283736,0.5,-0.7181359267197762,11,-0.14644968581469658,0.2958682282639551
F01057,60,0.0010707232799195597,0.06631526508283736,0.5,-0.7181359267197762,11,-0.14644968581469658,0.2958682282639551
F01141,60,0.0010707232799195597,0.06631526508283736,0.5,-0.7181359267197762,11,-0.14644968581469658,0.2958682282639551
F01573,60,0.0010707232799195597,0.06631526508283736,0.5,-0.7181359267197762,11,-0.14644968581469658,0.2958682282639551
F01579,60,0.0010707232799195597,0.06631526508283736,0.5,-0.7181359267197762,11,-0.14644968581469658,0.2958682282639551
F01891,60,0.0010707232799195597,0.06631526508283736,0.5,-0.7181359267197762,11,-0.14644968581469658,0.2958682282639551
F02323,60,0.0010707232799195597,0.06631526508283736,0.5,-0.7181359267197762,11,-0.14644968581469658,0.2958682282639551
F02377,60,0.0010707232799195597,0.06631526508283736,0.5,-0.7181359267197762,11,-0.14644968581469658,0.2958682282639551
F02791,60,0.0010707232799195597,0.06631526508283736,0.5,-0.7181359267197762,11,-0.14644968581469658,0.2958682282639551
F02893,60,0.0010707232799195597,0.06631526508283736,0.5,-0.7181359267197762,11,-0.14644968581469658,0.2958682282639551
F03853,60,0.0010707232799195597,0.06631526508283736,0.5,-0.7181359267197762,11,-0.14644968581469658,0.2958682282639551
F04105,60,0.0010707232799195597,0.06631526508283736,0.5,-0.7181359267197762,11,-0.14644968581469658,0.2958682282639551
F04483,60,0.0010707232799195597,0.06631526508283736,0.5,-0.7181359267197762,11,-0.14644968581469658,0.2958682282639551
F04963,60,0.0010707232799195597,0.06631526508283736,0.5,-0.7181359267197762,11,-0.14644968581469658,0.2958682282639551
F04427,60,0.0010705246138227864,0.06630256831048142,0.4666666666666667,-0.5771843870421468,7,-0.22104148350552852,0.28419440208210855
F04308,60,0.0010616268138009186,0.0657340613283588,0.5,-0.6650435637704479,9,-0.13048208448151033,0.40696747732282623
F01373,60,0.00105896436092332,0.06556400721607569,0.4666666666666667,-0.7190368598431185,10,-0.13506823244462746,0.46537733041132157
F02802,60,0.0010560390546560338,0.06537719510105466,0.48333333333333334,-0.5148456494555913,5,-0.12358385704211705,0.3021806681816442
F01196,60,0.0010550272725606963,0.06531258948120611,0.5166666666666667,-0.44889493767112953,4,-0.11723831985931124,0.2300786132809824
F02400,60,0.0010543506926345403,0.06526938977352215,0.48333333333333334,-0.7056642347678299,10,-0.22104148350552852,0.31435993501703885
F02211,60,0.001053328920284105,0.06520415275413671,0.5666666666666667,-0.6689674606739983,8,-0.18609306396909026,0.2785862484051477
F03920,60,0.001051863675603653,0.06511060824766157,0.4,-0.3071125991339424,3,-0.05210587616515507,0.1297543537458937
F02975,60,0.0010489920704621102,0.06492730196370466,0.5,-0.5994090728225377,9,-0.13229425814342977,0.2744920124747076
F03236,60,0.0010486931055487608,0.06490821959534143,0.43333333333333335,-0.7044776033924554,11,-0.1617892148271645,0.43565475978747287
F01444,60,0.0010442909638415019,0.06462727808907798,0.48333333333333334,-0.6091983757978912,10,-0.22104148350552852,0.4025960453323147
F00302,60,0.001036245868763965,0.06411403422282236,0.5333333333333333,-0.6414302740116598,10,-0.18609306396909028,0.2992455264183101
F00091,60,0.0010281701686158167,0.0635990825761279,0.4666666666666667,-0.5265756412538621,7,-0.17903175595935034,0.3502519113992823
F00535,60,0.0010281701686158167,0.0635990825761279,0.4666666666666667,-0.5265756412538621,7,-0.17903175595935034,0.3502519113992823
F00703,60,0.0010281701686158167,0.0635990825761279,0.4666666666666667,-0.5265756412538621,7,-0.17903175595935034,0.3502519113992823
F00715,60,0.0010281701686158167,0.0635990825761279,0.4666666666666667,-0.5265756412538621,7,-0.17903175595935034,0.3502519113992823
F00979,60,0.0010281701686158167,0.0635990825761279,0.4666666666666667,-0.5265756412538621,7,-0.17903175595935034,0.3502519113992823
F01189,60,0.0010281701686158167,0.0635990825761279,0.4666666666666667,-0.5265756412538621,7,-0.17903175595935034,0.3502519113992823
F02059,60,0.0010281701686158167,0.0635990825761279,0.4666666666666667,-0.5265756412538621,7,-0.17903175595935034,0.3502519113992823
F02425,60,0.0010281701686158167,0.0635990825761279,0.4666666666666667,-0.5265756412538621,7,-0.17903175595935034,0.3502519113992823
F02869,60,0.0010281701686158167,0.0635990825761279,0.4666666666666667,-0.5265756412538621,7,-0.17903175595935034,0.3502519113992823
F02995,60,0.0010281701686158167,0.0635990825761279,0.4666666666666667,-0.5265756412538621,7,-0.17903175595935034,0.3502519113992823
F03247,60,0.0010281701686158167,0.0635990825761279,0.4666666666666667,-0.5265756412538621,7,-0.17903175595935034,0.3502519113992823
F03469,60,0.0010281701686158167,0.0635990825761279,0.4666666666666667,-0.5265756412538621,7,-0.17903175595935034,0.3502519113992823
F03475,60,0.0010281701686158167,0.0635990825761279,0.4666666666666667,-0.5265756412538621,7,-0.17903175595935034,0.3502519113992823
F03757,60,0.0010281701686158167,0.0635990825761279,0.4666666666666667,-0.5265756412538621,7,-0.17903175595935034,0.3502519113992823
F03799,60,0.0010281701686158167,0.0635990825761279,0.4666666666666667,-0.5265756412538621,7,-0.17903175595935034,0.3502519113992823
F04045,60,0.0010281701686158167,0.0635990825761279,0.4666666666666667,-0.5265756412538621,7,-0.17903175595935034,0.3502519113992823
F04069,60,0.0010281701686158167,0.0635990825761279,0.4666666666666667,-0.5265756412538621,7,-0.17903175595935034,0.3502519113992823
F04639,60,0.0010281701686158167,0.0635990825761279,0.4666666666666667,-0.5265756412538621,7,-0.17903175595935034,0.3502519113992823
F04927,60,0.0010281701686158167,0.0635990825761279,0.4666666666666667,-0.5265756412538621,7,-0.17903175595935034,0.3502519113992823
F00180,60,0.001021558658031156,0.06317767825197929,0.36666666666666664,-0.6982661295802393,9,-0.14653299274236217,0.49852524054625635
F02704,60,0.0010170447510766953,0.06289006525895635,0.55,-0.5347052689942728,5,-0.22104148350552852,0.28419440208210855
F03610,60,0.0010104775256261783,0.062471757420988316,0.48333333333333334,-0.6753780745257847,8,-0.14854204815671265,0.37831203789210444
F03408,60,0.001000960175475403,0.061865824896911725,0.45,-0.3864208923617186,4,-0.06884484252948207,0.13992265680197952
F02445,60,0.0009926473272600666,0.06133685633712549,0.5,-0.6495493837061546,10,-0.1911794870759201,0.3416373191416403
F04067,60,0.0009883224979099182,0.06106175846429762,0.43333333333333335,-0.5633957945445196,5,-0.1079647289516274,0.40734936871081995
F01613,60,0.0009540500361769691,0.058884201041341955,0.48333333333333334,-0.6551337610689854,8,-0.22104148350552852,0.4703866574694563
F02672,60,0.0009479041104323222,0.05849417444403748,0.43333333333333335,-0.6221388343047299,8,-0.1417710540272226,0.42217569332627025
F01178,60,0.0009465251914651086,0.058406686271709196,0.55,-0.44169243627963994,5,-0.12689363739630544,0.33529895526534775
F01272,60,0.000941951097160634,0.05811652495194153,0.5333333333333333,-0.6604991008844596,10,-0.22104148350552852,0.3492115587168387
F02588,60,0.0009358607334811605,0.05773029928630735,0.4166666666666667,-0.5194243227331063,5,-0.11925970924248783,0.23883102458612454
F00626,60,0.0009276763506053554,0.057211497896688,0.5,-0.5626605432934608,6,-0.1303612627339831,0.21605561406444615
F02236,60,0.0009214751492365131,0.05681857540229629,0.5333333333333333,-0.6532718126957426,9,-0.16604205995231008,0.210351198711226
F02355,60,0.0009115655321899039,0.05619097716286303,0.4666666666666667,-0.5965935709537362,6,-0.12897036856912256,0.2630762837332827
F02234,60,0.0009039398856416085,0.055708277425434494,0.5166666666666667,-0.6176540052106652,7,-0.13519253370099818,0.37199874482649814
F01679,60,0.0009013396648671789,0.05554373430870041,0.48333333333333334,-0.580371349214638,8,-0.11171102039428518,0.20307842475895965
F00633,60,0.0008946389771013962,0.05511982805239679,0.48333333333333334,-0.6040953150019498,10,-0.22104148350552852,0.3385410484308825
F01769,60,0.0008893704633424178,0.05478664311949388,0.5666666666666667,-0.3739693311714829,4,-0.10103735061914516,0.12254747600829968
F00291,60,0.0008791399605730144,0.054139953596711976,0.4666666666666667,-0.79534641038208,10,-0.18781151768361262,0.4417009298383365
F04371,60,0.0008652360199516116,0.05326168404668552,0.48333333333333334,-0.5663041713744372,4,-0.11751925670948064,0.26193173840422584
F02384,60,0.0008648291958721191,0.053235997047377026,0.5166666666666667,-0.6763565470197422,10,-0.12764612521636848,0.3076137516648958
F01449,60,0.0008645875928160867,0.053220742446589364,0.4666666666666667,-0.37100171714759667,4,-0.0740579248429048,0.17354076843035882
F02907,60,0.0008607052593593619,0.05297564517891473,0.4666666666666667,-0.5302864410020209,6,-0.11484945454737198,0.2650322802049233
F02306,60,0.0008570133199375716,0.05274261978767947,0.55,-0.6467650500997109,7,-0.11804886383540385,0.19836012855329774
F01288,60,0.0008406631616500864,0.051711250719060686,0.48333333333333334,-0.5755701250886918,9,-0.1441246625713199,0.30906408378012273
F04817,60,0.0008357727525022367,0.05140295647031157,0.5,-0.6332838265233307,9,-0.1660237587986674,0.4152754177495774
F04443,60,0.0008282725804100431,0.05093031388793645,0.45,-0.7242180280262958,8,-0.13115097869703657,0.41910621102648365
F04205,60,0.0008240556210185211,0.05066466314019591,0.5333333333333333,-0.556595190499314,5,-0.22104148350552852,0.28419440208210855
F02895,60,0.0008211475723823449,0.05048150674778995,0.5166666666666667,-0.5674048045416755,4,-0.17334981894992518,0.19382473870945677
F02806,60,0.0008186936385492547,0.05032697610054204,0.5333333333333333,-0.4442518684456501,4,-0.11152385438874467,0.22000276142722824
F00572,60,0.0008145230634044449,0.05006439532612261,0.5333333333333333,-0.6139003525068556,7,-0.22104148350552852,0.28419440208210855
F03872,60,0.000804114118665459,0.049409326328420544,0.5,-0.5366782392789211,9,-0.22104148350552852,0.3149755332368958
F04829,60,0.0007964389102608987,0.04892655772892818,0.55,-0.5667487416877963,4,-0.14635678735226823,0.2097739743634306
F02387,60,0.0007877531039723463,0.048380486201016426,0.45,-0.5685925129641258,8,-0.15699029546926052,0.3384782936533231
F00377,60,0.00078346561834705,0.04811103756571988,0.4,-0.6149137934708084,9,-0.1171197162342837,0.33607536787922054
F00924,60,0.0007798287382085776,0.047882529857758316,0.4666666666666667,-0.6569468785678187,8,-0.12200702239524701,0.3308807814513492
F01019,60,0.0007411855792070445,0.045457576899373464,0.48333333333333334,-0.5275394436699512,4,-0.13250891216323968,0.26846219170228935
F01319,60,0.0007354827824219401,0.04510017999955096,0.5333333333333333,-0.6122881102570403,6,-0.1392895731254788,0.20138426919018965
F04881,60,0.0007308060636116249,0.04480717754306385,0.4666666666666667,-0.5519030991839202,10,-0.12581836397387236,0.1809956289898107
F03060,60,0.0007299142612718326,0.04475131414891331,0.55,-0.5962830652395996,8,-0.22104148350552852,0.28419440208210855
F00264,60,0.0007084320168163352,0.043406531946800886,0.48333333333333334,-0.6057192808109577,10,-0.22104148350552852,0.28419440208210855
F02200,60,0.0006993586037889677,0.042839050373074894,0.4,-0.7512288060557211,9,-0.22104148350552852,0.4741917837971325
F04852,60,0.0006980499077346305,0.04275722519621228,0.5333333333333333,-0.5989556056785355,8,-0.22104148350552852,0.28419440208210855
F02410,60,0.0006963003233123191,0.042647843687696474,0.43333333333333335,-0.5307482619178565,8,-0.17440168016779775,0.3466830253257662
F02728,60,0.0006937550749110469,0.042488738553909,0.4666666666666667,-0.48656096044065833,5,-0.14033069413472557,0.1489002225079522
F03785,60,0.0006917033213853742,0.04236049948577825,0.5666666666666667,-0.5415427559728828,6,-0.22104148350552852,0.28419440208210855
F04863,60,0.0006813222153757044,0.04171189548773113,0.38333333333333336,-0.5240089390588427,7,-0.0959616065621867,0.19932574394885816
F01563,60,0.0006787397105270021,0.041550604105998756,0.45,-0.6348290803624763,9,-0.12415264652379045,0.244386971224592
F01349,60,0.0006625246219161751,0.040538445219154395,0.4666666666666667,-0.7332211654705288,12,-0.22104148350552852,0.37305239280777003
F01805,60,0.0006570114349154538,0.04019452802845214,0.5,-0.5311475899139535,7,-0.12344050736641232,0.29271294370534795
F03120,60,0.0006517843987180316,0.039868564388738426,0.43333333333333335,-0.5697468584505103,8,-0.1252175444409878,0.2677246093506006
F04434,60,0.000651571816029784,0.0398553096278178,0.48333333333333334,-0.5844063558360613,7,-0.1366601424988556,0.2535606913966228
F04865,60,0.0006427526081088173,0.0393055688494377,0.48333333333333334,-0.2980573082384964,3,-0.08362983985337633,0.23411609713266746
F02792,60,0.0006243035789642748,0.038156482207535536,0.5,-0.5391562469840007,8,-0.22104148350552852,0.3064188507311289
F02678,60,0.0006232798053763805,0.038092753686989944,0.5666666666666667,-0.6229023656320627,7,-0.13475343279545474,0.32237270680046815
F03206,60,0.0006132442816413179,0.03746825955250266,0.5166666666666667,-0.6029871426974156,10,-0.22104148350552852,0.47841880807342724
F01130,60,0.0006078704297142647,0.03713400547528689,0.55,-0.5244417449462702,7,-0.22104148350552852,0.28419440208210855
F02049,60,0.0006017264561655759,0.03675197950927678,0.4166666666666667,-0.6451694118871563,9,-0.15769839745086442,0.3892764364985178
F03648,60,0.0005890553349398094,0.035964539113791494,0.5166666666666667,-0.480198218809199,4,-0.22104148350552852,0.28419440208210855
F03830,60,0.0005817686118910974,0.03551197578700438,0.4666666666666667,-0.6524335964485236,10,-0.13654924158164145,0.32629593698829834
F04250,60,0.0005776441708669153,0.035255901436715975,0.5166666666666667,-0.5888495710495978,7,-0.17463460502083664,0.2306863218133412
F04547,60,0.0005726262618902647,0.03494443826646276,0.48333333333333334,-0.5769653546308101,6,-0.10878529792075857,0.32610495712148807
F04757,60,0.0005660257437111365,0.034534882366320074,0.5,-0.6109502171037039,5,-0.1347558242471756,0.32687315735296923
F02690,60,0.0005639670829766526,0.03440717702615359,0.5666666666666667,-0.6017343186697451,8,-0.22104148350552852,0.2841944020821086
F04986,60,0.0005447168512166646,0.03321377323798713,0.5,-0.4180944598079174,5,-0.08336044557364912,0.2162621451315143
F04896,60,0.0005373312377735375,0.03275626708421053,0.5666666666666667,-0.5236521106028261,6,-0.22104148350552852,0.28419440208210855
F03876,60,0.0005317903481442061,0.03241316422016571,0.5,-0.6227781944313819,6,-0.13297319885686945,0.23678179880755817
F01881,60,0.0005261149139475419,0.03206184629191444,0.48333333333333334,-0.5372226163532434,9,-0.13598040799706604,0.2261094848796207
F03286,60,0.0005179981247707498,0.03155960908921873,0.5666666666666667,-0.5801029961306592,5,-0.22104148350552852,0.28419440208210855
F04073,60,0.0005166811186970321,0.03147814023894102,0.45,-0.5526083184490922,7,-0.22104148350552852,0.3877055850020585
F04156,60,0.0005127828189886947,0.0312370318875983,0.4166666666666667,-0.475837618570212,7,-0.07409376907866355,0.15837492882112747
F02674,60,0.0005076637979212898,0.03092050655218115,0.38333333333333336,-0.6800593870480632,11,-0.1255065324809308,0.2963716274695738
F01172,60,0.0005031740913256854,0.03064297237043445,0.48333333333333334,-0.6298460451405441,7,-0.12218872985362755,0.23866544175035992
F00988,60,0.0005024091201801115,0.030595692499282068,0.5333333333333333,-0.725513845746776,9,-0.1517881294722027,0.421064158975472
F01160,60,0.0005005973616132657,0.030483723303650123,0.5166666666666667,-0.6795666010955888,8,-0.1671823926985624,0.2821984987402078
F00750,60,0.0004975400165262167,0.030294802255740994,0.5166666666666667,-0.5340301253186717,6,-0.22104148350552852,0.28419440208210855
F00959,60,0.0004886955890046074,0.02974847456886298,0.4,-0.7570811392343677,10,-0.15006979162419617,0.3614338890528378
F00362,60,0.0004864472657462146,0.029609639178907576,0.5333333333333333,-0.5994664158741436,12,-0.1638885777616326,0.28885441120632416
F04215,60,0.0004830603986337191,0.02940053272971288,0.5,-0.6776411536544878,10,-0.1271109259057697,0.251115894846912
F03915,60,0.00048242256052846244,0.02936115703833697,0.4666666666666667,-0.5112897285889876,7,-0.1171928161267037,0.46384313377164593
F02032,60,0.00047513275386641457,0.02891124022060798,0.5333333333333333,-0.6082139606568397,7,-0.1621608393568167,0.5331573754669322
F02100,60,0.0004701690185644106,0.028604995990193283,0.5166666666666667,-0.37158568782586343,6,-0.11853004013777305,0.22933617113761356
F03977,60,0.000464276040284242,0.028241537251706417,0.45,-0.34485228127957523,3,-0.0879835314905562,0.13916867190188753
F01726,60,0.0004512028507546102,0.027435678430792976,0.45,-0.6851530780200799,10,-0.12334520933607408,0.3230459224639571
F02304,60,0.00044884659448219137,0.027290499921578615,0.45,-0.2763200589752004,4,-0.07655570049995236,0.19027970859716656
F01079,60,0.0004465254902120317,0.02714750699282953,0.4,-0.49516222283034295,7,-0.1138369322602758,0.3737578980787306
F01958,60,0.00043508090476925904,0.026442743010300473,0.48333333333333334,-0.6730875341156641,10,-0.13500655618970897,0.22215729243641613
F01262,60,0.00043261060788917714,0.0262906831517542,0.48333333333333334,-0.6888468668248462,8,-0.1726054942186902,0.4110806491611886
F02944,60,0.0004250255252828963,0.025823919553097374,0.5166666666666667,-0.5722604416668737,8,-0.22104148350552852,0.28419440208210855
F03249,60,0.0004163766323661306,0.025291946921815578,0.43333333333333335,-0.45356362079913604,6,-0.09532369649274171,0.22457366108730215
F04940,60,0.0004095515940613313,0.024872346712447646,0.43333333333333335,-0.6180610378679531,8,-0.12509922781058683,0.3102461842845243
F04283,60,0.0004080518541355198,0.02478016602491273,0.5,-0.6638067855607428,8,-0.15647163579658838,0.34079331743406865
F00175,60,0.00040297902402212476,0.024468427742715626,0.5333333333333333,-0.6112686908675689,8,-0.17419407878216744,0.285404463689016
F00763,60,0.00040297902402212476,0.024468427742715626,0.5333333333333333,-0.6112686908675689,8,-0.17419407878216744,0.285404463689016
F01267,60,0.00040297902402212476,0.024468427742715626,0.5333333333333333,-0.6112686908675689,8,-0.17419407878216744,0.285404463689016
F01783,60,0.00040297902402212476,0.024468427742715626,0.5333333333333333,-0.6112686908675689,8,-0.17419407878216744,0.285404463689016
F02749,60,0.00040297902402212476,0.024468427742715626,0.5333333333333333,-0.6112686908675689,8,-0.17419407878216744,0.285404463689016
F03259,60,0.00040297902402212476,0.024468427742715626,0.5333333333333333,-0.6112686908675689,8,-0.17419407878216744,0.285404463689016
F03499,60,0.00040297902402212476,0.024468427742715626,0.5333333333333333,-0.6112686908675689,8,-0.17419407878216744,0.285404463689016
F03751,60,0.00040297902402212476,0.024468427742715626,0.5333333333333333,-0.6112686908675689,8,-0.17419407878216744,0.285404463689016
F04201,60,0.00040297902402212476,0.024468427742715626,0.5333333333333333,-0.6112686908675689,8,-0.17419407878216744,0.285404463689016
F04513,60,0.00040297902402212476,0.024468427742715626,0.5333333333333333,-0.6112686908675689,8,-0.17419407878216744,0.285404463689016
F04519,60,0.00040297902402212476,0.024468427742715626,0.5333333333333333,-0.6112686908675689,8,-0.17419407878216744,0.285404463689016
F03171,60,0.0003646416495910582,0.02211551220847907,0.5,-0.6503258436924374,6,-0.13784889832493682,0.32878162388856363
F04017,60,0.0003637972419014707,0.022063747441653403,0.4666666666666667,-0.2597645082138179,2,-0.0827153758421248,0.15326428452283875
F03240,60,0.0003618476835347005,0.02194424341412593,0.48333333333333334,-0.6186194200000255,8,-0.22104148350552852,0.35146974573606043
F01036,60,0.0003566934654670202,0.02162836633594667,0.48333333333333334,-0.47058096074784317,6,-0.1098941032569107,0.22762503648502616
F02777,60,0.0003188035366813493,0.019309221226496476,0.45,-0.557382140446739,8,-0.22104148350552852,0.4082868680796049
F00657,60,0.00031761061427143067,0.019236289635169213,0.5,-0.5519321079040548,6,-0.22104148350552852,0.28419440208210855
F01637,60,0.0003044205038476756,0.01843022898299962,0.5166666666666667,-0.2708141753930935,0,-0.052139345899633704,0.06311880728906441
F04833,60,0.0003000838015876886,0.018165345787055642,0.45,-0.6460836712910445,10,-0.13327900419947963,0.3565324244614665
F03672,60,0.0002960143828818895,0.017916849723127237,0.5,-0.4780056439956277,3,-0.09651832166624723,0.29622910604146424
F02148,60,0.0002633532417958512,0.015924580109316633,0.5166666666666667,-0.48808242893014464,5,-0.22104148350552852,0.28419440208210855
F04402,60,0.00024542449337987407,0.014832589972808563,0.5,-0.24168870686882848,2,-0.057846706804331294,0.11759884298733904
F00482,60,0.0002319046884316334,0.014009899722987385,0.5,-0.5902069520749251,7,-0.22104148350552852,0.45901905207606253
F03369,60,0.00022751887390017617,0.013743160532524668,0.4666666666666667,-0.7503595966410449,10,-0.22104148350552852,0.38805094484307795
F04136,60,0.00022736846429189522,0.013734014051405063,0.4666666666666667,-0.7176607559608195,9,-0.1951204565253113,0.41932799266284876
F02061,60,0.00020688515469644158,0.01248917179189002,0.4666666666666667,-0.6528884569074425,8,-0.15075526900929742,0.29503059162974
F03072,60,0.000201395466332872,0.012155799751355945,0.48333333333333334,-0.40350795383567595,4,-0.08669331972009504,0.24661016352375742
F04524,60,0.0002011430107774406,0.012140471491276728,0.5,-0.5944268161073782,7,-0.12154700458157207,0.1627614852171406
F01988,60,0.0002009444866673276,0.012128417929173185,0.5333333333333333,-0.6083989948768063,12,-0.1387768075030132,0.28462865462517745
F03351,60,0.0001943756802877221,0.011729666794564775,0.48333333333333334,-0.5391182175015894,6,-0.1282831215554487,0.17322645704743936
F02616,60,0.00019371812341755065,0.011689759138184153,0.5166666666666667,-0.6866168164337485,11,-0.15435284762991439,0.42218991963585595
F00776,60,0.00017121988372801447,0.010325254971706999,0.45,-0.7034571921105364,9,-0.22104148350552852,0.29590680973849753
F01000,60,0.00016658370455808198,0.010044298570367483,0.5166666666666667,-0.6127525855373448,6,-0.20167965553646278,0.3475423890040318
F00306,60,0.00016082650162214644,0.009695514112247672,0.4166666666666667,-0.7274966367598112,9,-0.22104148350552852,0.3054225088075721
F03702,60,0.00015469079815948132,0.009323929599356351,0.5166666666666667,-0.5797507507100397,7,-0.22104148350552852,0.28419440208210855
F03329,60,0.0001465131098030899,0.008828889419015384,0.5,-0.5529657495349032,5,-0.14325836019395563,0.31184712017226685
F00822,60,0.0001435617506026035,0.008650286151842934,0.55,-0.6670685432686291,10,-0.16700886518668298,0.3322244437902462
F04467,60,0.00014236159953300446,0.008577667185028837,0.4666666666666667,-0.616499592837714,8,-0.1356931680095621,0.3282324663841743
F02770,60,0.00014012004570560042,0.00844204859219988,0.45,-0.3800138349242379,4,-0.09293512750850136,0.08958622504638283
F02273,60,0.00013570619720626345,0.0081750541446175,0.45,-0.6031741608172412,6,-0.22104148350552852,0.28419440208210855
F04088,60,0.00013456217933587185,0.008105863652595247,0.43333333333333335,-0.5703900158726163,7,-0.18725852524948014,0.34919656317172987
F04336,60,0.00013234416180028146,0.007971730689540601,0.48333333333333334,-0.47300131440472803,4,-0.10188179963846777,0.20944245030999498
F03326,60,0.00013200483527874883,0.007951211718035145,0.4666666666666667,-0.43289824896968365,5,-0.11644737044574754,0.1877604371527057
F00603,60,7.263960311810049e-05,0.004367728742779242,0.4666666666666667,-0.38898890379854667,3,-0.07714748144977643,0.09913086818696171
F04672,60,6.720150268931642e-05,0.004040093950837154,0.5,-0.5623639081886479,7,-0.11550087418461194,0.2417177005738463
F01652,60,5.950981396517419e-05,0.003576864365650856,0.45,-0.5765232973875581,4,-0.16217350502551822,0.3307088903481139
F01106,60,4.209628228367828e-05,0.0025289161029788954,0.43333333333333335,-0.6931628766047864,12,-0.14950610797787456,0.40286979577920357
F03854,60,3.6170007125737996e-05,0.002172517684539299,0.5,-0.43868212144568897,4,-0.08103579949402286,0.1673588451924481
F04695,60,3.140577797167011e-05,0.0018860935302973392,0.4666666666666667,-0.6945363262073019,8,-0.12562236004443583,0.41526038094301815
F00861,60,2.6518690613532022e-05,0.0015923668117081569,0.5166666666666667,-0.6734888834057365,10,-0.1729573554936067,0.19334210713117916
F04770,60,-1.244196514767426e-06,-7.464905094800578e-05,0.48333333333333334,-0.3622533485268079,4,-0.07946717459130488,0.10165907304078936
F02834,60,-5.359085454520138e-06,-0.0003214942984972602,0.55,-0.5388866078708014,4,-0.22104148350552852,0.28419440208210855
F02645,60,-2.1844936873775824e-05,-0.0013098519227964234,0.5333333333333333,-0.6235207288568079,9,-0.22104148350552852,0.28419440208210855
F04769,60,-2.903122232874746e-05,-0.001740382399659901,0.45,-0.6882252237927857,10,-0.1507658736875125,0.5572552727475291
F01952,60,-3.093414943471156e-05,-0.001854356227366738,0.5,-0.527579212958717,8,-0.22104148350552852,0.30020323880552974
F01012,60,-5.106065340614629e-05,-0.0030590290297111133,0.5333333333333333,-0.6537204791260962,8,-0.14120029733699155,0.29919403954455864
F00129,60,-5.532049543225807e-05,-0.0033138186825639737,0.5,-0.6903373607674299,8,-0.13592897497367568,0.4034402695445199
F02418,60,-5.9078569540331684e-05,-0.0035385434317072306,0.5,-0.6434915522277385,5,-0.18090617742033746,0.3620818903920803
F00570,60,-5.999758762242081e-05,-0.0035934911540385084,0.4666666666666667,-0.49494802888935996,7,-0.22104148350552852,0.28419440208210855
F04240,60,-6.258675197470362e-05,-0.0037482802306385565,0.48333333333333334,-0.6054426891140581,6,-0.1851292628564302,0.4257001659830669
F04848,60,-6.774484882976312e-05,-0.004056578383478282,0.4666666666666667,-0.6840276915076356,7,-0.1525925703904201,0.5062459626287131
F02081,60,-7.820068897622434e-05,-0.004681233519663097,0.5,-0.5873626897084065,8,-0.10916167957996653,0.2064285861732748
F01536,60,-9.310665302018861e-05,-0.0055710829020665376,0.48333333333333334,-0.6646387886699754,9,-0.1356344261903189,0.27984448542468215
F04532,60,-0.00010559530042899133,-0.006316022106288011,0.45,-0.722988652666613,8,-0.17918999510070335,0.5091610721456875
F02289,60,-0.00010978621198940882,-0.006565884098534203,0.5666666666666667,-0.619210786508707,6,-0.13434267345360923,0.33632108903240154
F04574,60,-0.00011958572120717643,-0.007149889376530938,0.4666666666666667,-0.5829691908256522,7,-0.11116524855714323,0.3460308531030031
F01810,60,-0.00012071200512649677,-0.007216989038088539,0.55,-0.5192305821942553,6,-0.10785228023905115,0.1195186236608013
F04902,60,-0.00012115792963519905,-0.0072435542719552215,0.4666666666666667,-0.5088807781553892,6,-0.15765933756173547,0.1562067674597847
F01260,60,-0.00012218411811833012,-0.0073046851417074565,0.45,-0.7387995695738638,9,-0.22104148350552852,0.36306886624823714
F01520,60,-0.0001392157193725097,-0.00831873091065194,0.45,-0.6689825671077657,8,-0.15669405736582112,0.47845027462941114
F01354,60,-0.00014178493678988514,-0.008471611293947467,0.4666666666666667,-0.6752982627371698,8,-0.22104148350552852,0.4310090594368533
F03270,60,-0.00014591281020648138,-0.008717190428038424,0.5,-0.6434053251294404,10,-0.18449671029195927,0.3515581580169777
F03958,60,-0.00014640718221109488,-0.008746598038285813,0.48333333333333334,-0.579712227615192,7,-0.22104148350552852,0.3441403029194242
F01240,60,-0.00016164000198606797,-0.009652298648686775,0.48333333333333334,-0.5390551000926491,3,-0.0928325455112725,0.2985445062432432
F01254,60,-0.0001686423949064057,-0.010068368172275743,0.5,-0.5955196679159145,9,-0.22104148350552852,0.28419440208210855
F03358,60,-0.00017216390787649796,-0.010277545142189926,0.4666666666666667,-0.4978398182340751,5,-0.22104148350552852,0.28419440208210855
F01962,60,-0.0001841209130594086,-0.010987463914653217,0.5166666666666667,-0.6299206360792164,12,-0.22104148350552852,0.28745099190265
F02099,60,-0.00018506638969759131,-0.01104357797616673,0.5166666666666667,-0.5865472599685913,7,-0.22104148350552852,0.28419440208210855
F02258,60,-0.0001939433274254537,-0.011570271786340736,0.5,-0.5635195465892432,7,-0.18677399972325892,0.3954704714195797
F00146,60,-0.00019611494283271102,-0.011699077869186114,0.45,-0.7237291933552927,10,-0.12832310633320917,0.4101444824969733
F04011,60,-0.00019705647245593408,-0.011754918145003401,0.5,-0.688418979923153,12,-0.12776844560193426,0.41726951307749405
F03983,60,-0.00020147361498840466,-0.012016848790556534,0.4,-0.682610752770727,9,-0.1303105347752021,0.3672355568192872
F00444,60,-0.00020266832251846658,-0.012087681619668666,0.45,-0.629026532988302,8,-0.22104148350552852,0.28419440208210855
F04988,60,-0.0002161890557822141,-0.012888962306505047,0.4166666666666667,-0.33880204564900085,3,-0.05380960292931992,0.16644463706802093
F04282,60,-0.00023125401028080292,-0.013781005629384224,0.5166666666666667,-0.5499932241626778,5,-0.22104148350552852,0.28419440208210855
F00579,60,-0.00023723660351774074,-0.014135033839979494,0.45,-0.7147569811331997,7,-0.1415272078782882,0.47436345035867905
F04437,60,-0.00024103386422768907,-0.014359677146340122,0.4166666666666667,-0.7433675553899421,10,-0.22104148350552852,0.4677270491800324
F03899,60,-0.00024248823717493956,-0.0144457035079526,0.5,-0.5560992611820397,6,-0.22104148350552852,0.28419440208210855
F04101,60,-0.00025816121580938433,-0.015372294001114284,0.48333333333333334,-0.47056593064008845,4,-0.10694563396708583,0.14892686027769514
F02987,60,-0.0002649822250031306,-0.01577528622055069,0.48333333333333334,-0.7412672895622038,9,-0.22104148350552852,0.4011236323379514
F00134,60,-0.0002674318409157627,-0.01591997245524024,0.4666666666666667,-0.6690367922337863,9,-0.17807222515013016,0.24791793062415493
F01983,60,-0.00029159723475748845,-0.01734617779234271,0.5,-0.6856651547717152,7,-0.1346760609553905,0.314354858667196
F01368,60,-0.0003149456984682507,-0.018722238446637007,0.5166666666666667,-0.5520720495576106,7,-0.22104148350552852,0.28419440208210855
F02556,60,-0.00031985134562110407,-0.019011115767307962,0.4666666666666667,-0.6638954504496288,10,-0.17730011377481483,0.5534952905974232
F00354,60,-0.00033584404590512054,-0.01995229237145779,0.4,-0.8309702692375802,13,-0.16714938817857605,0.4754505289817907
F02855,60,-0.0003441654151273945,-0.020441656911897033,0.48333333333333334,-0.460390706489212,4,-0.1049516171460405,0.13629674581050252
F03603,60,-0.0003518112563791288,-0.020891083067125615,0.5,-0.6076399720988019,10,-0.11472120981892169,0.23383666298816091
F00336,60,-0.0003533173968438584,-0.020979590806133985,0.48333333333333334,-0.44518941923961364,5,-0.13821319953575412,0.14310940472407077
F04161,60,-0.00035520114660966725,-0.021090277530624868,0.38333333333333336,-0.6067567075043765,6,-0.07737240885167662,0.3336187042629903
F04268,60,-0.0003686707720496206,-0.021881376978573508,0.4666666666666667,-0.5515281290644629,10,-0.16184511385630163,0.3458554529361803
F00435,60,-0.0003692551331374055,-0.021915683502736427,0.4666666666666667,-0.42418389588715344,6,-0.10779957156337726,0.25083957764240183
F00072,60,-0.00037004939282500485,-0.021962310804210294,0.5166666666666667,-0.575764827288798,7,-0.11218290797943391,0.24510956912868934
F02320,60,-0.00037083948378002784,-0.02200869121013771,0.38333333333333336,-0.6351625402256615,7,-0.10695392102336355,0.35295644094415657
F02837,60,-0.0003713028100273149,-0.02203588866686712,0.5333333333333333,-0.5086504560045058,3,-0.22104148350552852,0.28419440208210855
F00652,60,-0.00037621725128278487,-0.022324322775650107,0.43333333333333335,-0.6533003814165097,7,-0.12139496317350724,0.35305416838640585
F02489,60,-0.0003832272096408299,-0.02273560039677336,0.45,-0.5803230734656732,5,-0.10626937313818742,0.3073612761060743
F01054,60,-0.0003833178013500419,-0.022740914342159635,0.43333333333333335,-0.6174533993561433,7,-0.22104148350552852,0.43059552903367365
F00374,60,-0.0003848130110685574,-0.022828616528424273,0.5166666666666667,-0.6509716005784085,8,-0.1643029055574744,0.29764147252466056
F01084,60,-0.0004100155246978687,-0.024305716975004166,0.5166666666666667,-0.7542253614498735,10,-0.22104148350552852,0.28419440208210855
F03489,60,-0.0004127150147573947,-0.024463801823909614,0.4666666666666667,-0.6402354819343427,10,-0.17825753931559676,0.32625306024539064
F02993,60,-0.0004194294532139434,-0.024856896858036492,0.5666666666666667,-0.5982824837185232,7,-0.22104148350552852,0.28419440208210855
F03579,60,-0.0004302148157460392,-0.02548799705529381,0.4166666666666667,-0.6978140350112275,8,-0.13732139109372565,0.45885889984442446
F03947,60,-0.00045046095862494306,-0.026671605747078497,0.48333333333333334,-0.5762534664105206,5,-0.13633871119027519,0.25979779003746095
F03339,60,-0.0004511934000547424,-0.026714398461341715,0.45,-0.5936403862937318,6,-0.10578557503771994,0.34275893630605625
F02022,60,-0.00045178793588833,-0.026749132713992263,0.4,-0.4065521068339071,5,-0.11441325521536029,0.250133330486057
F03557,60,-0.000459156426697366,-0.027179517000799458,0.5333333333333333,-0.5423199308473032,4,-0.22104148350552852,0.2841944020821086
F02957,60,-0.00046944130630748433,-0.027779930990703527,0.55,-0.5935661344808444,8,-0.22104148350552852,0.28419440208210855
F00708,60,-0.0004874442635801173,-0.02883003633557324,0.4,-0.7573905656594261,14,-0.1802716189714777,0.35494405982663796
F03346,60,-0.0004892874983322543,-0.028937488523293142,0.48333333333333334,-0.53229372771903,8,-0.16211652691358738,0.35055870883591783
F03456,60,-0.0004922027257018733,-0.02910740913051557,0.5,-0.7074001623288142,9,-0.13801976611660388,0.2377147802402698
F01308,60,-0.0005137644955960621,-0.030363278032280783,0.5,-0.5741428028312121,8,-0.15313215556925222,0.5140357411162579
F02440,60,-0.0005339347354431328,-0.0315366508583943,0.5333333333333333,-0.48099556044558,4,-0.22104148350552852,0.28419440208210855
F04346,60,-0.0005413969217281707,-0.031970398196455974,0.5333333333333333,-0.6866901702617254,8,-0.1331129174238098,0.40838801375913947
F04641,60,-0.0005429204065210446,-0.03205892885044681,0.5166666666666667,-0.7844914880313439,10,-0.15988684483341456,0.3626413395448792
F00640,60,-0.0005615841041628677,-0.03314284200503148,0.45,-0.5968267239584535,9,-0.12924558931945002,0.39456483441841883
F02735,60,-0.0005802961496323621,-0.03422836479511415,0.4166666666666667,-0.6958741986667647,11,-0.17284155315665428,0.3916401867203128
F00334,60,-0.000587195869700225,-0.03462832871351129,0.48333333333333334,-0.5215003746052995,3,-0.10294803664906926,0.24037490711224332
F03094,60,-0.0005967503566656939,-0.035181915592744195,0.4166666666666667,-0.5591406426960104,4,-0.09960295558497703,0.28132494422587223
F01227,60,-0.0006074546800264443,-0.0358017532145406,0.5333333333333333,-0.6522487236214938,9,-0.10976936411235023,0.2080822888916468
F00016,60,-0.0006226515045883816,-0.036681058189500515,0.48333333333333334,-0.46944252515847307,4,-0.08932947129610201,0.12552339091178613
F03530,60,-0.0006372443559104721,-0.03752467445251917,0.48333333333333334,-0.5538026684488537,6,-0.22104148350552852,0.28419440208210855
F02514,60,-0.0006421639245633243,-0.0378089121351155,0.4666666666666667,-0.39332224750086997,6,-0.10982506165705803,0.12435936437308655
F01980,60,-0.0006448854046916461,-0.037966115499749375,0.5,-0.7630667087343349,13,-0.20090338692241444,0.4132101109464102
F02388,60,-0.0006530163834581482,-0.03843564228414331,0.45,-0.5844140864997882,6,-0.12998855367030732,0.4098048458878512
F04871,60,-0.0006595573270916418,-0.038813188268380316,0.5,-0.7036785243470493,12,-0.1669253339156698,0.37088738556264994
F03191,60,-0.000659715828154803,-0.038822335206433745,0.5,-0.5389907462688117,4,-0.22104148350552852,0.28419440208210855
F00809,60,-0.0006599989939499348,-0.03883867620861181,0.5,-0.6280900326688843,7,-0.22104148350552852,0.39557421711104274
F04493,60,-0.0006614222363748237,-0.03892080489957983,0.43333333333333335,-0.5559129297682732,5,-0.22104148350552852,0.28419440208210855
F00627,60,-0.000667465811881026,-0.03926947463190433,0.5166666666666667,-0.6449484256808486,6,-0.12542231981032845,0.20382713790800477
F01230,60,-0.0006696908614374403,-0.039397812250496655,0.4666666666666667,-0.41553810939228986,4,-0.06122744079003863,0.14612264089664376
F04521,60,-0.0006730744572581046,-0.039592940821545075,0.48333333333333334,-0.5508820096734117,6,-0.22104148350552852,0.28419440208210855
F04755,60,-0.0006738541409191388,-0.03963789886910474,0.43333333333333335,-0.7615279416450416,9,-0.22104148350552852,0.4210449239747589
F00900,60,-0.0006849872631146271,-0.04027963023402392,0.4166666666666667,-0.5500429858769329,8,-0.12375904337601978,0.2904494993101737
F02150,60,-0.00069908432076222,-0.041091602709616315,0.5166666666666667,-0.4451552657442064,4,-0.09943612344867885,0.26019907684686566
F02766,60,-0.0006994351653312128,-0.04111180228996292,0.5,-0.6171296868142034,8,-0.14759566501921656,0.35547762136085964
F02604,60,-0.0007074304552283819,-0.041572010969144646,0.4166666666666667,-0.5333304546825863,7,-0.10018861740006528,0.20186173404354496
F02994,60,-0.0007193406760186364,-0.042257160244858816,0.48333333333333334,-0.7010520606930081,10,-0.1392910806992588,0.30437433720246065
F02436,60,-0.0007236739013761314,-0.0425063145544019,0.4166666666666667,-0.7655029187610112,8,-0.22104148350552852,0.3820668469306705
F01774,60,-0.0007601726801248998,-0.044602414719663974,0.48333333333333334,-0.3916544956374296,5,-0.07747020584391578,0.1763083695964519
F04358,60,-0.0007682940295564171,-0.0450682042553191,0.4666666666666667,-0.6692891785621271,9,-0.15971299380412032,0.453450274629411
F01063,60,-0.0007841038620007525,-0.045974316447400576,0.4666666666666667,-0.7038013388409867,9,-0.13208391051473214,0.35525978707492106
F01111,60,-0.0007841038620007525,-0.045974316447400576,0.4666666666666667,-0.7038013388409867,9,-0.13208391051473214,0.35525978707492106
F01711,60,-0.0007841038620007525,-0.045974316447400576,0.4666666666666667,-0.7038013388409867,9,-0.13208391051473214,0.35525978707492106
F01735,60,-0.0007841038620007525,-0.045974316447400576,0.4666666666666667,-0.7038013388409867,9,-0.13208391051473214,0.35525978707492106
F01915,60,-0.0007841038620007525,-0.045974316447400576,0.4666666666666667,-0.7038013388409867,9,-0.13208391051473214,0.35525978707492106
F02227,60,-0.0007841038620007525,-0.045974316447400576,0.4666666666666667,-0.7038013388409867,9,-0.13208391051473214,0.35525978707492106
F03637,60,-0.0007841038620007525,-0.045974316447400576,0.4666666666666667,-0.7038013388409867,9,-0.13208391051473214,0.35525978707492106
F03685,60,-0.0007841038620007525,-0.045974316447400576,0.4666666666666667,-0.7038013388409867,9,-0.13208391051473214,0.35525978707492106
F03889,60,-0.0007841038620007525,-0.045974316447400576,0.4666666666666667,-0.7038013388409867,9,-0.13208391051473214,0.35525978707492106
F04111,60,-0.0007841038620007525,-0.045974316447400576,0.4666666666666667,-0.7038013388409867,9,-0.13208391051473214,0.35525978707492106
F04207,60,-0.0007841038620007525,-0.045974316447400576,0.4666666666666667,-0.7038013388409867,9,-0.13208391051473214,0.35525978707492106
F04543,60,-0.0007841038620007525,-0.045974316447400576,0.4666666666666667,-0.7038013388409867,9,-0.13208391051473214,0.35525978707492106
F04603,60,-0.0007841038620007525,-0.045974316447400576,0.4666666666666667,-0.7038013388409867,9,-0.13208391051473214,0.35525978707492106
F03723,60,-0.000785399723394622,-0.04604854891870358,0.48333333333333334,-0.7552095752593987,8,-0.15003239357446235,0.38771096970036745
F01617,60,-0.0007854215560283149,-0.04604979953648769,0.5,-0.6368924883150724,12,-0.1466959452106815,0.24652762182645419
F01161,60,-0.0007921766575388912,-0.0464366681190953,0.43333333333333335,-0.6786235542558577,10,-0.1349049563068641,0.26605815775036357
F02606,60,-0.0007960523289971923,-0.046658560417878636,0.48333333333333334,-0.6564778758233365,9,-0.19575319292299076,0.3937452894061442
F00161,60,-0.0007973972918168099,-0.046735551179234114,0.43333333333333335,-0.4358838264328855,3,-0.08997436617234758,0.216178083830402
F04461,60,-0.0008085090291800112,-0.04737139520026057,0.5166666666666667,-0.650118024307902,6,-0.15414965775353823,0.3694740096818205
F03609,60,-0.0008150379775476122,-0.047744804958894105,0.4,-0.5125381761393315,4,-0.22104148350552852,0.28419440208210855
F00636,60,-0.0008261445029858114,-0.048379689167922235,0.38333333333333336,-0.5952654429559981,6,-0.10819177500198925,0.35411146664316623
F02181,60,-0.0008288579521115872,-0.04853473524513818,0.43333333333333335,-0.49407078997649934,6,-0.22104148350552852,0.28419440208210855
F04314,60,-0.0008346460068969528,-0.048865380827815885,0.4666666666666667,-0.6010649609392451,6,-0.11657998421760268,0.2190104012607835
F02248,60,-0.0008479367236906608,-0.04962419226602055,0.5,-0.6271098854592544,7,-0.1644717521021357,0.3452913849738818
F04851,60,-0.0008496911320647961,-0.04972431281661582,0.5166666666666667,-0.6085577004099029,8,-0.1357079862633173,0.1649665368891663
F01376,60,-0.0008540832782348458,-0.04997491826506406,0.48333333333333334,-0.6335957347699999,9,-0.14124306227106534,0.3938799798265403
F04974,60,-0.0008608093022512036,-0.05035856329364463,0.4666666666666667,-0.482924141662469,7,-0.1621614560404927,0.168919203224388
F00177,60,-0.0008794914827515131,-0.051423375302235064,0.55,-0.4283291432067683,5,-0.10225172725635419,0.12087038847025891
F03417,60,-0.000880473848602909,-0.05147933385263148,0.43333333333333335,-0.6647485795163839,10,-0.15669405736582112,0.5046886767718091
F01530,60,-0.000887136346577684,-0.051858764372586186,0.4166666666666667,-0.42841842214363457,3,-0.05755950318535238,0.13067610591912585
F03647,60,-0.0008883074481345402,-0.05192544340298655,0.4666666666666667,-0.6215718625737545,6,-0.1458844118078057,0.37222245842599705
F03894,60,-0.0008920961766275915,-0.052141130717041295,0.48333333333333334,-0.4827935740888951,5,-0.10714569030451387,0.2907507997668898
F03845,60,-0.0008985752505657869,-0.05250986404281899,0.5,-0.5591415769347361,6,-0.12084856299913506,0.2318885874293416
F00215,60,-0.0009143888606568528,-0.05340924694956206,0.45,-0.6444333266400251,10,-0.19246196195402018,0.33969024308720097
F02288,60,-0.0009183627347511614,-0.05363512495759559,0.5,-0.6888369543606876,13,-0.1604784904989989,0.314990434466399
F04989,60,-0.0009298588793484749,-0.05428827610083076,0.4,-0.7478816708629366,8,-0.22104148350552852,0.4467743741060036
F00236,60,-0.0009331028851328462,-0.05447250343361176,0.38333333333333336,-0.6380610902789823,10,-0.1352860158338003,0.27511241339620696
F03846,60,-0.0009342631524264977,-0.054538386532026695,0.5166666666666667,-0.6441352337000507,9,-0.22104148350552852,0.36174828455699576
F00810,60,-0.000938479303773466,-0.05477775294572851,0.48333333333333334,-0.5568526020798747,6,-0.22104148350552852,0.28419440208210855
F03209,60,-0.0009730594086079741,-0.05673874522224842,0.4666666666666667,-0.40794940275987435,3,-0.11297447893811348,0.13659023371765705
F02163,60,-0.0009848362701403983,-0.05740568188924988,0.4166666666666667,-0.5399032019574603,6,-0.14999489024174137,0.2426015788652031
F04107,60,-0.0009905139948757865,-0.05772705202041506,0.48333333333333334,-0.4305800133370393,4,-0.07944577169459947,0.11599104773234724
F00364,60,-0.000991748289925594,-0.057796901233792,0.48333333333333334,-0.7428213628300193,11,-0.16176384429481405,0.418067875847661
F04691,60,-0.0010027910217244376,-0.058421587011150744,0.4666666666666667,-0.6746367642291883,8,-0.12218572712680599,0.3050468098362685
F01152,60,-0.0010074417991471879,-0.05868455893361513,0.5166666666666667,-0.6527460818475923,7,-0.14437913454268203,0.391901394098365
F01625,60,-0.0010238607052092963,-0.05961236636791423,0.48333333333333334,-0.729763780873726,9,-0.13397731806240792,0.3389573694022456
F00509,60,-0.0010267802652302101,-0.05977725207473328,0.48333333333333334,-0.6330163892421237,7,-0.17969677343448995,0.22809745899953346
F03276,60,-0.0010375948977175142,-0.06038777395780792,0.48333333333333334,-0.6675919821383769,7,-0.20622266854458574,0.3397063812137465
F00450,60,-0.0010394984141507396,-0.06049519342236387,0.48333333333333334,-0.6357296023157992,10,-0.1501261338424627,0.3212884645425577
F02265,60,-0.0010494733773039927,-0.06105790430820113,0.48333333333333334,-0.6647257774782949,9,-0.12832109639465777,0.36902337253834994
F02072,60,-0.0010495471736117247,-0.06106206609441445,0.5,-0.5466492393125779,6,-0.22104148350552852,0.28419440208210855
F04559,60,-0.001063881057664342,-0.06187009007989153,0.5166666666666667,-0.6241563746091866,7,-0.14324584142139243,0.1690356781274019
F04270,60,-0.0010666194254395469,-0.06202437844316877,0.5166666666666667,-0.601308133871073,9,-0.15421539567402023,0.19707988912162172
F01586,60,-0.0010729309665890431,-0.062379895750611314,0.5,-0.5462044942984721,5,-0.22104148350552852,0.28419440208210855
F03298,60,-0.001075612325221072,-0.06253089156018976,0.5166666666666667,-0.534411650115002,4,-0.22104148350552852,0.28419440208210855
F04344,60,-0.0010789172775728453,-0.06271697101099005,0.5,-0.528625667066954,5,-0.22104148350552852,0.2841944020821086
F02378,60,-0.0010967074289451827,-0.06371799000618106,0.4666666666666667,-0.5490027056352065,7,-0.22104148350552852,0.30827904244156124
F04191,60,-0.0011171435388575804,-0.06486659481557777,0.5,-0.5405644445930755,6,-0.22104148350552852,0.3435253513077184
F04030,60,-0.0011418217235407732,-0.06625177728075016,0.48333333333333334,-0.746368567372398,11,-0.22173238858230843,0.4883816261617945
F02969,60,-0.00114459014557576,-0.06640704243454909,0.45,-0.6766833236708719,7,-0.13315168316243295,0.3507314743489304
F03850,60,-0.001147458548114556,-0.06656788815073222,0.43333333333333335,-0.6505979822018828,8,-0.22104148350552852,0.4863217243243959
F03470,60,-0.001168226768182974,-0.067731653788355,0.4,-0.5928031565630933,6,-0.12874194045935466,0.3587512202144836
F02520,60,-0.001178715888461728,-0.06831887856518515,0.43333333333333335,-0.6866046777981444,9,-0.13037234736169576,0.3669050866650179
F02242,60,-0.0011891876278968174,-0.06890476746822727,0.4666666666666667,-0.6463923333147499,12,-0.17079661140236477,0.536043450873857
F00711,60,-0.0011964106142841816,-0.0693086790152041,0.5166666666666667,-0.6780731282351014,8,-0.17823978874692664,0.3626605751680613
F03509,60,-0.0011989612188538137,-0.06945126841373861,0.43333333333333335,-0.6394022404509934,11,-0.1702961745367918,0.3485556024039003
F03824,60,-0.0012101303735370628,-0.07007541763350489,0.5,-0.6104762420972467,8,-0.12765919881879564,0.25495686012232943
F03345,60,-0.0012112857438733632,-0.07013995797259553,0.45,-0.7120404767366536,10,-0.13986687889370036,0.28248961424863933
F04023,60,-0.0012252916675739897,-0.07092199500693896,0.4666666666666667,-0.6738484690912561,9,-0.16347724326500565,0.1951385619254025
F04366,60,-0.0012254905196269258,-0.0709330934848229,0.48333333333333334,-0.6505394580563011,5,-0.13686475368860623,0.20980775022709364
F00007,60,-0.001231996431147458,-0.07129613433235982,0.5,-0.6586392844365108,9,-0.1500461732094826,0.4238104889038711
F00139,60,-0.001231996431147458,-0.07129613433235982,0.5,-0.6586392844365108,9,-0.1500461732094826,0.4238104889038711
F00241,60,-0.001231996431147458,-0.07129613433235982,0.5,-0.6586392844365108,9,-0.1500461732094826,0.4238104889038711
F00421,60,-0.001231996431147458,-0.07129613433235982,0.5,-0.6586392844365108,9,-0.1500461732094826,0.4238104889038711
F00505,60,-0.001231996431147458,-0.07129613433235982,0.5,-0.6586392844365108,9,-0.1500461732094826,0.4238104889038711
F00511,60,-0.001231996431147458,-0.07129613433235982,0.5,-0.6586392844365108,9,-0.1500461732094826,0.4238104889038711
F00607,60,-0.001231996431147458,-0.07129613433235982,0.5,-0.6586392844365108,9,-0.1500461732094826,0.4238104889038711
F00631,60,-0.001231996431147458,-0.07129613433235982,0.5,-0.6586392844365108,9,-0.1500461732094826,0.4238104889038711
F00823,60,-0.001231996431147458,-0.07129613433235982,0.5,-0.6586392844365108,9,-0.1500461732094826,0.4238104889038711
F01225,60,-0.001231996431147458,-0.07129613433235982,0.5,-0.6586392844365108,9,-0.1500461732094826,0.4238104889038711
F01255,60,-0.001231996431147458,-0.07129613433235982,0.5,-0.6586392844365108,9,-0.1500461732094826,0.4238104889038711
F01268,60,-0.001231996431147458,-0.07129613433235982,0.5,-0.6586392844365108,9,-0.1500461732094826,0.4238104889038711
F01303,60,-0.001231996431147458,-0.07129613433235982,0.5,-0.6586392844365108,9,-0.1500461732094826,0.4238104889038711
F01321,60,-0.001231996431147458,-0.07129613433235982,0.5,-0.6586392844365108,9,-0.1500461732094826,0.4238104889038711
F01387,60,-0.001231996431147458,-0.07129613433235982,0.5,-0.6586392844365108,9,-0.1500461732094826,0.4238104889038711
F01549,60,-0.001231996431147458,-0.07129613433235982,0.5,-0.6586392844365108,9,-0.1500461732094826,0.4238104889038711
F01603,60,-0.001231996431147458,-0.07129613433235982,0.5,-0.6586392844365108,9,-0.1500461732094826,0.4238104889038711
F01645,60,-0.001231996431147458,-0.07129613433235982,0.5,-0.6586392844365108,9,-0.1500461732094826,0.4238104889038711
F01651,60,-0.001231996431147458,-0.07129613433235982,0.5,-0.6586392844365108,9,-0.1500461732094826,0.4238104889038711
F01819,60,-0.001231996431147458,-0.07129613433235982,0.5,-0.6586392844365108,9,-0.1500461732094826,0.4238104889038711
F01843,60,-0.001231996431147458,-0.07129613433235982,0.5,-0.6586392844365108,9,-0.1500461732094826,0.4238104889038711
F02107,60,-0.001231996431147458,-0.07129613433235982,0.5,-0.6586392844365108,9,-0.1500461732094826,0.4238104889038711
F02365,60,-0.001231996431147458,-0.07129613433235982,0.5,-0.6586392844365108,9,-0.1500461732094826,0.4238104889038711
F02455,60,-0.001231996431147458,-0.07129613433235982,0.5,-0.6586392844365108,9,-0.1500461732094826,0.4238104889038711
F02509,60,-0.001231996431147458,-0.07129613433235982,0.5,-0.6586392844365108,9,-0.1500461732094826,0.4238104889038711
F02647,60,-0.001231996431147458,-0.07129613433235982,0.5,-0.6586392844365108,9,-0.1500461732094826,0.4238104889038711
F02743,60,-0.001231996431147458,-0.07129613433235982,0.5,-0.6586392844365108,9,-0.1500461732094826,0.4238104889038711
F02809,60,-0.001231996431147458,-0.07129613433235982,0.5,-0.6586392844365108,9,-0.1500461732094826,0.4238104889038711
F02857,60,-0.001231996431147458,-0.07129613433235982,0.5,-0.6586392844365108,9,-0.1500461732094826,0.4238104889038711
F02875,60,-0.001231996431147458,-0.07129613433235982,0.5,-0.6586392844365108,9,-0.1500461732094826,0.4238104889038711
F03103,60,-0.001231996431147458,-0.07129613433235982,0.5,-0.6586392844365108,9,-0.1500461732094826,0.4238104889038711
F03181,60,-0.001231996431147458,-0.07129613433235982,0.5,-0.6586392844365108,9,-0.1500461732094826,0.4238104889038711
F03200,60,-0.001231996431147458,-0.07129613433235982,0.5,-0.6586392844365108,9,-0.1500461732094826,0.4238104889038711
F03211,60,-0.001231996431147458,-0.07129613433235982,0.5,-0.6586392844365108,9,-0.1500461732094826,0.4238104889038711
F03349,60,-0.001231996431147458,-0.07129613433235982,0.5,-0.6586392844365108,9,-0.1500461732094826,0.4238104889038711
F03361,60,-0.001231996431147458,-0.07129613433235982,0.5,-0.6586392844365108,9,-0.1500461732094826,0.4238104889038711
F03445,60,-0.001231996431147458,-0.07129613433235982,0.5,-0.6586392844365108,9,-0.1500461732094826,0.4238104889038711
F03553,60,-0.001231996431147458,-0.07129613433235982,0.5,-0.6586392844365108,9,-0.1500461732094826,0.4238104889038711
F03823,60,-0.001231996431147458,-0.07129613433235982,0.5,-0.6586392844365108,9,-0.1500461732094826,0.4238104889038711
F04477,60,-0.001231996431147458,-0.07129613433235982,0.5,-0.6586392844365108,9,-0.1500461732094826,0.4238104889038711
F04561,60,-0.001231996431147458,-0.07129613433235982,0.5,-0.6586392844365108,9,-0.1500461732094826,0.4238104889038711
F04657,60,-0.001231996431147458,-0.07129613433235982,0.5,-0.6586392844365108,9,-0.1500461732094826,0.4238104889038711
F04735,60,-0.001231996431147458,-0.07129613433235982,0.5,-0.6586392844365108,9,-0.1500461732094826,0.4238104889038711
F04951,60,-0.001231996431147458,-0.07129613433235982,0.5,-0.6586392844365108,9,-0.1500461732094826,0.4238104889038711
F04999,60,-0.001231996431147458,-0.07129613433235982,0.5,-0.6586392844365108,9,-0.1500461732094826,0.4238104889038711
F03693,60,-0.0012343817866570634,-0.07142920624521731,0.4,-0.7359786990502328,13,-0.1400494101812213,0.38254744714545735
F02030,60,-0.0012409440695510157,-0.07179519981870208,0.48333333333333334,-0.6408386150204293,8,-0.14149785327016157,0.33409808635802035
F02307,60,-0.001255272384777156,-0.07259382991383168,0.5166666666666667,-0.41821903672385385,2,-0.11077014418333529,0.08039490285039612
F03971,60,-0.0012554347785803633,-0.07260287752861205,0.5166666666666667,-0.648910811276645,8,-0.22104148350552852,0.5036978125476002
F00712,60,-0.0012622076770156716,-0.07298014577188594,0.48333333333333334,-0.5973879037895331,8,-0.22104148350552852,0.4496870662658875
F01278,60,-0.0012899858470427534,-0.0745258846999397,0.48333333333333334,-0.6442401348003233,6,-0.13355630721215742,0.2690800508487635
F00170,60,-0.0013224744560040391,-0.07633052449386823,0.5333333333333333,-0.6728709407574807,6,-0.17316227791731503,0.34805093591990016
F03772,60,-0.0013227566691923754,-0.07634618537706328,0.5166666666666667,-0.49894394505207695,6,-0.22104148350552852,0.28419440208210855
F04728,60,-0.001330154904203527,-0.07675664320394349,0.43333333333333335,-0.7420320043757209,9,-0.1465937602683861,0.3926570387391675
F04763,60,-0.0013408426729395245,-0.07734928932892282,0.5,-0.5105052501315479,3,-0.22104148350552852,0.2841944020821086
F01608,60,-0.0013502884464360167,-0.07787275431316254,0.4666666666666667,-0.4471183351988023,3,-0.08169227830707122,0.13029816885828988
F04049,60,-0.0013515806070814262,-0.07794434043848786,0.4,-0.7318548089436079,9,-0.1394589558104485,0.399391676671088
F01551,60,-0.001353285148087383,-0.07803876421263645,0.5,-0.5309747552004063,7,-0.22104148350552852,0.28419440208210855
F00756,60,-0.0013580505718706808,-0.07830269644282806,0.43333333333333335,-0.5469858454605998,8,-0.22104148350552852,0.2954229443355088
F03718,60,-0.0013669614251596613,-0.07879602327987711,0.5666666666666667,-0.5833043403823407,8,-0.22104148350552852,0.3092211385988847
F04439,60,-0.0013768768984590593,-0.07934466315858624,0.4166666666666667,-0.6615802494557135,7,-0.17124753913820706,0.32444691633387646
F00986,60,-0.0013859090640258953,-0.07984414847477694,0.48333333333333334,-0.7052404932916312,12,-0.17900645100884793,0.26372492002110354
F03857,60,-0.001386504149184936,-0.07987704775811455,0.43333333333333335,-0.4951634265380336,6,-0.22104148350552852,0.28419440208210855
F02004,60,-0.001389396262809539,-0.08003692179128397,0.4166666666666667,-0.7333982028362767,10,-0.14933936808292558,0.384853148172425
F03084,60,-0.0013927173408980172,-0.08022047498904006,0.45,-0.4803187624181967,4,-0.11071363905920976,0.22061737542988702
F01060,60,-0.0013938483092774969,-0.08028297444141475,0.38333333333333336,-0.662626433298898,8,-0.11855426455269596,0.5063184971582545
F01991,60,-0.0013973533985157111,-0.08047664577843483,0.48333333333333334,-0.5860296651449639,7,-0.22104148350552852,0.28419440208210855
F02956,60,-0.0014076409348432793,-0.08104484509180399,0.45,-0.5441364982702146,7,-0.22104148350552852,0.3410053552441721
F00972,60,-0.0014085148218467992,-0.08109309554522726,0.5,-0.4882284677101659,5,-0.22104148350552852,0.28419440208210855
F01038,60,-0.0014096139481480272,-0.08115377873559693,0.48333333333333334,-0.5052513741675306,6,-0.22104148350552852,0.28419440208210855
F04516,60,-0.0014416895066611127,-0.08292294833960001,0.45,-0.5848476186968112,6,-0.11594479381483024,0.27297527581830205
F01701,60,-0.0014598787134922277,-0.08392470919208406,0.4166666666666667,-0.7577929304458003,9,-0.13674329537066704,0.3660625703453824
F04154,60,-0.0014814760544596024,-0.08511277393884786,0.43333333333333335,-0.6830752525266823,8,-0.15971299380412032,0.47845027462941114
F04880,60,-0.0014831998443098212,-0.08520753390353053,0.4666666666666667,-0.7493838267561559,10,-0.1743448458646851,0.2166710210388914
F04733,60,-0.001487472641692717,-0.08544237599002713,0.48333333333333334,-0.7322179137336953,7,-0.14218724781497294,0.4806976178836656
F04090,60,-0.001495205711980541,-0.08586725135125961,0.43333333333333335,-0.4822850083359561,5,-0.22104148350552852,0.28419440208210855
F01451,60,-0.0015034406119397731,-0.0863194851677519,0.5,-0.6297084541693713,7,-0.12508990769571815,0.2122423580542702
F00852,60,-0.0015095299874135464,-0.08665375229126937,0.48333333333333334,-0.7048689365716208,7,-0.13610659089233984,0.3370556363393875
F01305,60,-0.0015409421900419184,-0.08837616876984844,0.4166666666666667,-0.7085779921781772,8,-0.22104148350552852,0.28419440208210855
F00375,60,-0.001548693432778152,-0.08880069892083908,0.45,-0.6529131536466567,10,-0.14592041187412125,0.31972646676167904
F04818,60,-0.0015579587158575578,-0.08930789693964591,0.5166666666666667,-0.4664451576426015,6,-0.11234030392327224,0.22118040987597753
F01493,60,-0.0016014446855606385,-0.09168468925096662,0.4166666666666667,-0.5862144093184785,6,-0.10753638749583593,0.2519468361897568
F00802,60,-0.001603707179753962,-0.09180818226261511,0.4666666666666667,-0.5304128082345738,7,-0.22104148350552852,0.28419440208210855
F00854,60,-0.001625739917635546,-0.09300992537552555,0.45,-0.6757531467605528,9,-0.1574450727459977,0.2948892030858696
F02960,60,-0.0016288541548471862,-0.09317966066134031,0.5333333333333333,-0.5223460917195615,4,-0.22104148350552852,0.28419440208210855
F02537,60,-0.0016302180827154462,-0.09325398899258419,0.5166666666666667,-0.6102947305954698,7,-0.22104148350552852,0.28419440208210855
F02141,60,-0.001632479239638514,-0.0933771993346989,0.38333333333333336,-0.7202349247859536,8,-0.12327207622499309,0.37653313676292943
F03292,60,-0.0016393062107780518,-0.09374910081327059,0.48333333333333334,-0.6189751905394909,10,-0.22104148350552852,0.28419440208210855
F01866,60,-0.0016501470970985777,-0.09433935340932642,0.45,-0.6062050169275864,6,-0.12455132627160241,0.44844962597798327
F01636,60,-0.0016718797885685523,-0.09552149266328747,0.4666666666666667,-0.6359250202590316,6,-0.1281045938445599,0.28636496390486976
F01772,60,-0.0016741132244153963,-0.09564289331501408,0.48333333333333334,-0.637508737083579,8,-0.1513153120298533,0.36737438015216106
F03905,60,-0.001678437040084678,-0.09587787312994211,0.48333333333333334,-0.5470611323381913,6,-0.22104148350552852,0.28419440208210855
F03053,60,-0.0016828118684879413,-0.09611556415183597,0.5,-0.6265706995655969,3,-0.1286051506415903,0.3390527359692352
F01406,60,-0.0016863389122568448,-0.09630714901645843,0.48333333333333334,-0.7097828448086205,6,-0.17620968105737753,0.41108064916118847
F01619,60,-0.0016891506308163635,-0.0964598496529322,0.48333333333333334,-0.6284674229249497,8,-0.22104148350552852,0.3520239695141595
F00698,60,-0.0016904956626403063,-0.09653288754224709,0.5,-0.5974612756064801,9,-0.22104148350552852,0.3426745572728683
F04926,60,-0.0017002514517252027,-0.0970624724514505,0.5166666666666667,-0.6075567286518595,4,-0.22104148350552852,0.28419440208210855
F01212,60,-0.0017189896165445643,-0.0980788020904606,0.45,-0.7475292511581082,11,-0.14747819465560247,0.45890961141618847
F01388,60,-0.00174219343509336,-0.09933578315438996,0.4166666666666667,-0.7265248382385093,8,-0.14253552044916246,0.3669606811820042
F02687,60,-0.0017437852081866752,-0.09942194840876573,0.45,-0.5085176082190351,7,-0.22104148350552852,0.30941961027989284
F04485,60,-0.0017450065376228088,-0.09948805545247186,0.43333333333333335,-0.48595993711574337,5,-0.22104148350552852,0.28419440208210855
F03917,60,-0.0017557187149314065,-0.10006767031768038,0.43333333333333335,-0.6700363037329364,8,-0.22104148350552852,0.3603354871569759
F02349,60,-0.0017600653910314896,-0.10030275577694459,0.5,-0.5999641011108549,6,-0.12089329805131167,0.24182019704746374
F02597,60,-0.0017865458076522687,-0.10173361760784139,0.48333333333333334,-0.7166061678056899,5,-0.19910305733373687,0.39665158401041334
F00948,60,-0.0017918405593848055,-0.10201944946064345,0.4166666666666667,-0.5999584566331566,7,-0.11706584416750553,0.3892042835250694
F01292,60,-0.0018002449106690236,-0.10247296628075597,0.5,-0.592076270543918,5,-0.15107262048704895,0.2436965604857327
F02475,60,-0.0018022829185541536,-0.10258290762246092,0.45,-0.6136951372634453,7,-0.15083036208287876,0.5265210551407171
F02498,60,-0.0018102033939055094,-0.1030100558490632,0.45,-0.6463218958159096,8,-0.1648500230694969,0.28405586664220545
F00691,60,-0.0018242922631638283,-0.10376936917123036,0.5,-0.6193180947892979,6,-0.13574515098928078,0.15334786424570757
F00733,60,-0.0018242922631638283,-0.10376936917123036,0.5,-0.6193180947892979,6,-0.13574515098928078,0.15334786424570757
F01669,60,-0.0018242922631638283,-0.10376936917123036,0.5,-0.6193180947892979,6,-0.13574515098928078,0.15334786424570757
F01681,60,-0.0018242922631638283,-0.10376936917123036,0.5,-0.6193180947892979,6,-0.13574515098928078,0.15334786424570757
F01825,60,-0.0018242922631638283,-0.10376936917123036,0.5,-0.6193180947892979,6,-0.13574515098928078,0.15334786424570757
F02101,60,-0.0018242922631638283,-0.10376936917123036,0.5,-0.6193180947892979,6,-0.13574515098928078,0.15334786424570757
F02317,60,-0.0018242922631638283,-0.10376936917123036,0.5,-0.6193180947892979,6,-0.13574515098928078,0.15334786424570757
F02629,60,-0.0018242922631638283,-0.10376936917123036,0.5,-0.6193180947892979,6,-0.13574515098928078,0.15334786424570757
F02845,60,-0.0018242922631638283,-0.10376936917123036,0.5,-0.6193180947892979,6,-0.13574515098928078,0.15334786424570757
F02971,60,-0.0018242922631638283,-0.10376936917123036,0.5,-0.6193180947892979,6,-0.13574515098928078,0.15334786424570757
F03043,60,-0.0018242922631638283,-0.10376936917123036,0.5,-0.6193180947892979,6,-0.13574515098928078,0.15334786424570757
F03583,60,-0.0018242922631638283,-0.10376936917123036,0.5,-0.6193180947892979,6,-0.13574515098928078,0.15334786424570757
F00778,60,-0.001831001952004044,-0.10413076264065568,0.4666666666666667,-0.5275726876574349,5,-0.09587479699963951,0.19569067111583496
F01875,60,-0.0018527478152058727,-0.10530104151284714,0.5166666666666667,-0.5694353422861929,7,-0.22104148350552852,0.3780404511597528
F04360,60,-0.0018695059616069645,-0.10620187488098465,0.38333333333333336,-0.5959125389857841,6,-0.10965025342702077,0.26974393757004406
F00001,60,-0.001870397044024141,-0.10624974999291859,0.48333333333333334,-0.696101006733276,8,-0.13836999115478416,0.31332610215007556
F00193,60,-0.001870397044024141,-0.10624974999291859,0.48333333333333334,-0.696101006733276,8,-0.13836999115478416,0.31332610215007556
F00301,60,-0.001870397044024141,-0.10624974999291859,0.48333333333333334,-0.696101006733276,8,-0.13836999115478416,0.31332610215007556
F00433,60,-0.001870397044024141,-0.10624974999291859,0.48333333333333334,-0.696101006733276,8,-0.13836999115478416,0.31332610215007556
F00499,60,-0.001870397044024141,-0.10624974999291859,0.48333333333333334,-0.696101006733276,8,-0.13836999115478416,0.31332610215007556
F00907,60,-0.001870397044024141,-0.10624974999291859,0.48333333333333334,-0.696101006733276,8,-0.13836999115478416,0.31332610215007556
F01231,60,-0.001870397044024141,-0.10624974999291859,0.48333333333333334,-0.696101006733276,8,-0.13836999115478416,0.31332610215007556
F01381,60,-0.001870397044024141,-0.10624974999291859,0.48333333333333334,-0.696101006733276,8,-0.13836999115478416,0.31332610215007556
F01489,60,-0.001870397044024141,-0.10624974999291859,0.48333333333333334,-0.696101006733276,8,-0.13836999115478416,0.31332610215007556
F01633,60,-0.001870397044024141,-0.10624974999291859,0.48333333333333334,-0.696101006733276,8,-0.13836999115478416,0.31332610215007556
F01729,60,-0.001870397044024141,-0.10624974999291859,0.48333333333333334,-0.696101006733276,8,-0.13836999115478416,0.31332610215007556
F02083,60,-0.001870397044024141,-0.10624974999291859,0.48333333333333334,-0.696101006733276,8,-0.13836999115478416,0.31332610215007556
F02689,60,-0.001870397044024141,-0.10624974999291859,0.48333333333333334,-0.696101006733276,8,-0.13836999115478416,0.31332610215007556
F02737,60,-0.001870397044024141,-0.10624974999291859,0.48333333333333334,-0.696101006733276,8,-0.13836999115478416,0.31332610215007556
F02881,60,-0.001870397044024141,-0.10624974999291859,0.48333333333333334,-0.696101006733276,8,-0.13836999115478416,0.31332610215007556
F02905,60,-0.001870397044024141,-0.10624974999291859,0.48333333333333334,-0.696101006733276,8,-0.13836999115478416,0.31332610215007556
F03547,60,-0.001870397044024141,-0.10624974999291859,0.48333333333333334,-0.696101006733276,8,-0.13836999115478416,0.31332610215007556
F03577,60,-0.001870397044024141,-0.10624974999291859,0.48333333333333334,-0.696101006733276,8,-0.13836999115478416,0.31332610215007556
F03619,60,-0.001870397044024141,-0.10624974999291859,0.48333333333333334,-0.696101006733276,8,-0.13836999115478416,0.31332610215007556
F03937,60,-0.001870397044024141,-0.10624974999291859,0.48333333333333334,-0.696101006733276,8,-0.13836999115478416,0.31332610215007556
F04315,60,-0.001870397044024141,-0.10624974999291859,0.48333333333333334,-0.696101006733276,8,-0.13836999115478416,0.31332610215007556
F04447,60,-0.001870397044024141,-0.10624974999291859,0.48333333333333334,-0.696101006733276,8,-0.13836999115478416,0.31332610215007556
F04531,60,-0.001870397044024141,-0.10624974999291859,0.48333333333333334,-0.696101006733276,8,-0.13836999115478416,0.31332610215007556
F04567,60,-0.001870397044024141,-0.10624974999291859,0.48333333333333334,-0.696101006733276,8,-0.13836999115478416,0.31332610215007556
F04825,60,-0.001870397044024141,-0.10624974999291859,0.48333333333333334,-0.696101006733276,8,-0.13836999115478416,0.31332610215007556
F03833,60,-0.0019147939706896143,-0.10863187006588126,0.5,-0.5043296167880176,4,-0.22104148350552852,0.28419440208210855
F03167,60,-0.0019204202752180046,-0.10893330372837962,0.4666666666666667,-0.5124845563917226,7,-0.22104148350552852,0.28419440208210855
F02790,60,-0.0019223053537040648,-0.10903427586168801,0.5,-0.6674906353833372,9,-0.12952397490844628,0.26689756030658235
F01931,60,-0.0019266597505930541,-0.10926747128075631,0.5333333333333333,-0.603773878279847,8,-0.22104148350552852,0.2841944020821086
F01090,60,-0.0019277031180089809,-0.10932333887682555,0.5,-0.6270296341292774,6,-0.12775089896071737,0.3092215762260415
F01754,60,-0.0019286224360471316,-0.10937256133543705,0.5166666666666667,-0.525799323364214,6,-0.22104148350552852,0.34593649636965884
F03970,60,-0.001941645040940314,-0.11006953509939055,0.48333333333333334,-0.6055828370538672,7,-0.12584398956849277,0.34419099220187793
F03875,60,-0.001941867884843018,-0.11008145710399353,0.4666666666666667,-0.641627632201941,6,-0.15150663037433815,0.5119541573184296
F02892,60,-0.0019541360330632804,-0.11073755283298825,0.5333333333333333,-0.6763841302010639,9,-0.22104148350552852,0.28419440208210855
F04342,60,-0.0019622205658622,-0.1111696504346893,0.45,-0.7299937440708273,10,-0.22104148350552852,0.37819253957538124
F04197,60,-0.0019876827728519874,-0.11252919163075414,0.45,-0.6780779973916934,5,-0.22104148350552852,0.389374066106192
F04730,60,-0.001991006658193555,-0.11270651778331597,0.48333333333333334,-0.5743051274804264,6,-0.22104148350552852,0.33221182887255907
F00532,60,-0.001993254551868652,-0.11282642104459473,0.48333333333333334,-0.7447317693162037,11,-0.14482744722400923,0.2991698181093989
F03590,60,-0.0019974392699966936,-0.11304959261232883,0.4666666666666667,-0.5037262521015696,5,-0.22104148350552852,0.28419440208210855
F03500,60,-0.0020047194665170683,-0.11343771489762611,0.4666666666666667,-0.6424265161907131,7,-0.22104148350552852,0.5128265590486527
F00885,60,-0.002007715907417073,-0.11359741281971769,0.4166666666666667,-0.5985090350724118,8,-0.11415735591153771,0.2538070375705907
F04144,60,-0.002012233859988186,-0.11383814755102994,0.48333333333333334,-0.6417126443014014,6,-0.1195367696749789,0.2616711782239371
F04562,60,-0.0020163214311667453,-0.11405589442978714,0.4666666666666667,-0.48504451620271727,5,-0.10273878518163955,0.22495111941223925
F04652,60,-0.0020233849047325515,-0.11443204505150228,0.45,-0.6109384723561772,5,-0.17088686221039234,0.2627836549343639
F02955,60,-0.002032236769971397,-0.11490321104680312,0.4666666666666667,-0.5967067405767645,9,-0.156704633415237,0.2880900393139473
F00586,60,-0.002038902300262466,-0.11525784036837583,0.4666666666666667,-0.6880661488001695,7,-0.13387766276817484,0.36189611490024165
F01778,60,-0.002041637596734778,-0.11540332718843627,0.5,-0.6716041706437703,7,-0.15481963561277584,0.38192514701169644
F04248,60,-0.0020422355366244652,-0.11543512769081565,0.45,-0.6883735929752017,7,-0.13375329849125195,0.3648829302527101
F04037,60,-0.002047136351897572,-0.11569572756144708,0.35,-0.6963132928369791,6,-0.11629052022873798,0.37318589251676904
F04712,60,-0.0020522870796220683,-0.11596953510853458,0.4666666666666667,-0.7550220938984459,7,-0.1743448458646851,0.212664477401829
F01400,60,-0.002069842552989354,-0.11690214040923719,0.48333333333333334,-0.6909190047089118,8,-0.13642608517963034,0.21159325366845522
F02686,60,-0.0020771462450754233,-0.11728985185968932,0.5333333333333333,-0.6794027965970758,8,-0.16208412766827945,0.4158191499737117
F01256,60,-0.0020791286447814326,-0.11739505729443245,0.43333333333333335,-0.6987996047035698,7,-0.13766147627086697,0.43860269116849915
F00197,60,-0.0020822168444949375,-0.11755892268260959,0.4,-0.7460177080685553,11,-0.19660223967440346,0.4121344252955653
F03432,60,-0.0021024737238521537,-0.11863304738404423,0.4666666666666667,-0.6249231900596574,8,-0.1495185617026005,0.3151468927686415
F00884,60,-0.002122383983689694,-0.1196875396441669,0.45,-0.6572975157768288,9,-0.11419530078400549,0.22166071800402792
F01486,60,-0.0021320969548189834,-0.12020151017380731,0.43333333333333335,-0.5235557594650937,6,-0.22104148350552852,0.28419440208210855
F00239,60,-0.002146318206384523,-0.12095350811628613,0.4666666666666667,-0.7277060077820132,10,-0.22104148350552852,0.40415394176665836
F02789,60,-0.002156204655073484,-0.12147591587611128,0.5,-0.6041884008092762,8,-0.15269418148137173,0.29378440171200865
F00393,60,-0.002163990779789124,-0.12188712595566475,0.4666666666666667,-0.6430998627043398,6,-0.22104148350552852,0.28419440208210855
F01570,60,-0.002173553033036005,-0.1223918801016518,0.48333333333333334,-0.5092241701378084,5,-0.22104148350552852,0.28419440208210855
F03132,60,-0.0021773768012574987,-0.12259364208453694,0.4666666666666667,-0.6156292236157751,7,-0.13411998231822292,0.37754025980270833
F01878,60,-0.002202266667827812,-0.12390584714768138,0.48333333333333334,-0.6031873391189063,8,-0.13755242402450016,0.15934667561980134
F00045,60,-0.002209290210636217,-0.1242757822766758,0.5166666666666667,-0.5935063577187512,6,-0.22104148350552852,0.34409707314927734
F02381,60,-0.0022165517168829694,-0.12465808961537217,0.45,-0.6832422338610857,9,-0.15757623801698256,0.30028606460553664
F00383,60,-0.0022215160161718297,-0.12491935801983323,0.45,-0.7337349352504995,10,-0.18355186392767164,0.38810952635068074
F03968,60,-0.0022590818379307712,-0.1268939429408379,0.4666666666666667,-0.6222067617331266,9,-0.12959438787445643,0.25495686012232943
F03263,60,-0.002264362675928509,-0.12717116992776567,0.48333333333333334,-0.5764625999656984,4,-0.14607225448818187,0.3333645643440205
F00111,60,-0.002278851818369745,-0.12793135877048956,0.48333333333333334,-0.6870924731214044,6,-0.15998342115500222,0.26950609991174546
F00616,60,-0.0022799126070107132,-0.12798698863236813,0.48333333333333334,-0.49851628341122034,4,-0.22104148350552852,0.28419440208210855
F03569,60,-0.0022916840192820443,-0.12860407069374546,0.48333333333333334,-0.5990910903897395,4,-0.22104148350552852,0.2841944020821086
F00725,60,-0.0022917316419557073,-0.12860656630162226,0.45,-0.5560786431949105,6,-0.12764593529016696,0.1851211487929918
F02718,60,-0.002302511281818348,-0.12917127931783334,0.5166666666666667,-0.5630713454112382,6,-0.13052052311402654,0.17048172179560384
F02805,60,-0.002305009097187793,-0.12930208101353313,0.36666666666666664,-0.6867608813433899,6,-0.12334271787872349,0.30130996734150467
F01812,60,-0.002310481515959135,-0.12958858457033195,0.35,-0.7710147394545234,10,-0.1605195161113922,0.4221355214915461
F01698,60,-0.002317136421352884,-0.12993687123746323,0.43333333333333335,-0.6243341975462002,8,-0.12007635586435915,0.21388904956414984
F03220,60,-0.0023231399789327674,-0.13025095182189494,0.5,-0.6247591062796524,10,-0.14154134654471523,0.1861837105467349
F02302,60,-0.0023283155673760503,-0.13052162709694393,0.4166666666666667,-0.5379672504414924,6,-0.1267524943604578,0.3494757759882915
F01770,60,-0.0023360351995459832,-0.13092519801842217,0.4666666666666667,-0.6830761184144217,9,-0.18381930553424858,0.2269724670491368
F02420,60,-0.0023379610053970543,-0.1310258475815227,0.5166666666666667,-0.6560543936550005,6,-0.14078604841858977,0.3152251472691437
F02267,60,-0.002354117442012028,-0.13186978993293896,0.43333333333333335,-0.6825398683323982,8,-0.15073863308874294,0.3015702576811908
F04468,60,-0.002359783922081969,-0.13216559138693884,0.4666666666666667,-0.6995023482451705,8,-0.17635860234977752,0.2871315673224923
F04937,60,-0.002364528830410156,-0.13241320873127882,0.45,-0.5467891541317162,4,-0.12187973307166343,0.30498680261846717
F04563,60,-0.00236955507534371,-0.13267543210589017,0.5,-0.687814796476641,8,-0.15845937107546681,0.34806720761917365
F03054,60,-0.0023710145761960443,-0.1327515608761769,0.4,-0.7010034500273437,8,-0.13181951638702624,0.29356157510754277
F03519,60,-0.002371343815242595,-0.13276873334852268,0.43333333333333335,-0.5526083612306532,3,-0.10584078738645411,0.20502106858669875
F01509,60,-0.0023740301155599284,-0.1329088330881537,0.38333333333333336,-0.7122251025952724,8,-0.11669116041376756,0.33162627957528173
F00165,60,-0.002375498129760934,-0.13298538563974627,0.48333333333333334,-0.4850472747616681,4,-0.22104148350552852,0.28419440208210855
F02416,60,-0.002376791331572438,-0.1330528167419024,0.43333333333333335,-0.7387425456224734,9,-0.16918685517322632,0.4273909647704135
F01730,60,-0.002383162205549835,-0.1333849363730627,0.48333333333333334,-0.7209255446474048,10,-0.14460462930750356,0.23806763876238604
F00159,60,-0.0023912848487121683,-0.13380819593551885,0.4166666666666667,-0.6832381189378176,7,-0.14546196133881975,0.3088010169105565
F01977,60,-0.00239901811950058,-0.13421097695191853,0.48333333333333334,-0.6234455353437207,11,-0.22104148350552852,0.28419440208210855
F02446,60,-0.002417203402049515,-0.13515741673210768,0.36666666666666664,-0.79651971405636,12,-0.18192714385227635,0.37566969949476614
F01922,60,-0.0024236537842717296,-0.1354928776851011,0.4666666666666667,-0.7082656562168317,10,-0.13856496669688895,0.37358261465666703
F03238,60,-0.002446553711326696,-0.13668278658668176,0.5,-0.626409398449601,5,-0.12909137914844052,0.278994885271953
F02663,60,-0.0024507507097809374,-0.1369006931870097,0.43333333333333335,-0.7167008777694116,12,-0.15513991801693694,0.29888361177332207
F02666,60,-0.002451258411759272,-0.13692704921786314,0.5,-0.6845382055908187,11,-0.12334452048924162,0.34867405689793807
F03296,60,-0.0024590316433365047,-0.13733047756223815,0.48333333333333334,-0.7246193581536189,10,-0.14460462930750356,0.2376809907176622
F00128,60,-0.002461105587977623,-0.13743808331456853,0.5,-0.6003127358751539,8,-0.22104148350552852,0.33557170884041454
F03629,60,-0.002472675261152592,-0.13803812883520616,0.43333333333333335,-0.5042299699390154,5,-0.22104148350552852,0.28419440208210855
F02974,60,-0.0024923909323030973,-0.13905970999788209,0.4166666666666667,-0.7658808315776163,9,-0.1852255637292225,0.38230431971815
F00555,60,-0.00249682602725477,-0.13928935342829296,0.5166666666666667,-0.6104953205954581,5,-0.22104148350552852,0.28419440208210855
F01427,60,-0.0025088556507278504,-0.13991192842690425,0.43333333333333335,-0.4827759769686206,3,-0.08764462071033498,0.20070449582486233
F01389,60,-0.0025186362916430343,-0.14041778433275987,0.4,-0.6253407009998366,8,-0.10092701236785859,0.18142123873423163
F02856,60,-0.0025236584436681164,-0.14067741693932834,0.38333333333333336,-0.611873815099528,8,-0.142393256364883,0.40631718833728364
F01134,60,-0.0025349829464905984,-0.14126258224734023,0.5166666666666667,-0.6512674338788075,9,-0.22104148350552852,0.28419440208210855
F02109,60,-0.0025529784709572875,-0.14219164992802413,0.45,-0.6748394885401392,9,-0.14483869267982805,0.28151012178749324
F03945,60,-0.0025671553955792965,-0.14292287593442043,0.43333333333333335,-0.7097131192780182,11,-0.13229992175682553,0.4430719378941813
F03449,60,-0.0025769645608354507,-0.14342846020089584,0.43333333333333335,-0.5983080939478038,6,-0.12034438540158358,0.16487689623351862
F04655,60,-0.0025817992214259974,-0.14367754050579784,0.4666666666666667,-0.564045528597017,7,-0.22104148350552852,0.35389629305060094
F01782,60,-0.0025829220809009145,-0.14373537970632566,0.48333333333333334,-0.5800910229973169,6,-0.14165216491507918,0.18856923831161546
F02177,60,-0.002587615560811094,-0.1439771022344336,0.45,-0.6054121794107408,7,-0.11741924500309903,0.2507138376460285
F00672,60,-0.0025940387259314693,-0.1443077978673235,0.38333333333333336,-0.6145263860831842,7,-0.1077318171863907,0.3429669053307293
F01242,60,-0.002600991313668144,-0.14466560915754767,0.5,-0.7327951521877352,10,-0.22104148350552852,0.30485537819443326
F01944,60,-0.0026105808450933195,-0.1451588879748018,0.38333333333333336,-0.5513468707102778,6,-0.12575797948018178,0.4218798651305441
F03458,60,-0.0026239299246182866,-0.1458450896173047,0.4666666666666667,-0.6896549116894168,9,-0.15035513707939685,0.43947469493157876
F01949,60,-0.002626799757601454,-0.14599254095174063,0.4,-0.6566585856233853,6,-0.12409785617029959,0.39848021643728393
F03086,60,-0.0026303697349841153,-0.14617593060417955,0.4666666666666667,-0.7300689990620426,10,-0.16705506369790765,0.40537013374844844
F01757,60,-0.0026472909225603598,-0.14704464496294212,0.5,-0.7071563749252684,7,-0.16362891341559804,0.306864941463448
F02670,60,-0.0026853262859166463,-0.14899416562805912,0.4166666666666667,-0.7634369137509455,9,-0.22104148350552852,0.4757335015490576
F01042,60,-0.0026907518797046584,-0.14927189969757892,0.5,-0.704840026243463,9,-0.1892476902170474,0.32630994254224116
F00138,60,-0.0027038921713106586,-0.14994417691217277,0.45,-0.6389019022143589,6,-0.1117922998657429,0.27853140556589323
F01031,60,-0.0027066856166384394,-0.15008702645789662,0.55,-0.6978290508414835,11,-0.1471751509365294,0.29944280780783145
F01041,60,-0.0027132451666192535,-0.1504223720347394,0.4166666666666667,-0.530476149050808,5,-0.22104148350552852,0.28419440208210855
F03886,60,-0.002724100057774741,-0.15097702367158783,0.4666666666666667,-0.4960935735294588,4,-0.22104148350552852,0.28419440208210855
F01946,60,-0.0027455587999608696,-0.15207245204373543,0.5166666666666667,-0.5930630226772986,6,-0.22104148350552852,0.33221182887255907
F01592,60,-0.002749391580505326,-0.1522679619335836,0.4666666666666667,-0.7375945956732812,8,-0.18264970647217316,0.47607215444804873
F03561,60,-0.0027494958248817395,-0.152273278813278,0.4666666666666667,-0.6843892213788721,8,-0.22104148350552852,0.28419440208210855
F03324,60,-0.0027509486961044636,-0.15234737763726136,0.45,-0.5928120742755025,6,-0.1893129514609477,0.31955700843608426
F04643,60,-0.002758810077362667,-0.15274821056951404,0.36666666666666664,-0.7451109363422728,9,-0.14391295994316256,0.3413036511981916
F00516,60,-0.0027705708707461514,-0.15334751718659623,0.4166666666666667,-0.6630512258394223,6,-0.13682305212420223,0.44077538508827463
F03665,60,-0.002775833316435735,-0.1536155459301617,0.5166666666666667,-0.545909667782273,4,-0.22104148350552852,0.28419440208210855
F00939,60,-0.0027788899894435463,-0.15377119117104765,0.36666666666666664,-0.707961940018496,11,-0.15328869509997722,0.43822555110227096
F01589,60,-0.0027849477080676174,-0.15407956596078254,0.4666666666666667,-0.6090783637649457,6,-0.22104148350552852,0.4092561995006616
F00588,60,-0.0028041449902801176,-0.15505609480476024,0.4666666666666667,-0.5945894360797501,6,-0.22104148350552852,0.2902914830053249
F04930,60,-0.0028058642584354154,-0.15514349656797233,0.48333333333333334,-0.5503591965878125,5,-0.22104148350552852,0.28419440208210855
F01916,60,-0.002807560019488773,-0.1552296946010776,0.5166666666666667,-0.7409240274058471,7,-0.19005150015228717,0.212664477401829
F04497,60,-0.002832579459276099,-0.15650046499145787,0.4666666666666667,-0.707841684877611,7,-0.13863086910672953,0.4321090192280917
F00392,60,-0.0028370229455037675,-0.1567259588750931,0.4166666666666667,-0.6830038387287711,8,-0.16362983960716887,0.2840558666422054
F02934,60,-0.002866753749716721,-0.15823318550953136,0.35,-0.7376612636150675,8,-0.14211827942293315,0.42764502675414107
F00040,60,-0.0028725466570541673,-0.15852655301453134,0.38333333333333336,-0.7820561622307131,11,-0.15721038556658798,0.42524002828555074
F02218,60,-0.002899350434346831,-0.15988265591651696,0.45,-0.5297754270563841,8,-0.12401832201254098,0.3319692842022806
F00494,60,-0.002919776820336269,-0.1609146597333191,0.4,-0.7173976213974442,8,-0.1861215344143755,0.3610927630507116
F02166,60,-0.002932257664424171,-0.1615446166953941,0.5166666666666667,-0.6608140436087693,4,-0.17047234633804126,0.28015253342205415
F00562,60,-0.0029336793399753146,-0.16161634470327013,0.45,-0.6942522403561786,9,-0.1404546667644562,0.29732059956815016
F01929,60,-0.002955894057771528,-0.16273636370532996,0.48333333333333334,-0.7228173115685597,8,-0.14773030628408038,0.4587148035806627
F00280,60,-0.0029589010594425636,-0.16288785725453525,0.48333333333333334,-0.7486015494063429,6,-0.22104148350552852,0.41330072785038563
F03938,60,-0.0029853054772072587,-0.1642169619090208,0.4,-0.4014075656856061,3,-0.08965711509611902,0.15727742155981905
F01598,60,-0.002987183579090475,-0.16431141980311115,0.43333333333333335,-0.6478465865925416,8,-0.12064516822364557,0.22579449873419555
F01096,60,-0.00299189246713724,-0.1645482040653362,0.48333333333333334,-0.5235774625246151,3,-0.13491511083404045,0.4220181480719385
F03046,60,-0.0030081364694026134,-0.1653645200049767,0.48333333333333334,-0.7128177287356443,8,-0.22104148350552852,0.2841944020821086
F01935,60,-0.003012265132752188,-0.16557187423389552,0.43333333333333335,-0.6563266901238325,8,-0.14718491429083463,0.24280069322348102
F01386,60,-0.0030124644884831635,-0.16558188521247963,0.38333333333333336,-0.6600351745142436,7,-0.13621105002383688,0.2954109621773119
F00347,60,-0.0030248327202630114,-0.16620274557352577,0.48333333333333334,-0.4926980167363635,5,-0.11775449886959533,0.2942061693704324
F00396,60,-0.003042084583217997,-0.1670679957392749,0.43333333333333335,-0.5301172997586687,4,-0.11419296388648358,0.27339796987868425
F04173,60,-0.003072819688801758,-0.16860729751094794,0.5166666666666667,-0.7717264890396678,11,-0.1689954819303339,0.4587493972056153
F01252,60,-0.003098973448354044,-0.1699149492095664,0.43333333333333335,-0.7012890816118172,7,-0.22104148350552852,0.33600386494313117
F03964,60,-0.0031034329940969187,-0.17013771839252934,0.45,-0.6170636585309084,8,-0.18491324243851381,0.2653428171212386
F04454,60,-0.0031089749988761797,-0.17041447809179622,0.43333333333333335,-0.7039281072561333,9,-0.1383478272902045,0.30200774240271117
F03214,60,-0.0031131521970268828,-0.17062302133467755,0.4166666666666667,-0.7239518060254893,7,-0.22104148350552852,0.28419440208210855
F02784,60,-0.003118865787229383,-0.1709081842336846,0.4666666666666667,-0.6434625752904943,6,-0.1339945554579408,0.18322141076903875
F03173,60,-0.0031285075944595276,-0.17138918418995042,0.38333333333333336,-0.6089805783321838,8,-0.10387231108752748,0.16438847675035756
F00221,60,-0.0031370310260498374,-0.1718141633300645,0.5333333333333333,-0.6866120400937796,8,-0.22104148350552852,0.35023753036657573
F02182,60,-0.003137050943694829,-0.17181515617475374,0.4166666666666667,-0.8026965969203185,11,-0.22104148350552852,0.443336050696883
F02073,60,-0.0031498150435215026,-0.17245117391820974,0.38333333333333336,-0.7115309587876748,7,-0.1322568197000104,0.441928909737373
F00068,60,-0.003168536226072025,-0.17338315623999434,0.43333333333333335,-0.784900619647771,12,-0.14400840754134792,0.4260138469495461
F00424,60,-0.003172860735037748,-0.17359829317942443,0.5,-0.6625329332144159,12,-0.22104148350552852,0.329646885103314
F02946,60,-0.0031735748112757802,-0.1736338119566555,0.4,-0.783301251757223,10,-0.22104148350552852,0.4544128429384064
F00049,60,-0.0031758138008024734,-0.17374517152349844,0.48333333333333334,-0.5003203943897965,6,-0.22104148350552852,0.28419440208210855
F00055,60,-0.0031758138008024734,-0.17374517152349844,0.48333333333333334,-0.5003203943897965,6,-0.22104148350552852,0.28419440208210855
F00649,60,-0.0031758138008024734,-0.17374517152349844,0.48333333333333334,-0.5003203943897965,6,-0.22104148350552852,0.28419440208210855
F00805,60,-0.0031758138008024734,-0.17374517152349844,0.48333333333333334,-0.5003203943897965,6,-0.22104148350552852,0.28419440208210855
F01285,60,-0.0031758138008024734,-0.17374517152349844,0.48333333333333334,-0.5003203943897965,6,-0.22104148350552852,0.28419440208210855
F01939,60,-0.0031758138008024734,-0.17374517152349844,0.48333333333333334,-0.5003203943897965,6,-0.22104148350552852,0.28419440208210855
F01957,60,-0.0031758138008024734,-0.17374517152349844,0.48333333333333334,-0.5003203943897965,6,-0.22104148350552852,0.28419440208210855
F02119,60,-0.0031758138008024734,-0.17374517152349844,0.48333333333333334,-0.5003203943897965,6,-0.22104148350552852,0.28419440208210855
F03205,60,-0.0031758138008024734,-0.17374517152349844,0.48333333333333334,-0.5003203943897965,6,-0.22104148350552852,0.28419440208210855
F03697,60,-0.0031758138008024734,-0.17374517152349844,0.48333333333333334,-0.5003203943897965,6,-0.22104148350552852,0.28419440208210855
F04321,60,-0.0031758138008024734,-0.17374517152349844,0.48333333333333334,-0.5003203943897965,6,-0.22104148350552852,0.28419440208210855
F04507,60,-0.0031758138008024734,-0.17374517152349844,0.48333333333333334,-0.5003203943897965,6,-0.22104148350552852,0.28419440208210855
F04537,60,-0.0031758138008024734,-0.17374517152349844,0.48333333333333334,-0.5003203943897965,6,-0.22104148350552852,0.28419440208210855
F04765,60,-0.0031758138008024734,-0.17374517152349844,0.48333333333333334,-0.5003203943897965,6,-0.22104148350552852,0.28419440208210855
F00282,60,-0.0031841892749666888,-0.1741616077050302,0.38333333333333336,-0.7252989117346291,8,-0.1288842204724766,0.32354764178464296
F04482,60,-0.0032192687582798412,-0.17590355014060455,0.4,-0.789153877119493,10,-0.1543366810705671,0.46120830304713906
F01097,60,-0.003227335041085499,-0.17630358646786404,0.48333333333333334,-0.66576979002134,9,-0.14162579341113005,0.20308405349861702
F04955,60,-0.003284500134321795,-0.17913314487215903,0.5166666666666667,-0.5339888437223218,6,-0.22104148350552852,0.2951843712556329
F00243,60,-0.003298094321618093,-0.17980462208673864,0.5166666666666667,-0.702161926323223,7,-0.13052610421748345,0.23937258712733636
F01911,60,-0.0032995676504719027,-0.17987736388537545,0.5166666666666667,-0.717413914687026,8,-0.1919546080615271,0.3756718353120029
F03280,60,-0.0033047510325953165,-0.18013322954566535,0.4666666666666667,-0.7127307750869734,10,-0.22104148350552852,0.28419440208210855
F03717,60,-0.0033105346848638635,-0.18041863349522325,0.48333333333333334,-0.6398919098443594,7,-0.22104148350552852,0.28419440208210855
F00157,60,-0.003310543755353221,-0.18041908101688198,0.45,-0.7649811177765821,11,-0.16453062812662447,0.3543378174763355
F00163,60,-0.003310543755353221,-0.18041908101688198,0.45,-0.7649811177765821,11,-0.16453062812662447,0.3543378174763355
F00253,60,-0.003310543755353221,-0.18041908101688198,0.45,-0.7649811177765821,11,-0.16453062812662447,0.3543378174763355
F00697,60,-0.003310543755353221,-0.18041908101688198,0.45,-0.7649811177765821,11,-0.16453062812662447,0.3543378174763355
F01435,60,-0.003310543755353221,-0.18041908101688198,0.45,-0.7649811177765821,11,-0.16453062812662447,0.3543378174763355
F01933,60,-0.003310543755353221,-0.18041908101688198,0.45,-0.7649811177765821,11,-0.16453062812662447,0.3543378174763355
F01999,60,-0.003310543755353221,-0.18041908101688198,0.45,-0.7649811177765821,11,-0.16453062812662447,0.3543378174763355
F02515,60,-0.003310543755353221,-0.18041908101688198,0.45,-0.7649811177765821,11,-0.16453062812662447,0.3543378174763355
F02575,60,-0.003310543755353221,-0.18041908101688198,0.45,-0.7649811177765821,11,-0.16453062812662447,0.3543378174763355
F02599,60,-0.003310543755353221,-0.18041908101688198,0.45,-0.7649811177765821,11,-0.16453062812662447,0.3543378174763355
F02719,60,-0.003310543755353221,-0.18041908101688198,0.45,-0.7649811177765821,11,-0.16453062812662447,0.3543378174763355
F03133,60,-0.003310543755353221,-0.18041908101688198,0.45,-0.7649811177765821,11,-0.16453062812662447,0.3543378174763355
F03175,60,-0.003310543755353221,-0.18041908101688198,0.45,-0.7649811177765821,11,-0.16453062812662447,0.3543378174763355
F03439,60,-0.003310543755353221,-0.18041908101688198,0.45,-0.7649811177765821,11,-0.16453062812662447,0.3543378174763355
F03481,60,-0.003310543755353221,-0.18041908101688198,0.45,-0.7649811177765821,11,-0.16453062812662447,0.3543378174763355
F03643,60,-0.003310543755353221,-0.18041908101688198,0.45,-0.7649811177765821,11,-0.16453062812662447,0.3543378174763355
F03961,60,-0.003310543755353221,-0.18041908101688198,0.45,-0.7649811177765821,11,-0.16453062812662447,0.3543378174763355
F04087,60,-0.003310543755353221,-0.18041908101688198,0.45,-0.7649811177765821,11,-0.16453062812662447,0.3543378174763355
F04177,60,-0.003310543755353221,-0.18041908101688198,0.45,-0.7649811177765821,11,-0.16453062812662447,0.3543378174763355
F04255,60,-0.003310543755353221,-0.18041908101688198,0.45,-0.7649811177765821,11,-0.16453062812662447,0.3543378174763355
F04903,60,-0.003310543755353221,-0.18041908101688198,0.45,-0.7649811177765821,11,-0.16453062812662447,0.3543378174763355
F01788,60,-0.003335075497596511,-0.1816285544041082,0.43333333333333335,-0.5538401830119151,7,-0.11911439442526853,0.18214744879780143
F03162,60,-0.003345524381488743,-0.1821431761544604,0.45,-0.7467146333774888,10,-0.14207358055860442,0.21974538016465422
F02091,60,-0.0033625716861672684,-0.18298209608670357,0.5333333333333333,-0.5716390232572099,7,-0.22104148350552852,0.28419440208210855
F04068,60,-0.003375481513065119,-0.1836168422804929,0.4666666666666667,-0.6305113877414882,8,-0.22104148350552852,0.28419440208210855
F03993,60,-0.0033942383671873616,-0.18453820921043318,0.5333333333333333,-0.6774409069088213,6,-0.13279235959012053,0.2885001972360174
F01120,60,-0.0034058913225005687,-0.18511010613346912,0.4666666666666667,-0.6201547940582299,6,-0.22104148350552852,0.28419440208210855
F03503,60,-0.0034144288812188893,-0.18552885709785638,0.4666666666666667,-0.703165543021613,9,-0.18482808084276162,0.3825607536930094
F04395,60,-0.003457858688410359,-0.1876557325286139,0.43333333333333335,-0.7167615222513272,5,-0.13516584632225204,0.5081807971979493
F01126,60,-0.003471328506639378,-0.18831427574086412,0.43333333333333335,-0.7267234799654037,8,-0.22104148350552852,0.371498368230102
F03150,60,-0.003472315700578928,-0.18836251927872816,0.4666666666666667,-0.5650285002182253,5,-0.22104148350552852,0.28419440208210855
F01685,60,-0.0034948672878311444,-0.18946383335491013,0.48333333333333334,-0.6595724242215346,5,-0.12257629437892237,0.2747720665306391
F03554,60,-0.003497036104776595,-0.18956967074529452,0.4166666666666667,-0.7099230124056184,8,-0.138573891979548,0.4788390011754617
F02673,60,-0.003509198680828407,-0.19016294779557186,0.4666666666666667,-0.6638534910218528,9,-0.1418914970550068,0.38734252869896385
F00332,60,-0.003514704201515501,-0.19043136059190968,0.5,-0.512177513466821,5,-0.22104148350552852,0.28419440208210855
F04112,60,-0.0035521600833173096,-0.1922551411234008,0.4666666666666667,-0.7444814736977906,7,-0.17281289037979,0.41108064916118847
F03048,60,-0.003572240614268018,-0.19323122674629145,0.38333333333333336,-0.4963619414311473,1,-0.12188448534315259,0.11361328260100183
F04925,60,-0.0035848792767858508,-0.19384497905125597,0.5,-0.6249868849765841,6,-0.13497340440488462,0.258703381429048
F00178,60,-0.003586152911411677,-0.19390680317729125,0.5,-0.6740871750002981,9,-0.16146852304352227,0.19594803081078316
F03816,60,-0.0035936088117371682,-0.1942686301864225,0.45,-0.499019456199857,4,-0.22104148350552852,0.28419440208210855
F00684,60,-0.003597816984480163,-0.1944727778764722,0.5166666666666667,-0.7253205132356313,9,-0.16982521237808515,0.3207608233382079
F04016,60,-0.0036124570424067655,-0.19518260300268586,0.36666666666666664,-0.7679335727998605,7,-0.14616022893714187,0.4265185793453886
F03418,60,-0.003613110538539625,-0.19521427350385423,0.4166666666666667,-0.8415457084430249,12,-0.17754088902774484,0.4425478509513471
F01296,60,-0.0036182150110798,-0.1954616103111806,0.4,-0.6690594331234099,7,-0.1221598250483204,0.3527633460823229
F03982,60,-0.00362446205753614,-0.19576420873032785,0.45,-0.7614114477246655,12,-0.16824471034670074,0.36012291765787147
F03002,60,-0.0036380520670572726,-0.19642210377943303,0.48333333333333334,-0.5404417896277154,7,-0.22104148350552852,0.28419440208210855
F02760,60,-0.003641388363836791,-0.19658353364192271,0.4166666666666667,-0.571745132747367,8,-0.22104148350552852,0.28419440208210855
F02986,60,-0.0036538457942310787,-0.19718601636087663,0.4666666666666667,-0.6260138340867943,5,-0.13087593659654714,0.31210018864381955
F00357,60,-0.0036717042379415667,-0.19804893514400612,0.43333333333333335,-0.7326931096476047,10,-0.1628105892226877,0.4248763955449456
F03027,60,-0.0036783049417058976,-0.19836764979014176,0.4666666666666667,-0.7091796920569613,9,-0.22104148350552852,0.4618805082374618
F00694,60,-0.0036794435712939086,-0.1984226158645751,0.45,-0.7110443320694944,13,-0.16198773601558208,0.24154213476091999
F01091,60,-0.0036811746144400042,-0.1985061729433616,0.43333333333333335,-0.5672673890896882,5,-0.22104148350552852,0.2841944020821086
F01170,60,-0.0036821862084981025,-0.19855499840492896,0.5,-0.6471240461137635,7,-0.22104148350552852,0.2977953711084493
F01104,60,-0.003702171273855505,-0.19951899541623364,0.4,-0.7709295405689964,10,-0.13815850920594566,0.3245845623946295
F00981,60,-0.003703184647761313,-0.19956784600281918,0.45,-0.7190230625853775,8,-0.1343749401129368,0.42267776520283123
F02565,60,-0.0037132027090233666,-0.20005061780775646,0.4666666666666667,-0.491159634950045,5,-0.22104148350552852,0.28419440208210855
F00401,60,-0.0037153056860106132,-0.20015192420247518,0.43333333333333335,-0.597169735949885,8,-0.10955545205619023,0.18891872623514533
F03065,60,-0.0037665817094652094,-0.2026181362060403,0.43333333333333335,-0.7360334516617995,9,-0.17515337015755264,0.348455174100508
F00873,60,-0.003773231300405077,-0.2029374119429015,0.4666666666666667,-0.5267201894817376,5,-0.22104148350552852,0.28419440208210855
F04781,60,-0.0037737929111869048,-0.20296437155770208,0.45,-0.7361047987489474,9,-0.1476883185566342,0.40877149202252966
F00203,60,-0.0037838446645331518,-0.20344674521736217,0.4166666666666667,-0.5655766204869875,4,-0.12745026447248511,0.16003399455633222
F00276,60,-0.0037974285072639035,-0.20409816425919092,0.4666666666666667,-0.6830944678258559,6,-0.13618752429908898,0.3695539717167471
F04959,60,-0.003805631591216257,-0.20449129297038615,0.45,-0.5899658871639569,7,-0.22104148350552852,0.34070964380024993
F03472,60,-0.003807468041850817,-0.20457927778968987,0.4,-0.5934555712026415,7,-0.22104148350552852,0.3722329926283555
F00113,60,-0.0038203764869615925,-0.20519745473034112,0.4666666666666667,-0.673200095017609,9,-0.14375461676227114,0.24569891854379777
F04294,60,-0.003836518213172363,-0.20596980667032672,0.5166666666666667,-0.6243551674119128,4,-0.22104148350552852,0.28419440208210855
F04311,60,-0.0038409084570937982,-0.20617974408213935,0.48333333333333334,-0.6594234456331058,5,-0.12526538672136683,0.2760094306621771
F04803,60,-0.003842737277876184,-0.20626718049900183,0.45,-0.7482531294908101,8,-0.17446712433557507,0.31502171557451064
F04390,60,-0.003862993557822889,-0.20723500559488206,0.5,-0.5425455137892793,5,-0.22104148350552852,0.3221538407451459
F02636,60,-0.0038800034249886605,-0.2080468238445814,0.48333333333333334,-0.5497369638531384,6,-0.22104148350552852,0.28419440208210855
F03782,60,-0.0038881192145976424,-0.20843387244271627,0.43333333333333335,-0.7074956816310751,10,-0.1392672486808611,0.41763190245872217
F00191,60,-0.0038933418932830767,-0.20868284785992697,0.38333333333333336,-0.6280598122020493,5,-0.11976835238789106,0.3215557523292342
F03188,60,-0.0039035754781215196,-0.20917047982355486,0.3333333333333333,-0.6224105665507516,4,-0.1234986830661182,0.26367855531888906
F02139,60,-0.003923393137476567,-0.21011395446374181,0.5,-0.70243274700251,5,-0.14886432330787272,0.4088401504196843
F04463,60,-0.003950129042573208,-0.21138503773551742,0.48333333333333334,-0.6336565571513549,7,-0.13164912291882924,0.23130349910914058
F01854,60,-0.003962119447855694,-0.2119544342760319,0.48333333333333334,-0.6566032024238879,5,-0.12926383310593842,0.3975204817113499
F04760,60,-0.004017367649452818,-0.21457282475194595,0.5,-0.49633518188961967,6,-0.22104148350552852,0.28419440208210855
F04185,60,-0.0040208478508461055,-0.21473747599683246,0.4166666666666667,-0.6494814216312896,8,-0.11539208631359292,0.3180178877360968
F00095,60,-0.004023343661899732,-0.2148555340109778,0.4666666666666667,-0.6712753101111847,6,-0.12109606642792071,0.3519963686034908
F02124,60,-0.004083803312851129,-0.2177100980972222,0.4666666666666667,-0.6410334423652716,10,-0.13008627929172975,0.14197563363120458
F01113,60,-0.004111490302203116,-0.21901391253746483,0.5333333333333333,-0.6128517544927484,5,-0.22104148350552852,0.3413552775654407
F03225,60,-0.004111611408456865,-0.21901961088375999,0.4,-0.6932433729113382,6,-0.12344670267448152,0.34897696167299974
F03912,60,-0.004140361960438383,-0.2203712385803276,0.45,-0.745950969224968,7,-0.20085025683889773,0.3663305074229448
F00388,60,-0.004156764919888399,-0.22114134753939452,0.3333333333333333,-0.7598339211741054,7,-0.14013690934357945,0.4661621183602046
F00848,60,-0.004175528748438552,-0.22202138062260068,0.43333333333333335,-0.7395931577704481,6,-0.14851275313902348,0.4285678342272487
F00402,60,-0.004202173044743011,-0.22326933188523612,0.45,-0.5195467919173743,5,-0.10497170973240817,0.22396415274841924
F01347,60,-0.004214555453724145,-0.223848622341437,0.4166666666666667,-0.7196233602279412,7,-0.16890386008190542,0.315787867716539
F04278,60,-0.004229759585168225,-0.22455934133754196,0.5,-0.7358032676099997,8,-0.16225081297973215,0.4885002689282912
F02536,60,-0.004230607079576695,-0.2245989387323547,0.5,-0.716503989992795,7,-0.15159595358913447,0.331993754000436
F03269,60,-0.004233345922283307,-0.22472689180564587,0.48333333333333334,-0.525891936156444,5,-0.22104148350552852,0.28419440208210855
F04407,60,-0.0042406731803702755,-0.22506910410164194,0.4166666666666667,-0.726835302891683,9,-0.1474719399772256,0.3020077424027111
F01898,60,-0.004241696806152156,-0.22511689969850346,0.5166666666666667,-0.7231276952341483,6,-0.14755611911095246,0.36626726345535965
F00824,60,-0.004263083958449993,-0.22611485552853916,0.4,-0.7643914965951895,9,-0.1600027391438344,0.39162621348018034
F01331,60,-0.00428229605098653,-0.2270102422518132,0.5,-0.5110660425422137,4,-0.22104148350552852,0.28419440208210855
F04162,60,-0.004294824375596622,-0.22759358065483548,0.48333333333333334,-0.7835994309037371,12,-0.148042637980052,0.3392578118410707
F01647,60,-0.004317052258165935,-0.2286274805189641,0.38333333333333336,-0.6671102288055952,8,-0.1297485076850452,0.3514705421946932
F04698,60,-0.00434510006187894,-0.2299301443416898,0.45,-0.693339362154616,7,-0.16390032411665745,0.20110972801689694
F02224,60,-0.004361310892492692,-0.23068206017031778,0.4166666666666667,-0.7727942063120983,10,-0.15249020816934014,0.31344179742243383
F00411,60,-0.004369381232019751,-0.23105612192655278,0.4666666666666667,-0.7422572270120609,6,-0.18555152786917206,0.26259223967208667
F01396,60,-0.004409193498540046,-0.23289881221038777,0.5,-0.6970632269596959,6,-0.14362514763032547,0.3711200146377603
F00774,60,-0.004430497968456757,-0.23388309441368516,0.43333333333333335,-0.8026289997520417,9,-0.15285060781200824,0.5841517843905986
F04923,60,-0.0044433155421915935,-0.23447467729839688,0.48333333333333334,-0.5751108417026489,3,-0.22104148350552852,0.28419440208210855
F01443,60,-0.004488511738702186,-0.23655708232945538,0.43333333333333335,-0.7183814730555016,7,-0.17126935011653238,0.40468175602425505
F00897,60,-0.004510233789086885,-0.23755593822795318,0.45,-0.7116318563722024,8,-0.1731365919416978,0.21939358342184442
F01605,60,-0.004521153370663937,-0.23805757331875999,0.48333333333333334,-0.7446614523465457,8,-0.19855066900281573,0.2463479678742582
F01892,60,-0.004542056553951128,-0.23901694038219712,0.4666666666666667,-0.7170427327903761,10,-0.19059322329573308,0.19133084837304162
F00350,60,-0.0045556931305118075,-0.23964216084603673,0.4666666666666667,-0.6762652453243543,7,-0.12275598627980415,0.3260946259666231
F02940,60,-0.004561483423050394,-0.23990748592120237,0.45,-0.7147792728256531,9,-0.16338200579380727,0.2233559384065261
F01914,60,-0.0046010774835038865,-0.24171934246278537,0.4166666666666667,-0.6944241122874872,9,-0.16607642920990495,0.22192314313809464
F01067,60,-0.0046700576059790075,-0.2448657898087866,0.45,-0.7690817008953784,8,-0.22104148350552852,0.44454548124419646
F03093,60,-0.004679666500960656,-0.24530306827963044,0.43333333333333335,-0.7219766515616816,9,-0.13747151005097702,0.3955432725105718
F04408,60,-0.004690848374573684,-0.2458116158838628,0.4,-0.5075188038093774,5,-0.22104148350552852,0.28419440208210855
F03376,60,-0.0046982682363532445,-0.24614888253602563,0.36666666666666664,-0.6728578356291989,6,-0.12950658778637072,0.2534509718315758
F02646,60,-0.004713428679876749,-0.24683753300316136,0.43333333333333335,-0.5924263425332071,7,-0.12948629715646778,0.1302807879630602
F01055,60,-0.004741435591769522,-0.24810809696178981,0.48333333333333334,-0.7537848229529034,9,-0.15278275520932286,0.305565353332209
F04430,60,-0.00476398703422385,-0.24912963558732348,0.4666666666666667,-0.5113370246919997,4,-0.22104148350552852,0.28419440208210855
F01739,60,-0.00477255228592525,-0.24951726792921125,0.45,-0.6803606187604099,9,-0.19620350311055454,0.3380151361981275
F01076,60,-0.004780049361358442,-0.24985639697072537,0.36666666666666664,-0.7059420868459075,6,-0.12244283362481963,0.37507549337948626
F03095,60,-0.004785793883208523,-0.2501161475496142,0.43333333333333335,-0.7058562884989912,8,-0.13329318563502923,0.43964648142319745
F00087,60,-0.004834170986985502,-0.25230011376663497,0.38333333333333336,-0.8123352615010845,10,-0.14778449742411975,0.42974621172639055
F00141,60,-0.004884969374598624,-0.2545866559392169,0.4166666666666667,-0.7193810330057506,8,-0.13606354086899342,0.3613161495451823
F01721,60,-0.004886941166294994,-0.2546752716601398,0.4666666666666667,-0.7118821508806722,7,-0.22104148350552852,0.324751730977506
F00998,60,-0.004888326642009371,-0.2547375311324691,0.48333333333333334,-0.7128151854464302,11,-0.1421499116795129,0.3335698249234022
F04934,60,-0.004905037354971651,-0.2554880619548435,0.4,-0.6373026113102365,5,-0.11970706936453451,0.26717319358307234
F02494,60,-0.004940125136413448,-0.25706154700576156,0.43333333333333335,-0.6638571881240121,6,-0.15354497297834996,0.2726666211945201
F01516,60,-0.004942664950177554,-0.257175316033213,0.43333333333333335,-0.7733649565462886,9,-0.1440818424463538,0.49499072716237175
F04928,60,-0.0050054774628090866,-0.25998351025031674,0.5333333333333333,-0.7456118151433544,10,-0.22104148350552852,0.3351686508868703
F02532,60,-0.005035959212199586,-0.2613425101155703,0.45,-0.7943185547260994,11,-0.18662061333804736,0.4131975811155212
F03341,60,-0.005048569311380232,-0.26190400151528526,0.4,-0.5616086542470886,5,-0.11521277192656831,0.2428831067854126
F01710,60,-0.005073263707940385,-0.26300235641665304,0.43333333333333335,-0.7375969842297236,9,-0.13891354519398735,0.3576431053385884
F04606,60,-0.005096611437249777,-0.26403933617896624,0.4166666666666667,-0.6953055758499844,7,-0.1638926783447745,0.24653979610488858
F01043,60,-0.00509924041552891,-0.26415601125349153,0.45,-0.5590352874200294,5,-0.22104148350552852,0.28419440208210855
F04786,60,-0.0051336755525934795,-0.26568257761141445,0.48333333333333334,-0.7243010453925348,7,-0.14878979439943385,0.3802116450306691
F02452,60,-0.005142547704059554,-0.2660753898864481,0.43333333333333335,-0.6941604368736589,6,-0.12641427127384874,0.2575245796058593
F00526,60,-0.00514615490277422,-0.26623503861303177,0.43333333333333335,-0.6724693690032639,7,-0.12392393966040863,0.26314322769060117
F01228,60,-0.005187631379883638,-0.2680682678224996,0.48333333333333334,-0.756888998726706,8,-0.16803913738799078,0.41903862806380715
F04920,60,-0.005200460447854759,-0.26863439049330673,0.43333333333333335,-0.78054675406946,9,-0.16940532224696542,0.44124847937757455
F04931,60,-0.00522250764842571,-0.26960628640038464,0.45,-0.6932124683585543,5,-0.1512491964368909,0.41458109293308626
F01517,60,-0.005306727668546546,-0.27330723814997837,0.48333333333333334,-0.6691072981759543,11,-0.14912865465054143,0.19769830598799135
F04965,60,-0.005322623288428022,-0.27400368126901287,0.4666666666666667,-0.6983456002069512,6,-0.18108799515959598,0.4537964206578857
F02996,60,-0.005327657735499308,-0.27422412124983375,0.4,-0.7698055981762076,11,-0.15382379193630122,0.41338156361018963
F03978,60,-0.005336195279478049,-0.2745977985620053,0.4666666666666667,-0.6394911907426808,10,-0.19672759327168662,0.414606858499502
F03795,60,-0.0053697402085221115,-0.27606418581497194,0.43333333333333335,-0.7896118762846587,8,-0.18330665032775756,0.5354077243941324
F02194,60,-0.00538848724099022,-0.27688242584003875,0.4166666666666667,-0.7614407932454124,8,-0.22104148350552852,0.36197154451760405
F00783,60,-0.005403392372426675,-0.27753233179109593,0.43333333333333335,-0.7581616826544549,6,-0.17980171479687956,0.35551160281756644
F01706,60,-0.005462968895414851,-0.2801243057542774,0.35,-0.725565655171073,6,-0.12408582796380468,0.47143844584491956
F00729,60,-0.005481022119927191,-0.2809079339283965,0.48333333333333334,-0.7280765473285986,9,-0.14406358435513558,0.23095316942015387
F01790,60,-0.005482721279368898,-0.28098164537199566,0.4166666666666667,-0.7830383885706071,8,-0.17150983181186732,0.35253402209560003
F03527,60,-0.005493732290158694,-0.28145913532995337,0.4,-0.6214705984394868,6,-0.22104148350552852,0.28419440208210855
F03393,60,-0.00549698800562415,-0.28160025894719454,0.4,-0.8290840944874643,10,-0.17441135254433957,0.3862848051780093
F01630,60,-0.005536227347855078,-0.28329900172722966,0.4166666666666667,-0.793639110592138,9,-0.18400303740293733,0.41263136269165446
F02385,60,-0.005549425815493239,-0.28386949927132576,0.36666666666666664,-0.6992125668793536,10,-0.12591225306801293,0.27338617446998786
F04234,60,-0.005561507700729222,-0.28439134157217094,0.48333333333333334,-0.6052954157475396,5,-0.22104148350552852,0.3143707136232833
F02003,60,-0.005565760178835642,-0.2845749261570787,0.4666666666666667,-0.5841447665611786,5,-0.22104148350552852,0.28419440208210855
F01872,60,-0.005580670261184545,-0.2852182465239438,0.45,-0.7122051437456671,5,-0.12275529600361623,0.32938818363382383
F03068,60,-0.0055915366980160254,-0.28568673867402383,0.4166666666666667,-0.7042530888182841,11,-0.13296330681692428,0.22671885647168724
F01943,60,-0.005599270772064593,-0.2860199991706166,0.43333333333333335,-0.6859951649415762,5,-0.12105906842519479,0.258809912477482
F02466,60,-0.005624760090545072,-0.28711724951434914,0.4666666666666667,-0.4769674018940542,4,-0.22104148350552852,0.28419440208210855
F00172,60,-0.0056581275235618855,-0.28855112687271145,0.55,-0.6942382501115694,9,-0.1370141604451522,0.22939127965879225
F01626,60,-0.005724089945643021,-0.2913773482158465,0.48333333333333334,-0.7577992364150526,7,-0.15292125741121187,0.20844830823006913
F01008,60,-0.005770316000134092,-0.29335136424394315,0.48333333333333334,-0.6905151696709271,9,-0.14348782141448357,0.28102436206841513
F00183,60,-0.005778337128770449,-0.29369334382369827,0.45,-0.7152019390005756,8,-0.1773810783580707,0.33211495785614903
F03730,60,-0.005787614590208753,-0.2940886839894511,0.4,-0.7748800498624377,11,-0.16682673482050395,0.3866173980766744
F01910,60,-0.005792697897727647,-0.2943052065255798,0.36666666666666664,-0.76919655316151,8,-0.14516651114224147,0.3540515702607969
F01163,60,-0.0058692822880290615,-0.29755941169602895,0.48333333333333334,-0.7027290287401371,7,-0.1608691154207743,0.2136080168896403
F01426,60,-0.005879807396065407,-0.29800548710622576,0.4166666666666667,-0.6817779565557819,5,-0.12467159842868068,0.4396957743728648
F04553,60,-0.005887083131355911,-0.29831368466895014,0.45,-0.720242826117692,6,-0.13869498953559767,0.2969891395869163
F04690,60,-0.005887714747519995,-0.298340433427845,0.4,-0.7516958384199361,10,-0.15112130974351315,0.3899990298010338
F01857,60,-0.0058882433971182875,-0.2983628208121215,0.43333333333333335,-0.726732427037443,9,-0.22104148350552852,0.46872333811768524
F02928,60,-0.005891912351792616,-0.2985181752621425,0.5,-0.7023941529819258,5,-0.1563834999186357,0.30272038970133636
F04478,60,-0.005929596261196739,-0.3001118674577078,0.43333333333333335,-0.7258706530737883,10,-0.15518215921435152,0.4171811556080918
F01334,60,-0.005976494771886084,-0.30209028286361794,0.35,-0.7293435414223772,6,-0.12700926231624554,0.4551653917629959
F01544,60,-0.005980224139199497,-0.3022473701131283,0.4666666666666667,-0.7775373503098041,13,-0.17769620550797496,0.41270916548426845
F03312,60,-0.006004511780570375,-0.30326955639110154,0.38333333333333336,-0.6654671760239632,4,-0.1363957269472923,0.26580684770010937
F00502,60,-0.006014618496673937,-0.3036944805574803,0.4166666666666667,-0.7386416481332624,8,-0.14976294695919187,0.31131874818066374
F02752,60,-0.006015455904133248,-0.3037296768665283,0.4666666666666667,-0.7165213585141446,7,-0.22104148350552852,0.3388852268689992
F03544,60,-0.006017590985894814,-0.3038194066242673,0.43333333333333335,-0.6942026646805675,7,-0.13404589319949287,0.3872584555211004
F04868,60,-0.006106366371591262,-0.3075402659655485,0.43333333333333335,-0.7589232303651862,7,-0.1774653703075155,0.34742435858126
F02564,60,-0.006122567721895207,-0.30821720296545285,0.45,-0.6877171094017662,9,-0.13624900322138728,0.25872839785793617
F03032,60,-0.006166669547607972,-0.31005660373487764,0.38333333333333336,-0.6997536877774573,6,-0.11720218864478607,0.3078677099220823
F03965,60,-0.00618892137516367,-0.3109828575665864,0.35,-0.6659002635979081,6,-0.11295022806203703,0.31309007837125585
F04462,60,-0.0061896209413994105,-0.31101195785314106,0.4666666666666667,-0.7383543667118118,8,-0.15232661236207273,0.3800653765453535
F00029,60,-0.006192301216085532,-0.3111234397011263,0.4666666666666667,-0.6987861696368559,7,-0.12762331561549847,0.34485826141124715
F01624,60,-0.006195719039631246,-0.3112655730138789,0.35,-0.6636933163727528,5,-0.12265660471336995,0.3024234743623963
F00222,60,-0.006225909084664722,-0.3125198018964823,0.4666666666666667,-0.5920622635218024,7,-0.11532157524905162,0.23233401988122832
F04593,60,-0.006243114100489669,-0.3132335698770464,0.43333333333333335,-0.7860650348399858,14,-0.17459817173867656,0.38059083291787166
F01282,60,-0.006250297782141463,-0.31353137668769127,0.4,-0.7069699665359519,9,-0.11547055694285865,0.3012493334903851
F04587,60,-0.006253611283590901,-0.31366869845289225,0.48333333333333334,-0.6031323717862664,4,-0.22104148350552852,0.28419440208210855
F02596,60,-0.006306053691773446,-0.3158384808392408,0.48333333333333334,-0.7034218260193108,6,-0.13594191633190092,0.17953113364502266
F02843,60,-0.006317414666698431,-0.31630764667740974,0.4666666666666667,-0.7222488556110243,11,-0.1871444391614769,0.16668366152443734
F01648,60,-0.006324802607813393,-0.31661257128181275,0.38333333333333336,-0.8072170784947408,9,-0.15615751839764824,0.4113198300525268
F03897,60,-0.006383914683774461,-0.31904751013560406,0.45,-0.7915870401954956,10,-0.22104148350552852,0.28419440208210855
F04967,60,-0.006450007301347592,-0.3217598896949153,0.5,-0.7538749061233898,7,-0.15674755929726447,0.421239723947044
F01017,60,-0.006477831615296342,-0.32289859335379667,0.45,-0.6425581831963492,7,-0.11964092791042985,0.2165749070133347
F01412,60,-0.006536073142596832,-0.32527603203339495,0.45,-0.7018576873561804,6,-0.16694838393686945,0.27329724449259984
F00575,60,-0.006686998972038506,-0.33139874466806674,0.38333333333333336,-0.6838623119699497,5,-0.16133105817203622,0.3699422394790487
F01998,60,-0.006710455795489969,-0.3323454155203688,0.48333333333333334,-0.7747069915393342,10,-0.22104148350552852,0.30607554200447695
F01545,60,-0.006710792579478501,-0.3323589978514935,0.45,-0.7410695191581609,8,-0.1346533129829324,0.4105045482078895
F03465,60,-0.006731520179102676,-0.33319440891263485,0.35,-0.8510738624347551,14,-0.18495921339324217,0.3610859624536532
F01482,60,-0.006751934656869058,-0.3340161950521492,0.5,-0.7925170062170481,7,-0.16036908330483682,0.3690927029891466
F03256,60,-0.006779883746433928,-0.3351396725897221,0.38333333333333336,-0.6937261226516733,5,-0.13194424785823589,0.3653553013277438
F04053,60,-0.006788648901415403,-0.3354916239950131,0.45,-0.7573664982063633,9,-0.14811969801129168,0.43367367151713576
F03552,60,-0.006827152313952999,-0.33703550093685997,0.38333333333333336,-0.8178656306851598,11,-0.1742787493440138,0.31717064446458026
F03916,60,-0.006892323321719341,-0.33964063864464855,0.45,-0.7551898898399952,5,-0.14786706023897833,0.3984296214466948
F04616,60,-0.006905407272157346,-0.34016244018878483,0.38333333333333336,-0.7692775255124558,11,-0.14909758074802415,0.22352329270930116
F01502,60,-0.006959767997785054,-0.342326064198609,0.43333333333333335,-0.7743926116726937,10,-0.14811969801129168,0.4759697110657469
F02424,60,-0.007024315061799902,-0.344886058659144,0.45,-0.6849479759243091,7,-0.13191026520245203,0.40778787679839207
F00312,60,-0.007031165440648627,-0.34515717499423004,0.48333333333333334,-0.6397161148847774,6,-0.22104148350552852,0.28419440208210855
F04539,60,-0.00715836406071103,-0.3501712970455002,0.4,-0.7454888964731086,6,-0.1321373419188407,0.4575225982427709
F02774,60,-0.007159174222040829,-0.35020311199327203,0.4166666666666667,-0.7471357501139084,6,-0.14625728349331535,0.346565714739381
F01504,60,-0.0071983957606819495,-0.35174150696367046,0.4,-0.7507431461182438,6,-0.14830363583622153,0.3695066100478122
F04184,60,-0.007231620015589529,-0.3530418668573919,0.43333333333333335,-0.8149751195030526,10,-0.16037702728061512,0.3285592298882238
F00916,60,-0.007253038928627664,-0.35387881882483796,0.4666666666666667,-0.7419842111918282,5,-0.15796228304088816,0.3569870312259785
F01004,60,-0.007342864584458258,-0.3573772095570098,0.45,-0.7587495064833074,9,-0.13552658550878513,0.34270406761216765
F04458,60,-0.007374140828153554,-0.35859093117237206,0.45,-0.8130296534536257,10,-0.20592369577175765,0.4389993857280083
F03328,60,-0.007503239990334534,-0.363577007395813,0.4166666666666667,-0.8041750408046635,9,-0.14932955548051255,0.44295366006137604
F04944,60,-0.007546283353920467,-0.3652309433908498,0.48333333333333334,-0.769527127781986,10,-0.1801206125800466,0.18579137045552604
F01920,60,-0.007597032064361094,-0.36717552771286854,0.4,-0.737855276094264,5,-0.14227099694491904,0.3382489210514924
F04377,60,-0.007614553316344325,-0.36784554409302284,0.43333333333333335,-0.7479530685813387,7,-0.12948730228759342,0.288679383228277
F02902,60,-0.007661351525326832,-0.3696316995953701,0.4166666666666667,-0.6573865676661506,6,-0.22104148350552852,0.3495970087524098
F04841,60,-0.007673058626695616,-0.3700777500137522,0.4166666666666667,-0.8009232540891508,9,-0.17446294950752111,0.4678942177223832
F00716,60,-0.007683144176553448,-0.3704617690835279,0.36666666666666664,-0.7777981529322882,7,-0.15027556330259625,0.47147422391976923
F02492,60,-0.00788668493400168,-0.3781628016083437,0.43333333333333335,-0.7845322831497773,8,-0.17785084561589395,0.24475469788814383
F03957,60,-0.00792800385763954,-0.379714767592892,0.4666666666666667,-0.7835202511204032,8,-0.18494343167945787,0.45817934873149235
F00461,60,-0.007972566614794202,-0.38138430512499866,0.4,-0.7140455537454748,10,-0.12991903831888482,0.19821675197180974
F03017,60,-0.00798248741710175,-0.3817553848107196,0.36666666666666664,-0.6995602433831314,5,-0.12503210475556475,0.29146672316275435
F01809,60,-0.008027499668341988,-0.38343628445636235,0.43333333333333335,-0.7556600996491715,5,-0.14529487583455344,0.37246685920909306
F04122,60,-0.008054309583673742,-0.3844353150921336,0.5166666666666667,-0.7260433313658095,6,-0.14973742329936798,0.3933271185501083
F01401,60,-0.008132862039579015,-0.3873532972128799,0.45,-0.8071227045442868,9,-0.20001144517251726,0.41284182979744644
F01908,60,-0.00832695548159135,-0.3945050732542402,0.45,-0.8006721850073576,12,-0.1673940960937994,0.48688749930666864
F03221,60,-0.008576797054684141,-0.4035902611757184,0.4166666666666667,-0.7619647925101325,7,-0.1655212313123709,0.37620823151776284
F01164,60,-0.008625242526312535,-0.40533634138089825,0.4166666666666667,-0.7303727359978529,6,-0.14358343230128878,0.26916527344663044
F04608,60,-0.008729637680910236,-0.40908190062443206,0.4166666666666667,-0.7868611838765845,9,-0.14786423871805507,0.34017861759895457
F03870,60,-0.008739429592638456,-0.4094320290419803,0.35,-0.7441361941762351,7,-0.12174409764673706,0.30175943826176016
F03737,60,-0.008750430443253797,-0.40982514203750375,0.43333333333333335,-0.7390115224848233,7,-0.152327231311097,0.34743879456870835
F02441,60,-0.008804226751745239,-0.4117438385468145,0.4,-0.7986440145630683,10,-0.22104148350552852,0.4079389204741247
F01048,60,-0.008833395644353806,-0.41278160891016225,0.4666666666666667,-0.7357241089497457,5,-0.18417282665076434,0.22257919246604818
F01979,60,-0.008854041043946386,-0.413515042333333,0.4,-0.783062708347339,8,-0.14064126064865956,0.33898308103568997
F03950,60,-0.008959125183594518,-0.4172342464563342,0.3333333333333333,-0.7367653251095366,7,-0.12678568882057223,0.34693227863738907
F04091,60,-0.00899353504589356,-0.41844705396606263,0.38333333333333336,-0.7761612327356787,8,-0.13542276566804776,0.3705584847752094
F03261,60,-0.009066283675405027,-0.4210029822532584,0.36666666666666664,-0.7233583194250806,6,-0.13357692097775314,0.3508598747721306
F02878,60,-0.009221930257310856,-0.42643438076131834,0.5,-0.7803457415557714,11,-0.17536783935039663,0.3623426520171333
F00238,60,-0.009266692362938702,-0.42798708875118086,0.4666666666666667,-0.8039961824146595,8,-0.1656682934364321,0.4456147736380993
F01310,60,-0.009272347046600354,-0.42818294413341274,0.38333333333333336,-0.7310283475702074,7,-0.15310135243930073,0.3493684736675282
F04035,60,-0.009466588450509354,-0.43487079046299404,0.43333333333333335,-0.7241193099622487,4,-0.13404779025413657,0.2269437320553766
F01703,60,-0.00947998298630639,-0.4353291268188937,0.4,-0.791205829369605,8,-0.16230575140288842,0.3851310633597669
F01110,60,-0.009568190418470665,-0.43833830652183803,0.4,-0.77569905811808,7,-0.1548759883472227,0.3684427067818471
F01089,60,-0.009638108465034661,-0.4407123388699562,0.36666666666666664,-0.7501024055754665,6,-0.13377735843508085,0.3780644984069541
F03923,60,-0.009757146932877677,-0.44473154998852515,0.45,-0.7379777181092977,9,-0.15220260558658893,0.19875939766706674
F01304,60,-0.009812219362241878,-0.4465813910904496,0.45,-0.8219399824678528,9,-0.20767722456918686,0.42603049004289856
F03134,60,-0.010088143031359666,-0.45575860564861714,0.38333333333333336,-0.752088501761462,9,-0.14046756861939555,0.2411185844910028
F00196,60,-0.010327961198742913,-0.46361327730349555,0.45,-0.7367475888349133,6,-0.17577378114523054,0.13500753203101873
F03388,60,-0.010577187555798206,-0.47165796764721735,0.4,-0.7630576928000781,6,-0.16794441890844142,0.3938915584564536
F01577,60,-0.010643676574816668,-0.47378401895536093,0.35,-0.7931520116381272,8,-0.13743204699319442,0.36898939097447275
F02868,60,-0.010687158057112556,-0.4751698297501251,0.38333333333333336,-0.7600425702967082,5,-0.12675550374860783,0.3622145968577118
F00386,60,-0.010715303623673374,-0.4760649511745543,0.43333333333333335,-0.7323186130838059,9,-0.1913986116850944,0.24217899115086516
F04302,60,-0.010775997850862166,-0.47799012079750425,0.4,-0.7341315672731752,5,-0.18357210783091338,0.41010511560082075
F00995,60,-0.010780354883076942,-0.4781280542701962,0.35,-0.7731718622939494,9,-0.13359847038031936,0.33272342473021566
F01800,60,-0.011353897698252832,-0.49597565881974504,0.45,-0.7983052484737978,8,-0.16200281086392337,0.3598083659474083
F00905,60,-0.01136480889937986,-0.49630931031431513,0.4,-0.8450886011123642,10,-0.19213413439577534,0.42881016605295097
F01734,60,-0.011501794905664449,-0.5004797442281201,0.43333333333333335,-0.78322955577557,5,-0.19072656888362588,0.2682040093164165
F03407,60,-0.011508479931378482,-0.5006823934361742,0.36666666666666664,-0.7899195226919538,7,-0.1486919881572214,0.4050396432240771
F01749,60,-0.011656423982893358,-0.5051465202752456,0.35,-0.7996481817432419,5,-0.13154281972351978,0.3713142616789235
F00552,60,-0.01369105429251597,-0.5627011567771818,0.36666666666666664,-0.7865630062725717,6,-0.16399735514784136,0.2555090186602513
F03108,60,-0.01406681814362781,-0.5725857576178823,0.36666666666666664,-0.8100925749559836,7,-0.1739226035414448,0.299229965274204
F04373,60,-0.01407769335792239,-0.5728685379952922,0.31666666666666665,-0.813040743008538,7,-0.14238160023179203,0.36044125004631583
